hospital_group,fin_market,flagged_in_cohort,reason,bootstrap_flag_pct,icm_cohort,year,hce_admit_month,case_count,md_reviewed_cnt,initial_adr_cnt,persistent_adr_cnt,p2p_ovrtn_cnt
HCA INC,FL,All,Initial ADR Count (HIGH) (2025),99.0%,ICM-owned,2025,202501,2719,1815,1302,643,601
HCA INC,FL,All,Initial ADR Count (HIGH) (2025),99.0%,ICM-owned,2025,202502,2302,1602,1130,541,521
HCA INC,FL,All,Initial ADR Count (HIGH) (2025),99.0%,ICM-owned,2025,202503,2532,1858,1245,610,595
HCA INC,FL,All,Initial ADR Count (HIGH) (2025),99.0%,ICM-owned,2025,202504,2500,1952,1291,632,602
HCA INC,FL,All,Initial ADR Count (HIGH) (2025),99.0%,ICM-owned,2025,202505,2511,1987,1177,645,481
HCA INC,FL,All,Initial ADR Count (HIGH) (2025),99.0%,ICM-owned,2025,202506,2455,1967,1176,606,511
HCA INC,FL,All,Initial ADR Count (HIGH) (2025),99.0%,ICM-owned,2025,202507,2475,1989,1177,607,515
HCA INC,FL,All,Initial ADR Count (HIGH) (2025),99.0%,ICM-owned,2025,202508,2519,2071,1187,583,553
HCA INC,FL,All,Initial ADR Count (HIGH) (2025),99.0%,ICM-owned,2025,202509,2465,1973,1153,577,508
HCA INC,FL,All,Initial ADR Count (HIGH) (2025),99.0%,ICM-owned,2025,202510,2521,1995,1183,581,532
HCA INC,FL,All,Initial ADR Count (HIGH) (2025),99.0%,ICM-owned,2025,202511,2547,1829,999,515,431
HCA INC,FL,All,Initial ADR Count (HIGH) (2025),99.0%,ICM-owned,2025,202512,2629,2157,1016,495,453
HCA INC,FL,All,Initial ADR Count (HIGH) (2025),99.0%,ICM-owned,2026,202601,2757,2417,1198,561,575
HCA INC,FL,All,Initial ADR Count (HIGH) (2025),99.0%,ICM-owned,2026,202602,2533,2222,1139,572,507
HCA INC,FL,All,Initial ADR Count (HIGH) (2025),99.0%,ICM-owned,2026,202603,2600,2225,1211,625,537
HCA INC,FL,All,Initial ADR Count (HIGH) (2025),99.0%,ICM-owned,2026,202604,2527,2142,1116,582,496
HCA INC,FL,All,Initial ADR Count (HIGH) (2025),99.0%,ICM-owned,2026,202605,2722,2232,1399,707,669
HCA INC,FL,All,Initial ADR Count (HIGH) (2025),99.0%,ICM-owned,2026,202606,1777,1364,848,519,288
HCA INC,FL,All,Initial ADR Count (HIGH) (2025),99.0%,Non-ICM,2025,202501,143,0,3,2,0
HCA INC,FL,All,Initial ADR Count (HIGH) (2025),99.0%,Non-ICM,2025,202502,192,0,5,3,0
HCA INC,FL,All,Initial ADR Count (HIGH) (2025),99.0%,Non-ICM,2025,202503,173,0,1,0,0
HCA INC,FL,All,Initial ADR Count (HIGH) (2025),99.0%,Non-ICM,2025,202504,192,0,2,1,0
HCA INC,FL,All,Initial ADR Count (HIGH) (2025),99.0%,Non-ICM,2025,202505,152,0,3,1,0
HCA INC,FL,All,Initial ADR Count (HIGH) (2025),99.0%,Non-ICM,2025,202506,157,0,1,0,0
HCA INC,FL,All,Initial ADR Count (HIGH) (2025),99.0%,Non-ICM,2025,202507,196,0,3,0,0
HCA INC,FL,All,Initial ADR Count (HIGH) (2025),99.0%,Non-ICM,2025,202508,166,0,1,0,0
HCA INC,FL,All,Initial ADR Count (HIGH) (2025),99.0%,Non-ICM,2025,202509,201,0,2,0,0
HCA INC,FL,All,Initial ADR Count (HIGH) (2025),99.0%,Non-ICM,2025,202510,186,0,3,0,0
HCA INC,FL,All,Initial ADR Count (HIGH) (2025),99.0%,Non-ICM,2025,202511,169,0,1,0,0
HCA INC,FL,All,Initial ADR Count (HIGH) (2025),99.0%,Non-ICM,2025,202512,163,0,1,0,0
HCA INC,FL,All,Initial ADR Count (HIGH) (2025),99.0%,Non-ICM,2026,202601,140,0,2,0,0
HCA INC,FL,All,Initial ADR Count (HIGH) (2025),99.0%,Non-ICM,2026,202602,148,0,1,0,0
HCA INC,FL,All,Initial ADR Count (HIGH) (2025),99.0%,Non-ICM,2026,202603,167,0,1,0,0
HCA INC,FL,All,Initial ADR Count (HIGH) (2025),99.0%,Non-ICM,2026,202604,164,0,2,0,0
HCA INC,FL,All,Initial ADR Count (HIGH) (2025),99.0%,Non-ICM,2026,202605,140,0,1,0,0
HCA INC,FL,All,Initial ADR Count (HIGH) (2025),99.0%,Non-ICM,2026,202606,110,1,1,0,0
HCA INC,FL,All,Initial ADR Count (HIGH) (2025),99.0%,,2026,202606,97,6,1,1,0
Adventist Health System Florida,FL,All,Initial ADR Count (HIGH) (2025),88.5%,ICM-owned,2025,202501,1446,958,656,350,295
Adventist Health System Florida,FL,All,Initial ADR Count (HIGH) (2025),88.5%,ICM-owned,2025,202502,1305,840,629,344,274
Adventist Health System Florida,FL,All,Initial ADR Count (HIGH) (2025),88.5%,ICM-owned,2025,202503,1297,858,618,334,270
Adventist Health System Florida,FL,All,Initial ADR Count (HIGH) (2025),88.5%,ICM-owned,2025,202504,1198,863,583,324,253
Adventist Health System Florida,FL,All,Initial ADR Count (HIGH) (2025),88.5%,ICM-owned,2025,202505,1303,916,596,353,232
Adventist Health System Florida,FL,All,Initial ADR Count (HIGH) (2025),88.5%,ICM-owned,2025,202506,1284,952,620,357,247
Adventist Health System Florida,FL,All,Initial ADR Count (HIGH) (2025),88.5%,ICM-owned,2025,202507,1323,1015,592,329,247
Adventist Health System Florida,FL,All,Initial ADR Count (HIGH) (2025),88.5%,ICM-owned,2025,202508,1353,1053,580,316,239
Adventist Health System Florida,FL,All,Initial ADR Count (HIGH) (2025),88.5%,ICM-owned,2025,202509,1373,1046,559,298,234
Adventist Health System Florida,FL,All,Initial ADR Count (HIGH) (2025),88.5%,ICM-owned,2025,202510,1394,1051,593,282,294
Adventist Health System Florida,FL,All,Initial ADR Count (HIGH) (2025),88.5%,ICM-owned,2025,202511,1304,843,455,218,224
Adventist Health System Florida,FL,All,Initial ADR Count (HIGH) (2025),88.5%,ICM-owned,2025,202512,1447,1111,484,242,225
Adventist Health System Florida,FL,All,Initial ADR Count (HIGH) (2025),88.5%,ICM-owned,2026,202601,1490,1230,588,287,255
Adventist Health System Florida,FL,All,Initial ADR Count (HIGH) (2025),88.5%,ICM-owned,2026,202602,1351,1122,601,290,276
Adventist Health System Florida,FL,All,Initial ADR Count (HIGH) (2025),88.5%,ICM-owned,2026,202603,1504,1256,667,322,307
Adventist Health System Florida,FL,All,Initial ADR Count (HIGH) (2025),88.5%,ICM-owned,2026,202604,1460,1226,639,320,285
Adventist Health System Florida,FL,All,Initial ADR Count (HIGH) (2025),88.5%,ICM-owned,2026,202605,1410,1048,598,288,290
Adventist Health System Florida,FL,All,Initial ADR Count (HIGH) (2025),88.5%,ICM-owned,2026,202606,941,699,416,225,168
Adventist Health System Florida,FL,All,Initial ADR Count (HIGH) (2025),88.5%,Non-ICM,2025,202501,99,0,1,1,0
Adventist Health System Florida,FL,All,Initial ADR Count (HIGH) (2025),88.5%,Non-ICM,2025,202502,132,0,2,1,0
Adventist Health System Florida,FL,All,Initial ADR Count (HIGH) (2025),88.5%,Non-ICM,2025,202503,119,0,1,1,0
Adventist Health System Florida,FL,All,Initial ADR Count (HIGH) (2025),88.5%,Non-ICM,2025,202504,128,0,4,0,0
Adventist Health System Florida,FL,All,Initial ADR Count (HIGH) (2025),88.5%,Non-ICM,2025,202505,122,0,4,0,0
Adventist Health System Florida,FL,All,Initial ADR Count (HIGH) (2025),88.5%,Non-ICM,2025,202506,131,0,3,0,0
Adventist Health System Florida,FL,All,Initial ADR Count (HIGH) (2025),88.5%,Non-ICM,2025,202507,121,0,1,0,0
Adventist Health System Florida,FL,All,Initial ADR Count (HIGH) (2025),88.5%,Non-ICM,2025,202508,138,0,1,1,0
Adventist Health System Florida,FL,All,Initial ADR Count (HIGH) (2025),88.5%,Non-ICM,2025,202509,119,0,0,0,0
Adventist Health System Florida,FL,All,Initial ADR Count (HIGH) (2025),88.5%,Non-ICM,2025,202510,133,0,1,0,0
Adventist Health System Florida,FL,All,Initial ADR Count (HIGH) (2025),88.5%,Non-ICM,2025,202511,101,0,2,0,0
Adventist Health System Florida,FL,All,Initial ADR Count (HIGH) (2025),88.5%,Non-ICM,2025,202512,133,0,2,1,0
Adventist Health System Florida,FL,All,Initial ADR Count (HIGH) (2025),88.5%,Non-ICM,2026,202601,133,0,0,0,0
Adventist Health System Florida,FL,All,Initial ADR Count (HIGH) (2025),88.5%,Non-ICM,2026,202602,129,0,1,0,0
Adventist Health System Florida,FL,All,Initial ADR Count (HIGH) (2025),88.5%,Non-ICM,2026,202603,116,0,0,0,0
Adventist Health System Florida,FL,All,Initial ADR Count (HIGH) (2025),88.5%,Non-ICM,2026,202604,120,0,2,0,0
Adventist Health System Florida,FL,All,Initial ADR Count (HIGH) (2025),88.5%,Non-ICM,2026,202605,125,0,3,0,0
Adventist Health System Florida,FL,All,Initial ADR Count (HIGH) (2025),88.5%,Non-ICM,2026,202606,80,0,0,0,0
Adventist Health System Florida,FL,All,Initial ADR Count (HIGH) (2025),88.5%,,2025,202508,1,0,0,0,0
Adventist Health System Florida,FL,All,Initial ADR Count (HIGH) (2025),88.5%,,2026,202606,69,10,2,2,0
Atrium Health System,NC,All,Member Appeal Rate (HIGH) (2026),100.0%,ICM-owned,2025,202501,1198,886,396,178,196
Atrium Health System,SC,All,Member Appeal Rate (HIGH) (2026),100.0%,ICM-owned,2025,202501,49,31,7,4,3
Atrium Health System,SC,All,Member Appeal Rate (HIGH) (2026),100.0%,ICM-owned,2025,202502,50,39,19,7,12
Atrium Health System,NC,All,Member Appeal Rate (HIGH) (2026),100.0%,ICM-owned,2025,202502,1183,898,373,165,196
Atrium Health System,SC,All,Member Appeal Rate (HIGH) (2026),100.0%,ICM-owned,2025,202503,50,32,20,9,9
Atrium Health System,NC,All,Member Appeal Rate (HIGH) (2026),100.0%,ICM-owned,2025,202503,1261,922,435,200,216
Atrium Health System,NC,All,Member Appeal Rate (HIGH) (2026),100.0%,ICM-owned,2025,202504,1197,945,462,238,212
Atrium Health System,SC,All,Member Appeal Rate (HIGH) (2026),100.0%,ICM-owned,2025,202504,40,27,11,4,7
Atrium Health System,SC,All,Member Appeal Rate (HIGH) (2026),100.0%,ICM-owned,2025,202505,52,37,12,6,6
Atrium Health System,NC,All,Member Appeal Rate (HIGH) (2026),100.0%,ICM-owned,2025,202505,1253,959,438,205,219
Atrium Health System,SC,All,Member Appeal Rate (HIGH) (2026),100.0%,ICM-owned,2025,202506,59,41,17,11,6
Atrium Health System,NC,All,Member Appeal Rate (HIGH) (2026),100.0%,ICM-owned,2025,202506,1170,887,351,195,144
Atrium Health System,NC,All,Member Appeal Rate (HIGH) (2026),100.0%,ICM-owned,2025,202507,1202,905,425,219,195
Atrium Health System,SC,All,Member Appeal Rate (HIGH) (2026),100.0%,ICM-owned,2025,202507,60,39,15,7,7
Atrium Health System,NC,All,Member Appeal Rate (HIGH) (2026),100.0%,ICM-owned,2025,202508,1227,931,425,235,180
Atrium Health System,SC,All,Member Appeal Rate (HIGH) (2026),100.0%,ICM-owned,2025,202508,57,41,17,10,7
Atrium Health System,SC,All,Member Appeal Rate (HIGH) (2026),100.0%,ICM-owned,2025,202509,50,36,21,12,7
Atrium Health System,NC,All,Member Appeal Rate (HIGH) (2026),100.0%,ICM-owned,2025,202509,1252,980,443,226,202
Atrium Health System,NC,All,Member Appeal Rate (HIGH) (2026),100.0%,ICM-owned,2025,202510,1196,937,426,231,190
Atrium Health System,SC,All,Member Appeal Rate (HIGH) (2026),100.0%,ICM-owned,2025,202510,56,43,16,10,6
Atrium Health System,NC,All,Member Appeal Rate (HIGH) (2026),100.0%,ICM-owned,2025,202511,1239,983,363,183,171
Atrium Health System,SC,All,Member Appeal Rate (HIGH) (2026),100.0%,ICM-owned,2025,202511,65,58,18,11,7
Atrium Health System,NC,All,Member Appeal Rate (HIGH) (2026),100.0%,ICM-owned,2025,202512,1390,1078,361,199,151
Atrium Health System,SC,All,Member Appeal Rate (HIGH) (2026),100.0%,ICM-owned,2025,202512,77,53,14,8,6
Atrium Health System,SC,All,Member Appeal Rate (HIGH) (2026),100.0%,ICM-owned,2026,202601,50,37,8,2,4
Atrium Health System,NC,All,Member Appeal Rate (HIGH) (2026),100.0%,ICM-owned,2026,202601,1129,914,363,121,159
Atrium Health System,NC,All,Member Appeal Rate (HIGH) (2026),100.0%,ICM-owned,2026,202602,985,813,360,77,3
Atrium Health System,SC,All,Member Appeal Rate (HIGH) (2026),100.0%,ICM-owned,2026,202602,49,43,14,1,0
Atrium Health System,SC,All,Member Appeal Rate (HIGH) (2026),100.0%,ICM-owned,2026,202603,51,40,15,4,0
Atrium Health System,NC,All,Member Appeal Rate (HIGH) (2026),100.0%,ICM-owned,2026,202603,1096,946,380,92,2
Atrium Health System,SC,All,Member Appeal Rate (HIGH) (2026),100.0%,ICM-owned,2026,202604,42,32,8,3,0
Atrium Health System,NC,All,Member Appeal Rate (HIGH) (2026),100.0%,ICM-owned,2026,202604,1036,956,403,90,1
Atrium Health System,SC,All,Member Appeal Rate (HIGH) (2026),100.0%,ICM-owned,2026,202605,33,31,11,2,0
Atrium Health System,NC,All,Member Appeal Rate (HIGH) (2026),100.0%,ICM-owned,2026,202605,1074,907,381,86,1
Atrium Health System,SC,All,Member Appeal Rate (HIGH) (2026),100.0%,ICM-owned,2026,202606,30,16,7,2,0
Atrium Health System,NC,All,Member Appeal Rate (HIGH) (2026),100.0%,ICM-owned,2026,202606,732,493,255,121,0
Atrium Health System,SC,All,Member Appeal Rate (HIGH) (2026),100.0%,Non-ICM,2025,202501,6,0,0,0,0
Atrium Health System,NC,All,Member Appeal Rate (HIGH) (2026),100.0%,Non-ICM,2025,202501,85,0,0,0,0
Atrium Health System,NC,All,Member Appeal Rate (HIGH) (2026),100.0%,Non-ICM,2025,202502,83,0,0,0,0
Atrium Health System,SC,All,Member Appeal Rate (HIGH) (2026),100.0%,Non-ICM,2025,202502,5,0,0,0,0
Atrium Health System,NC,All,Member Appeal Rate (HIGH) (2026),100.0%,Non-ICM,2025,202503,88,0,0,0,0
Atrium Health System,SC,All,Member Appeal Rate (HIGH) (2026),100.0%,Non-ICM,2025,202503,5,0,0,0,0
Atrium Health System,SC,All,Member Appeal Rate (HIGH) (2026),100.0%,Non-ICM,2025,202504,2,0,0,0,0
Atrium Health System,NC,All,Member Appeal Rate (HIGH) (2026),100.0%,Non-ICM,2025,202504,112,0,0,0,0
Atrium Health System,SC,All,Member Appeal Rate (HIGH) (2026),100.0%,Non-ICM,2025,202505,5,0,0,0,0
Atrium Health System,NC,All,Member Appeal Rate (HIGH) (2026),100.0%,Non-ICM,2025,202505,80,0,0,0,0
Atrium Health System,NC,All,Member Appeal Rate (HIGH) (2026),100.0%,Non-ICM,2025,202506,83,0,0,0,0
Atrium Health System,SC,All,Member Appeal Rate (HIGH) (2026),100.0%,Non-ICM,2025,202506,6,0,0,0,0
Atrium Health System,NC,All,Member Appeal Rate (HIGH) (2026),100.0%,Non-ICM,2025,202507,118,0,0,0,0
Atrium Health System,SC,All,Member Appeal Rate (HIGH) (2026),100.0%,Non-ICM,2025,202507,8,0,0,0,0
Atrium Health System,SC,All,Member Appeal Rate (HIGH) (2026),100.0%,Non-ICM,2025,202508,15,0,0,0,0
Atrium Health System,NC,All,Member Appeal Rate (HIGH) (2026),100.0%,Non-ICM,2025,202508,86,0,0,0,0
Atrium Health System,SC,All,Member Appeal Rate (HIGH) (2026),100.0%,Non-ICM,2025,202509,1,0,0,0,0
Atrium Health System,NC,All,Member Appeal Rate (HIGH) (2026),100.0%,Non-ICM,2025,202509,93,0,2,1,0
Atrium Health System,SC,All,Member Appeal Rate (HIGH) (2026),100.0%,Non-ICM,2025,202510,1,0,0,0,0
Atrium Health System,NC,All,Member Appeal Rate (HIGH) (2026),100.0%,Non-ICM,2025,202510,93,0,1,1,0
Atrium Health System,NC,All,Member Appeal Rate (HIGH) (2026),100.0%,Non-ICM,2025,202511,91,0,0,0,0
Atrium Health System,SC,All,Member Appeal Rate (HIGH) (2026),100.0%,Non-ICM,2025,202511,5,0,0,0,0
Atrium Health System,NC,All,Member Appeal Rate (HIGH) (2026),100.0%,Non-ICM,2025,202512,98,0,1,1,0
Atrium Health System,SC,All,Member Appeal Rate (HIGH) (2026),100.0%,Non-ICM,2025,202512,4,0,0,0,0
Atrium Health System,SC,All,Member Appeal Rate (HIGH) (2026),100.0%,Non-ICM,2026,202601,5,0,0,0,0
Atrium Health System,NC,All,Member Appeal Rate (HIGH) (2026),100.0%,Non-ICM,2026,202601,84,0,1,1,0
Atrium Health System,SC,All,Member Appeal Rate (HIGH) (2026),100.0%,Non-ICM,2026,202602,2,0,0,0,0
Atrium Health System,NC,All,Member Appeal Rate (HIGH) (2026),100.0%,Non-ICM,2026,202602,146,0,0,0,0
Atrium Health System,NC,All,Member Appeal Rate (HIGH) (2026),100.0%,Non-ICM,2026,202603,117,0,1,1,0
Atrium Health System,SC,All,Member Appeal Rate (HIGH) (2026),100.0%,Non-ICM,2026,202603,3,0,0,0,0
Atrium Health System,SC,All,Member Appeal Rate (HIGH) (2026),100.0%,Non-ICM,2026,202604,4,0,0,0,0
Atrium Health System,NC,All,Member Appeal Rate (HIGH) (2026),100.0%,Non-ICM,2026,202604,60,0,0,0,0
Atrium Health System,NC,All,Member Appeal Rate (HIGH) (2026),100.0%,Non-ICM,2026,202605,47,0,0,0,0
Atrium Health System,SC,All,Member Appeal Rate (HIGH) (2026),100.0%,Non-ICM,2026,202605,2,0,0,0,0
Atrium Health System,NC,All,Member Appeal Rate (HIGH) (2026),100.0%,Non-ICM,2026,202606,47,1,0,0,0
Atrium Health System,SC,All,Member Appeal Rate (HIGH) (2026),100.0%,Non-ICM,2026,202606,2,0,0,0,0
Atrium Health System,NC,All,Member Appeal Rate (HIGH) (2026),100.0%,,2026,202606,63,4,0,0,0
Atrium Health System,SC,All,Member Appeal Rate (HIGH) (2026),100.0%,,2026,202606,2,0,0,0,0
Novant Health System,NC,All,Initial ADR Count (HIGH) (2025),100.0%,ICM-owned,2025,202501,1211,936,332,227,18
Novant Health System,NC,All,Initial ADR Count (HIGH) (2025),100.0%,ICM-owned,2025,202502,1151,902,371,246,18
Novant Health System,NC,All,Initial ADR Count (HIGH) (2025),100.0%,ICM-owned,2025,202503,1260,1000,360,275,16
Novant Health System,NC,All,Initial ADR Count (HIGH) (2025),100.0%,ICM-owned,2025,202504,1164,989,360,231,23
Novant Health System,NC,All,Initial ADR Count (HIGH) (2025),100.0%,ICM-owned,2025,202505,1266,1082,459,325,16
Novant Health System,NC,All,Initial ADR Count (HIGH) (2025),100.0%,ICM-owned,2025,202506,1196,1026,455,330,26
Novant Health System,NC,All,Initial ADR Count (HIGH) (2025),100.0%,ICM-owned,2025,202507,1211,1063,494,350,43
Novant Health System,NC,All,Initial ADR Count (HIGH) (2025),100.0%,ICM-owned,2025,202508,1227,1064,543,383,50
Novant Health System,NC,All,Initial ADR Count (HIGH) (2025),100.0%,ICM-owned,2025,202509,1228,1054,527,384,42
Novant Health System,NC,All,Initial ADR Count (HIGH) (2025),100.0%,ICM-owned,2025,202510,1263,1069,514,346,38
Novant Health System,NC,All,Initial ADR Count (HIGH) (2025),100.0%,ICM-owned,2025,202511,1171,995,391,272,25
Novant Health System,NC,All,Initial ADR Count (HIGH) (2025),100.0%,ICM-owned,2025,202512,1320,1115,426,316,34
Novant Health System,NC,All,Initial ADR Count (HIGH) (2025),100.0%,ICM-owned,2026,202601,1080,935,357,258,33
Novant Health System,NC,All,Initial ADR Count (HIGH) (2025),100.0%,ICM-owned,2026,202602,1002,880,390,270,29
Novant Health System,NC,All,Initial ADR Count (HIGH) (2025),100.0%,ICM-owned,2026,202603,1038,906,331,235,36
Novant Health System,NC,All,Initial ADR Count (HIGH) (2025),100.0%,ICM-owned,2026,202604,1018,922,362,255,47
Novant Health System,NC,All,Initial ADR Count (HIGH) (2025),100.0%,ICM-owned,2026,202605,1107,924,368,250,49
Novant Health System,NC,All,Initial ADR Count (HIGH) (2025),100.0%,ICM-owned,2026,202606,801,619,244,180,19
Novant Health System,NC,All,Initial ADR Count (HIGH) (2025),100.0%,Non-ICM,2025,202501,67,0,0,0,0
Novant Health System,NC,All,Initial ADR Count (HIGH) (2025),100.0%,Non-ICM,2025,202502,113,0,1,0,0
Novant Health System,NC,All,Initial ADR Count (HIGH) (2025),100.0%,Non-ICM,2025,202503,124,0,1,1,0
Novant Health System,NC,All,Initial ADR Count (HIGH) (2025),100.0%,Non-ICM,2025,202504,126,0,2,2,0
Novant Health System,NC,All,Initial ADR Count (HIGH) (2025),100.0%,Non-ICM,2025,202505,106,0,0,0,0
Novant Health System,NC,All,Initial ADR Count (HIGH) (2025),100.0%,Non-ICM,2025,202506,104,0,2,2,0
Novant Health System,NC,All,Initial ADR Count (HIGH) (2025),100.0%,Non-ICM,2025,202507,104,0,0,0,0
Novant Health System,NC,All,Initial ADR Count (HIGH) (2025),100.0%,Non-ICM,2025,202508,100,0,3,2,0
Novant Health System,NC,All,Initial ADR Count (HIGH) (2025),100.0%,Non-ICM,2025,202509,103,0,3,2,0
Novant Health System,NC,All,Initial ADR Count (HIGH) (2025),100.0%,Non-ICM,2025,202510,96,0,2,1,0
Novant Health System,NC,All,Initial ADR Count (HIGH) (2025),100.0%,Non-ICM,2025,202511,90,0,1,0,0
Novant Health System,NC,All,Initial ADR Count (HIGH) (2025),100.0%,Non-ICM,2025,202512,112,0,1,0,0
Novant Health System,NC,All,Initial ADR Count (HIGH) (2025),100.0%,Non-ICM,2026,202601,71,0,0,0,0
Novant Health System,NC,All,Initial ADR Count (HIGH) (2025),100.0%,Non-ICM,2026,202602,80,0,1,1,0
Novant Health System,NC,All,Initial ADR Count (HIGH) (2025),100.0%,Non-ICM,2026,202603,69,0,1,0,0
Novant Health System,NC,All,Initial ADR Count (HIGH) (2025),100.0%,Non-ICM,2026,202604,79,0,2,1,0
Novant Health System,NC,All,Initial ADR Count (HIGH) (2025),100.0%,Non-ICM,2026,202605,73,0,0,0,0
Novant Health System,NC,All,Initial ADR Count (HIGH) (2025),100.0%,Non-ICM,2026,202606,56,0,1,0,0
Novant Health System,NC,All,Initial ADR Count (HIGH) (2025),100.0%,,2026,202606,41,7,1,1,0
Baptist SFL,FL,All,Case Count (HIGH) (2025),61.5%,ICM-owned,2025,202501,591,177,157,62,74
Baptist SFL,FL,All,Case Count (HIGH) (2025),61.5%,ICM-owned,2025,202502,516,187,147,58,65
Baptist SFL,FL,All,Case Count (HIGH) (2025),61.5%,ICM-owned,2025,202503,542,248,157,54,85
Baptist SFL,FL,All,Case Count (HIGH) (2025),61.5%,ICM-owned,2025,202504,579,358,184,62,98
Baptist SFL,FL,All,Case Count (HIGH) (2025),61.5%,ICM-owned,2025,202505,559,356,153,60,70
Baptist SFL,FL,All,Case Count (HIGH) (2025),61.5%,ICM-owned,2025,202506,570,384,179,72,83
Baptist SFL,FL,All,Case Count (HIGH) (2025),61.5%,ICM-owned,2025,202507,586,392,175,60,97
Baptist SFL,FL,All,Case Count (HIGH) (2025),61.5%,ICM-owned,2025,202508,655,414,170,79,72
Baptist SFL,FL,All,Case Count (HIGH) (2025),61.5%,ICM-owned,2025,202509,612,375,155,64,79
Baptist SFL,FL,All,Case Count (HIGH) (2025),61.5%,ICM-owned,2025,202510,607,347,171,74,82
Baptist SFL,FL,All,Case Count (HIGH) (2025),61.5%,ICM-owned,2025,202511,582,314,134,54,66
Baptist SFL,FL,All,Case Count (HIGH) (2025),61.5%,ICM-owned,2025,202512,698,447,128,64,45
Baptist SFL,FL,All,Case Count (HIGH) (2025),61.5%,ICM-owned,2026,202601,748,522,164,76,64
Baptist SFL,FL,All,Case Count (HIGH) (2025),61.5%,ICM-owned,2026,202602,668,451,156,68,76
Baptist SFL,FL,All,Case Count (HIGH) (2025),61.5%,ICM-owned,2026,202603,712,305,185,59,112
Baptist SFL,FL,All,Case Count (HIGH) (2025),61.5%,ICM-owned,2026,202604,738,284,212,86,118
Baptist SFL,FL,All,Case Count (HIGH) (2025),61.5%,ICM-owned,2026,202605,725,263,209,89,111
Baptist SFL,FL,All,Case Count (HIGH) (2025),61.5%,ICM-owned,2026,202606,517,158,119,61,48
Baptist SFL,FL,All,Case Count (HIGH) (2025),61.5%,Non-ICM,2025,202501,235,0,1,1,0
Baptist SFL,FL,All,Case Count (HIGH) (2025),61.5%,Non-ICM,2025,202502,187,0,1,0,0
Baptist SFL,FL,All,Case Count (HIGH) (2025),61.5%,Non-ICM,2025,202503,204,0,2,2,0
Baptist SFL,FL,All,Case Count (HIGH) (2025),61.5%,Non-ICM,2025,202504,245,0,0,0,0
Baptist SFL,FL,All,Case Count (HIGH) (2025),61.5%,Non-ICM,2025,202505,253,0,3,0,0
Baptist SFL,FL,All,Case Count (HIGH) (2025),61.5%,Non-ICM,2025,202506,250,0,2,1,0
Baptist SFL,FL,All,Case Count (HIGH) (2025),61.5%,Non-ICM,2025,202507,288,0,0,0,0
Baptist SFL,FL,All,Case Count (HIGH) (2025),61.5%,Non-ICM,2025,202508,262,0,0,0,0
Baptist SFL,FL,All,Case Count (HIGH) (2025),61.5%,Non-ICM,2025,202509,261,0,0,0,0
Baptist SFL,FL,All,Case Count (HIGH) (2025),61.5%,Non-ICM,2025,202510,273,0,1,1,0
Baptist SFL,FL,All,Case Count (HIGH) (2025),61.5%,Non-ICM,2025,202511,283,0,0,0,0
Baptist SFL,FL,All,Case Count (HIGH) (2025),61.5%,Non-ICM,2025,202512,264,0,2,0,0
Baptist SFL,FL,All,Case Count (HIGH) (2025),61.5%,Non-ICM,2026,202601,264,0,0,0,0
Baptist SFL,FL,All,Case Count (HIGH) (2025),61.5%,Non-ICM,2026,202602,243,0,0,0,0
Baptist SFL,FL,All,Case Count (HIGH) (2025),61.5%,Non-ICM,2026,202603,260,0,0,0,0
Baptist SFL,FL,All,Case Count (HIGH) (2025),61.5%,Non-ICM,2026,202604,287,0,1,0,0
Baptist SFL,FL,All,Case Count (HIGH) (2025),61.5%,Non-ICM,2026,202605,288,0,0,0,0
Baptist SFL,FL,All,Case Count (HIGH) (2025),61.5%,Non-ICM,2026,202606,189,0,0,0,0
Baptist SFL,FL,All,Case Count (HIGH) (2025),61.5%,,2026,202606,25,1,0,0,0
UNC Health System,NC,All,Member Appeal Rate (HIGH) (2026),94.5%,ICM-owned,2025,202501,598,442,172,73,84
UNC Health System,NC,All,Member Appeal Rate (HIGH) (2026),94.5%,ICM-owned,2025,202502,567,441,160,73,79
UNC Health System,NC,All,Member Appeal Rate (HIGH) (2026),94.5%,ICM-owned,2025,202503,614,488,160,73,81
UNC Health System,NC,All,Member Appeal Rate (HIGH) (2026),94.5%,ICM-owned,2025,202504,603,491,205,100,92
UNC Health System,NC,All,Member Appeal Rate (HIGH) (2026),94.5%,ICM-owned,2025,202505,622,505,168,75,85
UNC Health System,NC,All,Member Appeal Rate (HIGH) (2026),94.5%,ICM-owned,2025,202506,624,495,174,81,84
UNC Health System,NC,All,Member Appeal Rate (HIGH) (2026),94.5%,ICM-owned,2025,202507,544,435,157,80,73
UNC Health System,NC,All,Member Appeal Rate (HIGH) (2026),94.5%,ICM-owned,2025,202508,592,481,177,75,94
UNC Health System,NC,All,Member Appeal Rate (HIGH) (2026),94.5%,ICM-owned,2025,202509,653,543,197,90,92
UNC Health System,NC,All,Member Appeal Rate (HIGH) (2026),94.5%,ICM-owned,2025,202510,633,511,186,76,98
UNC Health System,NC,All,Member Appeal Rate (HIGH) (2026),94.5%,ICM-owned,2025,202511,650,510,143,59,75
UNC Health System,NC,All,Member Appeal Rate (HIGH) (2026),94.5%,ICM-owned,2025,202512,761,618,151,77,66
UNC Health System,NC,All,Member Appeal Rate (HIGH) (2026),94.5%,ICM-owned,2026,202601,808,696,201,82,95
UNC Health System,NC,All,Member Appeal Rate (HIGH) (2026),94.5%,ICM-owned,2026,202602,775,669,195,67,85
UNC Health System,NC,All,Member Appeal Rate (HIGH) (2026),94.5%,ICM-owned,2026,202603,880,751,206,65,72
UNC Health System,NC,All,Member Appeal Rate (HIGH) (2026),94.5%,ICM-owned,2026,202604,887,771,206,68,64
UNC Health System,NC,All,Member Appeal Rate (HIGH) (2026),94.5%,ICM-owned,2026,202605,834,650,193,69,50
UNC Health System,NC,All,Member Appeal Rate (HIGH) (2026),94.5%,ICM-owned,2026,202606,651,431,164,77,54
UNC Health System,NC,All,Member Appeal Rate (HIGH) (2026),94.5%,Non-ICM,2025,202501,49,0,0,0,0
UNC Health System,NC,All,Member Appeal Rate (HIGH) (2026),94.5%,Non-ICM,2025,202502,59,0,1,1,0
UNC Health System,NC,All,Member Appeal Rate (HIGH) (2026),94.5%,Non-ICM,2025,202503,52,0,0,0,0
UNC Health System,NC,All,Member Appeal Rate (HIGH) (2026),94.5%,Non-ICM,2025,202504,56,0,1,0,0
UNC Health System,NC,All,Member Appeal Rate (HIGH) (2026),94.5%,Non-ICM,2025,202505,57,0,0,0,0
UNC Health System,NC,All,Member Appeal Rate (HIGH) (2026),94.5%,Non-ICM,2025,202506,57,0,0,0,0
UNC Health System,NC,All,Member Appeal Rate (HIGH) (2026),94.5%,Non-ICM,2025,202507,57,0,0,0,0
UNC Health System,NC,All,Member Appeal Rate (HIGH) (2026),94.5%,Non-ICM,2025,202508,66,0,0,0,0
UNC Health System,NC,All,Member Appeal Rate (HIGH) (2026),94.5%,Non-ICM,2025,202509,59,0,1,0,0
UNC Health System,NC,All,Member Appeal Rate (HIGH) (2026),94.5%,Non-ICM,2025,202510,76,0,1,0,0
UNC Health System,NC,All,Member Appeal Rate (HIGH) (2026),94.5%,Non-ICM,2025,202511,62,0,1,1,0
UNC Health System,NC,All,Member Appeal Rate (HIGH) (2026),94.5%,Non-ICM,2025,202512,48,0,1,0,0
UNC Health System,NC,All,Member Appeal Rate (HIGH) (2026),94.5%,Non-ICM,2026,202601,66,0,0,0,0
UNC Health System,NC,All,Member Appeal Rate (HIGH) (2026),94.5%,Non-ICM,2026,202602,52,0,0,0,0
UNC Health System,NC,All,Member Appeal Rate (HIGH) (2026),94.5%,Non-ICM,2026,202603,69,0,0,0,0
UNC Health System,NC,All,Member Appeal Rate (HIGH) (2026),94.5%,Non-ICM,2026,202604,124,0,0,0,0
UNC Health System,NC,All,Member Appeal Rate (HIGH) (2026),94.5%,Non-ICM,2026,202605,111,0,0,0,0
UNC Health System,NC,All,Member Appeal Rate (HIGH) (2026),94.5%,Non-ICM,2026,202606,94,1,1,0,0
UNC Health System,NC,All,Member Appeal Rate (HIGH) (2026),94.5%,,2026,202606,25,3,0,0,0
NORTH CAROLINA BAPTIST HOSPITAL SYSTEM,NC,All,Member Appeal Rate (HIGH) (2026),100.0%,ICM-owned,2025,202501,587,359,138,86,40
NORTH CAROLINA BAPTIST HOSPITAL SYSTEM,NC,All,Member Appeal Rate (HIGH) (2026),100.0%,ICM-owned,2025,202502,586,346,112,72,32
NORTH CAROLINA BAPTIST HOSPITAL SYSTEM,NC,All,Member Appeal Rate (HIGH) (2026),100.0%,ICM-owned,2025,202503,675,449,146,88,44
NORTH CAROLINA BAPTIST HOSPITAL SYSTEM,NC,All,Member Appeal Rate (HIGH) (2026),100.0%,ICM-owned,2025,202504,582,335,140,87,48
NORTH CAROLINA BAPTIST HOSPITAL SYSTEM,NC,All,Member Appeal Rate (HIGH) (2026),100.0%,ICM-owned,2025,202505,590,322,118,71,37
NORTH CAROLINA BAPTIST HOSPITAL SYSTEM,NC,All,Member Appeal Rate (HIGH) (2026),100.0%,ICM-owned,2025,202506,652,429,155,102,36
NORTH CAROLINA BAPTIST HOSPITAL SYSTEM,NC,All,Member Appeal Rate (HIGH) (2026),100.0%,ICM-owned,2025,202507,693,491,202,137,46
NORTH CAROLINA BAPTIST HOSPITAL SYSTEM,NC,All,Member Appeal Rate (HIGH) (2026),100.0%,ICM-owned,2025,202508,675,442,188,139,36
NORTH CAROLINA BAPTIST HOSPITAL SYSTEM,NC,All,Member Appeal Rate (HIGH) (2026),100.0%,ICM-owned,2025,202509,627,409,137,90,37
NORTH CAROLINA BAPTIST HOSPITAL SYSTEM,NC,All,Member Appeal Rate (HIGH) (2026),100.0%,ICM-owned,2025,202510,681,418,118,88,23
NORTH CAROLINA BAPTIST HOSPITAL SYSTEM,NC,All,Member Appeal Rate (HIGH) (2026),100.0%,ICM-owned,2025,202511,622,369,115,78,27
NORTH CAROLINA BAPTIST HOSPITAL SYSTEM,NC,All,Member Appeal Rate (HIGH) (2026),100.0%,ICM-owned,2025,202512,756,522,149,92,44
NORTH CAROLINA BAPTIST HOSPITAL SYSTEM,NC,All,Member Appeal Rate (HIGH) (2026),100.0%,ICM-owned,2026,202601,705,517,152,72,7
NORTH CAROLINA BAPTIST HOSPITAL SYSTEM,NC,All,Member Appeal Rate (HIGH) (2026),100.0%,ICM-owned,2026,202602,575,428,175,59,0
NORTH CAROLINA BAPTIST HOSPITAL SYSTEM,NC,All,Member Appeal Rate (HIGH) (2026),100.0%,ICM-owned,2026,202603,629,487,165,50,0
NORTH CAROLINA BAPTIST HOSPITAL SYSTEM,NC,All,Member Appeal Rate (HIGH) (2026),100.0%,ICM-owned,2026,202604,659,541,226,72,0
NORTH CAROLINA BAPTIST HOSPITAL SYSTEM,NC,All,Member Appeal Rate (HIGH) (2026),100.0%,ICM-owned,2026,202605,668,541,231,81,0
NORTH CAROLINA BAPTIST HOSPITAL SYSTEM,NC,All,Member Appeal Rate (HIGH) (2026),100.0%,ICM-owned,2026,202606,468,303,139,61,0
NORTH CAROLINA BAPTIST HOSPITAL SYSTEM,NC,All,Member Appeal Rate (HIGH) (2026),100.0%,Non-ICM,2025,202501,12,0,0,0,0
NORTH CAROLINA BAPTIST HOSPITAL SYSTEM,NC,All,Member Appeal Rate (HIGH) (2026),100.0%,Non-ICM,2025,202502,18,0,1,1,0
NORTH CAROLINA BAPTIST HOSPITAL SYSTEM,NC,All,Member Appeal Rate (HIGH) (2026),100.0%,Non-ICM,2025,202503,58,0,4,2,0
NORTH CAROLINA BAPTIST HOSPITAL SYSTEM,NC,All,Member Appeal Rate (HIGH) (2026),100.0%,Non-ICM,2025,202504,64,0,1,1,0
NORTH CAROLINA BAPTIST HOSPITAL SYSTEM,NC,All,Member Appeal Rate (HIGH) (2026),100.0%,Non-ICM,2025,202505,57,0,1,0,0
NORTH CAROLINA BAPTIST HOSPITAL SYSTEM,NC,All,Member Appeal Rate (HIGH) (2026),100.0%,Non-ICM,2025,202506,61,0,0,0,0
NORTH CAROLINA BAPTIST HOSPITAL SYSTEM,NC,All,Member Appeal Rate (HIGH) (2026),100.0%,Non-ICM,2025,202507,54,0,1,0,0
NORTH CAROLINA BAPTIST HOSPITAL SYSTEM,NC,All,Member Appeal Rate (HIGH) (2026),100.0%,Non-ICM,2025,202508,65,0,0,0,0
NORTH CAROLINA BAPTIST HOSPITAL SYSTEM,NC,All,Member Appeal Rate (HIGH) (2026),100.0%,Non-ICM,2025,202509,54,0,0,0,0
NORTH CAROLINA BAPTIST HOSPITAL SYSTEM,NC,All,Member Appeal Rate (HIGH) (2026),100.0%,Non-ICM,2025,202510,58,0,0,0,0
NORTH CAROLINA BAPTIST HOSPITAL SYSTEM,NC,All,Member Appeal Rate (HIGH) (2026),100.0%,Non-ICM,2025,202511,52,0,0,0,0
NORTH CAROLINA BAPTIST HOSPITAL SYSTEM,NC,All,Member Appeal Rate (HIGH) (2026),100.0%,Non-ICM,2025,202512,58,0,2,1,0
NORTH CAROLINA BAPTIST HOSPITAL SYSTEM,NC,All,Member Appeal Rate (HIGH) (2026),100.0%,Non-ICM,2026,202601,44,0,0,0,0
NORTH CAROLINA BAPTIST HOSPITAL SYSTEM,NC,All,Member Appeal Rate (HIGH) (2026),100.0%,Non-ICM,2026,202602,51,0,0,0,0
NORTH CAROLINA BAPTIST HOSPITAL SYSTEM,NC,All,Member Appeal Rate (HIGH) (2026),100.0%,Non-ICM,2026,202603,51,0,0,0,0
NORTH CAROLINA BAPTIST HOSPITAL SYSTEM,NC,All,Member Appeal Rate (HIGH) (2026),100.0%,Non-ICM,2026,202604,52,0,0,0,0
NORTH CAROLINA BAPTIST HOSPITAL SYSTEM,NC,All,Member Appeal Rate (HIGH) (2026),100.0%,Non-ICM,2026,202605,39,0,0,0,0
NORTH CAROLINA BAPTIST HOSPITAL SYSTEM,NC,All,Member Appeal Rate (HIGH) (2026),100.0%,Non-ICM,2026,202606,42,0,0,0,0
NORTH CAROLINA BAPTIST HOSPITAL SYSTEM,NC,All,Member Appeal Rate (HIGH) (2026),100.0%,,2026,202606,25,4,1,1,0
Froedtert,WI,All,P2P Overturn Rate (LOW) (2025),56.0%,ICM-owned,2025,202501,617,411,190,60,0
Froedtert,WI,All,P2P Overturn Rate (LOW) (2025),56.0%,ICM-owned,2025,202502,633,413,201,92,0
Froedtert,WI,All,P2P Overturn Rate (LOW) (2025),56.0%,ICM-owned,2025,202503,615,435,221,85,0
Froedtert,WI,All,P2P Overturn Rate (LOW) (2025),56.0%,ICM-owned,2025,202504,634,433,202,80,0
Froedtert,WI,All,P2P Overturn Rate (LOW) (2025),56.0%,ICM-owned,2025,202505,573,412,193,76,0
Froedtert,WI,All,P2P Overturn Rate (LOW) (2025),56.0%,ICM-owned,2025,202506,553,354,167,52,0
Froedtert,WI,All,P2P Overturn Rate (LOW) (2025),56.0%,ICM-owned,2025,202507,610,447,191,88,0
Froedtert,WI,All,P2P Overturn Rate (LOW) (2025),56.0%,ICM-owned,2025,202508,587,419,179,80,0
Froedtert,WI,All,P2P Overturn Rate (LOW) (2025),56.0%,ICM-owned,2025,202509,587,390,179,96,0
Froedtert,WI,All,P2P Overturn Rate (LOW) (2025),56.0%,ICM-owned,2025,202510,633,466,160,89,0
Froedtert,WI,All,P2P Overturn Rate (LOW) (2025),56.0%,ICM-owned,2025,202511,584,408,166,117,0
Froedtert,WI,All,P2P Overturn Rate (LOW) (2025),56.0%,ICM-owned,2025,202512,651,506,198,133,0
Froedtert,WI,All,P2P Overturn Rate (LOW) (2025),56.0%,ICM-owned,2026,202601,606,491,191,129,0
Froedtert,WI,All,P2P Overturn Rate (LOW) (2025),56.0%,ICM-owned,2026,202602,580,481,200,140,0
Froedtert,WI,All,P2P Overturn Rate (LOW) (2025),56.0%,ICM-owned,2026,202603,622,521,230,193,0
Froedtert,WI,All,P2P Overturn Rate (LOW) (2025),56.0%,ICM-owned,2026,202604,634,549,285,237,0
Froedtert,WI,All,P2P Overturn Rate (LOW) (2025),56.0%,ICM-owned,2026,202605,624,544,295,261,0
Froedtert,WI,All,P2P Overturn Rate (LOW) (2025),56.0%,ICM-owned,2026,202606,370,309,163,146,0
Froedtert,WI,All,P2P Overturn Rate (LOW) (2025),56.0%,Non-ICM,2025,202501,48,0,0,0,0
Froedtert,WI,All,P2P Overturn Rate (LOW) (2025),56.0%,Non-ICM,2025,202502,79,1,2,2,0
Froedtert,WI,All,P2P Overturn Rate (LOW) (2025),56.0%,Non-ICM,2025,202503,84,0,3,0,0
Froedtert,WI,All,P2P Overturn Rate (LOW) (2025),56.0%,Non-ICM,2025,202504,80,0,4,2,0
Froedtert,WI,All,P2P Overturn Rate (LOW) (2025),56.0%,Non-ICM,2025,202505,85,0,1,1,0
Froedtert,WI,All,P2P Overturn Rate (LOW) (2025),56.0%,Non-ICM,2025,202506,107,0,1,0,0
Froedtert,WI,All,P2P Overturn Rate (LOW) (2025),56.0%,Non-ICM,2025,202507,88,0,2,0,0
Froedtert,WI,All,P2P Overturn Rate (LOW) (2025),56.0%,Non-ICM,2025,202508,100,1,2,1,0
Froedtert,WI,All,P2P Overturn Rate (LOW) (2025),56.0%,Non-ICM,2025,202509,79,0,2,0,0
Froedtert,WI,All,P2P Overturn Rate (LOW) (2025),56.0%,Non-ICM,2025,202510,84,0,0,0,0
Froedtert,WI,All,P2P Overturn Rate (LOW) (2025),56.0%,Non-ICM,2025,202511,91,0,0,0,0
Froedtert,WI,All,P2P Overturn Rate (LOW) (2025),56.0%,Non-ICM,2025,202512,86,0,1,0,0
Froedtert,WI,All,P2P Overturn Rate (LOW) (2025),56.0%,Non-ICM,2026,202601,89,0,1,0,0
Froedtert,WI,All,P2P Overturn Rate (LOW) (2025),56.0%,Non-ICM,2026,202602,76,0,0,0,0
Froedtert,WI,All,P2P Overturn Rate (LOW) (2025),56.0%,Non-ICM,2026,202603,96,0,1,0,0
Froedtert,WI,All,P2P Overturn Rate (LOW) (2025),56.0%,Non-ICM,2026,202604,77,0,1,0,0
Froedtert,WI,All,P2P Overturn Rate (LOW) (2025),56.0%,Non-ICM,2026,202605,73,0,1,1,0
Froedtert,WI,All,P2P Overturn Rate (LOW) (2025),56.0%,Non-ICM,2026,202606,77,0,1,1,0
Froedtert,WI,All,P2P Overturn Rate (LOW) (2025),56.0%,,2026,202606,13,0,0,0,0
ADVOCATE HEALTH & HOSPITALS IL,IL,All,MD Escalation Rate (LOW) (2025); MD Escalation Rate (LOW) (2026),100.0%; 100.0%,ICM-owned,2025,202501,58,18,7,3,4
ADVOCATE HEALTH & HOSPITALS IL,IL,All,MD Escalation Rate (LOW) (2025); MD Escalation Rate (LOW) (2026),100.0%; 100.0%,ICM-owned,2025,202502,51,18,9,4,5
ADVOCATE HEALTH & HOSPITALS IL,IL,All,MD Escalation Rate (LOW) (2025); MD Escalation Rate (LOW) (2026),100.0%; 100.0%,ICM-owned,2025,202503,67,17,6,3,3
ADVOCATE HEALTH & HOSPITALS IL,IL,All,MD Escalation Rate (LOW) (2025); MD Escalation Rate (LOW) (2026),100.0%; 100.0%,ICM-owned,2025,202504,80,9,5,3,2
ADVOCATE HEALTH & HOSPITALS IL,IL,All,MD Escalation Rate (LOW) (2025); MD Escalation Rate (LOW) (2026),100.0%; 100.0%,ICM-owned,2025,202505,289,16,10,5,3
ADVOCATE HEALTH & HOSPITALS IL,IL,All,MD Escalation Rate (LOW) (2025); MD Escalation Rate (LOW) (2026),100.0%; 100.0%,ICM-owned,2025,202506,41,13,2,2,0
ADVOCATE HEALTH & HOSPITALS IL,IL,All,MD Escalation Rate (LOW) (2025); MD Escalation Rate (LOW) (2026),100.0%; 100.0%,ICM-owned,2025,202507,60,20,11,5,5
ADVOCATE HEALTH & HOSPITALS IL,IL,All,MD Escalation Rate (LOW) (2025); MD Escalation Rate (LOW) (2026),100.0%; 100.0%,ICM-owned,2025,202508,49,13,6,3,1
ADVOCATE HEALTH & HOSPITALS IL,IL,All,MD Escalation Rate (LOW) (2025); MD Escalation Rate (LOW) (2026),100.0%; 100.0%,ICM-owned,2025,202509,63,16,7,5,2
ADVOCATE HEALTH & HOSPITALS IL,IL,All,MD Escalation Rate (LOW) (2025); MD Escalation Rate (LOW) (2026),100.0%; 100.0%,ICM-owned,2025,202510,48,13,7,4,2
ADVOCATE HEALTH & HOSPITALS IL,IL,All,MD Escalation Rate (LOW) (2025); MD Escalation Rate (LOW) (2026),100.0%; 100.0%,ICM-owned,2025,202511,44,11,4,4,0
ADVOCATE HEALTH & HOSPITALS IL,IL,All,MD Escalation Rate (LOW) (2025); MD Escalation Rate (LOW) (2026),100.0%; 100.0%,ICM-owned,2025,202512,73,5,2,1,0
ADVOCATE HEALTH & HOSPITALS IL,IL,All,MD Escalation Rate (LOW) (2025); MD Escalation Rate (LOW) (2026),100.0%; 100.0%,ICM-owned,2026,202601,76,14,9,8,0
ADVOCATE HEALTH & HOSPITALS IL,IL,All,MD Escalation Rate (LOW) (2025); MD Escalation Rate (LOW) (2026),100.0%; 100.0%,ICM-owned,2026,202602,60,9,7,6,0
ADVOCATE HEALTH & HOSPITALS IL,IL,All,MD Escalation Rate (LOW) (2025); MD Escalation Rate (LOW) (2026),100.0%; 100.0%,ICM-owned,2026,202603,41,12,6,4,0
ADVOCATE HEALTH & HOSPITALS IL,IL,All,MD Escalation Rate (LOW) (2025); MD Escalation Rate (LOW) (2026),100.0%; 100.0%,ICM-owned,2026,202604,55,9,5,4,0
ADVOCATE HEALTH & HOSPITALS IL,IL,All,MD Escalation Rate (LOW) (2025); MD Escalation Rate (LOW) (2026),100.0%; 100.0%,ICM-owned,2026,202605,65,6,3,2,1
ADVOCATE HEALTH & HOSPITALS IL,IL,All,MD Escalation Rate (LOW) (2025); MD Escalation Rate (LOW) (2026),100.0%; 100.0%,ICM-owned,2026,202606,49,6,3,3,0
ADVOCATE HEALTH & HOSPITALS IL,IL,All,MD Escalation Rate (LOW) (2025); MD Escalation Rate (LOW) (2026),100.0%; 100.0%,Non-ICM,2025,202501,546,0,0,0,0
ADVOCATE HEALTH & HOSPITALS IL,IL,All,MD Escalation Rate (LOW) (2025); MD Escalation Rate (LOW) (2026),100.0%; 100.0%,Non-ICM,2025,202502,515,0,0,0,0
ADVOCATE HEALTH & HOSPITALS IL,IL,All,MD Escalation Rate (LOW) (2025); MD Escalation Rate (LOW) (2026),100.0%; 100.0%,Non-ICM,2025,202503,521,0,0,0,0
ADVOCATE HEALTH & HOSPITALS IL,IL,All,MD Escalation Rate (LOW) (2025); MD Escalation Rate (LOW) (2026),100.0%; 100.0%,Non-ICM,2025,202504,522,0,1,0,0
ADVOCATE HEALTH & HOSPITALS IL,IL,All,MD Escalation Rate (LOW) (2025); MD Escalation Rate (LOW) (2026),100.0%; 100.0%,Non-ICM,2025,202505,318,0,0,0,0
ADVOCATE HEALTH & HOSPITALS IL,IL,All,MD Escalation Rate (LOW) (2025); MD Escalation Rate (LOW) (2026),100.0%; 100.0%,Non-ICM,2025,202506,516,0,1,0,0
ADVOCATE HEALTH & HOSPITALS IL,IL,All,MD Escalation Rate (LOW) (2025); MD Escalation Rate (LOW) (2026),100.0%; 100.0%,Non-ICM,2025,202507,580,0,0,0,0
ADVOCATE HEALTH & HOSPITALS IL,IL,All,MD Escalation Rate (LOW) (2025); MD Escalation Rate (LOW) (2026),100.0%; 100.0%,Non-ICM,2025,202508,565,0,0,0,0
ADVOCATE HEALTH & HOSPITALS IL,IL,All,MD Escalation Rate (LOW) (2025); MD Escalation Rate (LOW) (2026),100.0%; 100.0%,Non-ICM,2025,202509,621,0,0,0,0
ADVOCATE HEALTH & HOSPITALS IL,IL,All,MD Escalation Rate (LOW) (2025); MD Escalation Rate (LOW) (2026),100.0%; 100.0%,Non-ICM,2025,202510,626,0,0,0,0
ADVOCATE HEALTH & HOSPITALS IL,IL,All,MD Escalation Rate (LOW) (2025); MD Escalation Rate (LOW) (2026),100.0%; 100.0%,Non-ICM,2025,202511,575,0,0,0,0
ADVOCATE HEALTH & HOSPITALS IL,IL,All,MD Escalation Rate (LOW) (2025); MD Escalation Rate (LOW) (2026),100.0%; 100.0%,Non-ICM,2025,202512,567,0,0,0,0
ADVOCATE HEALTH & HOSPITALS IL,IL,All,MD Escalation Rate (LOW) (2025); MD Escalation Rate (LOW) (2026),100.0%; 100.0%,Non-ICM,2026,202601,604,0,1,0,0
ADVOCATE HEALTH & HOSPITALS IL,IL,All,MD Escalation Rate (LOW) (2025); MD Escalation Rate (LOW) (2026),100.0%; 100.0%,Non-ICM,2026,202602,552,0,0,0,0
ADVOCATE HEALTH & HOSPITALS IL,IL,All,MD Escalation Rate (LOW) (2025); MD Escalation Rate (LOW) (2026),100.0%; 100.0%,Non-ICM,2026,202603,599,0,1,0,0
ADVOCATE HEALTH & HOSPITALS IL,IL,All,MD Escalation Rate (LOW) (2025); MD Escalation Rate (LOW) (2026),100.0%; 100.0%,Non-ICM,2026,202604,568,0,0,0,0
ADVOCATE HEALTH & HOSPITALS IL,IL,All,MD Escalation Rate (LOW) (2025); MD Escalation Rate (LOW) (2026),100.0%; 100.0%,Non-ICM,2026,202605,592,0,1,0,0
ADVOCATE HEALTH & HOSPITALS IL,IL,All,MD Escalation Rate (LOW) (2025); MD Escalation Rate (LOW) (2026),100.0%; 100.0%,Non-ICM,2026,202606,429,0,0,0,0
ADVOCATE HEALTH & HOSPITALS IL,IL,All,MD Escalation Rate (LOW) (2025); MD Escalation Rate (LOW) (2026),100.0%; 100.0%,,2026,202606,22,0,0,0,0
UAB Health System,AL,All,MD Escalation Rate (LOW) (2025),97.5%,ICM-owned,2025,202501,110,87,42,26,10
UAB Health System,AL,All,MD Escalation Rate (LOW) (2025),97.5%,ICM-owned,2025,202502,110,83,41,26,15
UAB Health System,AL,All,MD Escalation Rate (LOW) (2025),97.5%,ICM-owned,2025,202503,108,79,24,14,7
UAB Health System,AL,All,MD Escalation Rate (LOW) (2025),97.5%,ICM-owned,2025,202504,104,84,36,19,15
UAB Health System,AL,All,MD Escalation Rate (LOW) (2025),97.5%,ICM-owned,2025,202505,98,72,29,15,13
UAB Health System,AL,All,MD Escalation Rate (LOW) (2025),97.5%,ICM-owned,2025,202506,107,86,37,13,14
UAB Health System,AL,All,MD Escalation Rate (LOW) (2025),97.5%,ICM-owned,2025,202507,103,85,33,23,8
UAB Health System,AL,All,MD Escalation Rate (LOW) (2025),97.5%,ICM-owned,2025,202508,199,95,28,18,10
UAB Health System,AL,All,MD Escalation Rate (LOW) (2025),97.5%,ICM-owned,2025,202509,188,100,29,12,15
UAB Health System,AL,All,MD Escalation Rate (LOW) (2025),97.5%,ICM-owned,2025,202510,107,92,40,27,13
UAB Health System,AL,All,MD Escalation Rate (LOW) (2025),97.5%,ICM-owned,2025,202511,100,82,35,18,16
UAB Health System,AL,All,MD Escalation Rate (LOW) (2025),97.5%,ICM-owned,2025,202512,154,125,39,19,16
UAB Health System,AL,All,MD Escalation Rate (LOW) (2025),97.5%,ICM-owned,2026,202601,99,85,40,19,16
UAB Health System,AL,All,MD Escalation Rate (LOW) (2025),97.5%,ICM-owned,2026,202602,102,93,40,16,19
UAB Health System,AL,All,MD Escalation Rate (LOW) (2025),97.5%,ICM-owned,2026,202603,86,70,40,24,13
UAB Health System,AL,All,MD Escalation Rate (LOW) (2025),97.5%,ICM-owned,2026,202604,79,63,38,17,18
UAB Health System,AL,All,MD Escalation Rate (LOW) (2025),97.5%,ICM-owned,2026,202605,84,60,26,14,9
UAB Health System,AL,All,MD Escalation Rate (LOW) (2025),97.5%,ICM-owned,2026,202606,49,39,19,8,8
UAB Health System,AL,All,MD Escalation Rate (LOW) (2025),97.5%,Non-ICM,2025,202501,274,0,0,0,0
UAB Health System,AL,All,MD Escalation Rate (LOW) (2025),97.5%,Non-ICM,2025,202502,314,0,0,0,0
UAB Health System,AL,All,MD Escalation Rate (LOW) (2025),97.5%,Non-ICM,2025,202503,292,0,0,0,0
UAB Health System,AL,All,MD Escalation Rate (LOW) (2025),97.5%,Non-ICM,2025,202504,276,0,1,0,0
UAB Health System,AL,All,MD Escalation Rate (LOW) (2025),97.5%,Non-ICM,2025,202505,311,0,0,0,0
UAB Health System,AL,All,MD Escalation Rate (LOW) (2025),97.5%,Non-ICM,2025,202506,297,0,0,0,0
UAB Health System,AL,All,MD Escalation Rate (LOW) (2025),97.5%,Non-ICM,2025,202507,318,0,0,0,0
UAB Health System,AL,All,MD Escalation Rate (LOW) (2025),97.5%,Non-ICM,2025,202508,199,0,0,0,0
UAB Health System,AL,All,MD Escalation Rate (LOW) (2025),97.5%,Non-ICM,2025,202509,200,0,1,0,0
UAB Health System,AL,All,MD Escalation Rate (LOW) (2025),97.5%,Non-ICM,2025,202510,345,0,1,0,0
UAB Health System,AL,All,MD Escalation Rate (LOW) (2025),97.5%,Non-ICM,2025,202511,267,0,0,0,0
UAB Health System,AL,All,MD Escalation Rate (LOW) (2025),97.5%,Non-ICM,2025,202512,272,0,0,0,0
UAB Health System,AL,All,MD Escalation Rate (LOW) (2025),97.5%,Non-ICM,2026,202601,137,0,0,0,0
UAB Health System,AL,All,MD Escalation Rate (LOW) (2025),97.5%,Non-ICM,2026,202602,128,0,0,0,0
UAB Health System,AL,All,MD Escalation Rate (LOW) (2025),97.5%,Non-ICM,2026,202603,156,0,0,0,0
UAB Health System,AL,All,MD Escalation Rate (LOW) (2025),97.5%,Non-ICM,2026,202604,140,0,0,0,0
UAB Health System,AL,All,MD Escalation Rate (LOW) (2025),97.5%,Non-ICM,2026,202605,131,0,0,0,0
UAB Health System,AL,All,MD Escalation Rate (LOW) (2025),97.5%,Non-ICM,2026,202606,99,1,3,1,0
UAB Health System,AL,All,MD Escalation Rate (LOW) (2025),97.5%,,2026,202606,8,0,0,0,0
HEALTH SERVICES OF CENTRAL GA,GA,All,Member Appeal Rate (HIGH) (2026),100.0%,ICM-owned,2025,202501,229,185,92,40,48
HEALTH SERVICES OF CENTRAL GA,GA,All,Member Appeal Rate (HIGH) (2026),100.0%,ICM-owned,2025,202502,216,181,112,47,60
HEALTH SERVICES OF CENTRAL GA,GA,All,Member Appeal Rate (HIGH) (2026),100.0%,ICM-owned,2025,202503,221,177,91,37,51
HEALTH SERVICES OF CENTRAL GA,GA,All,Member Appeal Rate (HIGH) (2026),100.0%,ICM-owned,2025,202504,206,160,81,41,36
HEALTH SERVICES OF CENTRAL GA,GA,All,Member Appeal Rate (HIGH) (2026),100.0%,ICM-owned,2025,202505,229,186,111,49,61
HEALTH SERVICES OF CENTRAL GA,GA,All,Member Appeal Rate (HIGH) (2026),100.0%,ICM-owned,2025,202506,226,186,97,36,59
HEALTH SERVICES OF CENTRAL GA,GA,All,Member Appeal Rate (HIGH) (2026),100.0%,ICM-owned,2025,202507,221,181,85,37,48
HEALTH SERVICES OF CENTRAL GA,GA,All,Member Appeal Rate (HIGH) (2026),100.0%,ICM-owned,2025,202508,241,193,81,47,33
HEALTH SERVICES OF CENTRAL GA,GA,All,Member Appeal Rate (HIGH) (2026),100.0%,ICM-owned,2025,202509,232,178,78,33,44
HEALTH SERVICES OF CENTRAL GA,GA,All,Member Appeal Rate (HIGH) (2026),100.0%,ICM-owned,2025,202510,231,182,72,20,49
HEALTH SERVICES OF CENTRAL GA,GA,All,Member Appeal Rate (HIGH) (2026),100.0%,ICM-owned,2025,202511,217,162,59,26,29
HEALTH SERVICES OF CENTRAL GA,GA,All,Member Appeal Rate (HIGH) (2026),100.0%,ICM-owned,2025,202512,231,185,65,29,30
HEALTH SERVICES OF CENTRAL GA,GA,All,Member Appeal Rate (HIGH) (2026),100.0%,ICM-owned,2026,202601,201,169,59,24,24
HEALTH SERVICES OF CENTRAL GA,GA,All,Member Appeal Rate (HIGH) (2026),100.0%,ICM-owned,2026,202602,180,152,54,12,0
HEALTH SERVICES OF CENTRAL GA,GA,All,Member Appeal Rate (HIGH) (2026),100.0%,ICM-owned,2026,202603,204,175,73,25,0
HEALTH SERVICES OF CENTRAL GA,GA,All,Member Appeal Rate (HIGH) (2026),100.0%,ICM-owned,2026,202604,188,171,57,11,0
HEALTH SERVICES OF CENTRAL GA,GA,All,Member Appeal Rate (HIGH) (2026),100.0%,ICM-owned,2026,202605,181,156,56,13,0
HEALTH SERVICES OF CENTRAL GA,GA,All,Member Appeal Rate (HIGH) (2026),100.0%,ICM-owned,2026,202606,184,157,62,23,0
HEALTH SERVICES OF CENTRAL GA,GA,All,Member Appeal Rate (HIGH) (2026),100.0%,Non-ICM,2025,202501,14,0,0,0,0
HEALTH SERVICES OF CENTRAL GA,GA,All,Member Appeal Rate (HIGH) (2026),100.0%,Non-ICM,2025,202502,14,0,0,0,0
HEALTH SERVICES OF CENTRAL GA,GA,All,Member Appeal Rate (HIGH) (2026),100.0%,Non-ICM,2025,202503,23,0,0,0,0
HEALTH SERVICES OF CENTRAL GA,GA,All,Member Appeal Rate (HIGH) (2026),100.0%,Non-ICM,2025,202504,23,0,0,0,0
HEALTH SERVICES OF CENTRAL GA,GA,All,Member Appeal Rate (HIGH) (2026),100.0%,Non-ICM,2025,202505,8,0,0,0,0
HEALTH SERVICES OF CENTRAL GA,GA,All,Member Appeal Rate (HIGH) (2026),100.0%,Non-ICM,2025,202506,16,0,0,0,0
HEALTH SERVICES OF CENTRAL GA,GA,All,Member Appeal Rate (HIGH) (2026),100.0%,Non-ICM,2025,202507,19,0,0,0,0
HEALTH SERVICES OF CENTRAL GA,GA,All,Member Appeal Rate (HIGH) (2026),100.0%,Non-ICM,2025,202508,22,0,0,0,0
HEALTH SERVICES OF CENTRAL GA,GA,All,Member Appeal Rate (HIGH) (2026),100.0%,Non-ICM,2025,202509,20,0,0,0,0
HEALTH SERVICES OF CENTRAL GA,GA,All,Member Appeal Rate (HIGH) (2026),100.0%,Non-ICM,2025,202510,17,0,0,0,0
HEALTH SERVICES OF CENTRAL GA,GA,All,Member Appeal Rate (HIGH) (2026),100.0%,Non-ICM,2025,202511,13,0,0,0,0
HEALTH SERVICES OF CENTRAL GA,GA,All,Member Appeal Rate (HIGH) (2026),100.0%,Non-ICM,2025,202512,20,0,0,0,0
HEALTH SERVICES OF CENTRAL GA,GA,All,Member Appeal Rate (HIGH) (2026),100.0%,Non-ICM,2026,202601,17,0,0,0,0
HEALTH SERVICES OF CENTRAL GA,GA,All,Member Appeal Rate (HIGH) (2026),100.0%,Non-ICM,2026,202602,12,0,0,0,0
HEALTH SERVICES OF CENTRAL GA,GA,All,Member Appeal Rate (HIGH) (2026),100.0%,Non-ICM,2026,202603,12,0,0,0,0
HEALTH SERVICES OF CENTRAL GA,GA,All,Member Appeal Rate (HIGH) (2026),100.0%,Non-ICM,2026,202604,17,0,0,0,0
HEALTH SERVICES OF CENTRAL GA,GA,All,Member Appeal Rate (HIGH) (2026),100.0%,Non-ICM,2026,202605,10,0,0,0,0
HEALTH SERVICES OF CENTRAL GA,GA,All,Member Appeal Rate (HIGH) (2026),100.0%,Non-ICM,2026,202606,7,0,0,0,0
HEALTH SERVICES OF CENTRAL GA,GA,All,Member Appeal Rate (HIGH) (2026),100.0%,,2026,202606,13,4,0,0,0
University of Pennsylvania,PA,All,MD Escalation Rate (LOW) (2026),98.0%,ICM-owned,2025,202501,72,51,26,14,11
University of Pennsylvania,PA,All,MD Escalation Rate (LOW) (2026),98.0%,ICM-owned,2025,202502,62,42,22,12,10
University of Pennsylvania,PA,All,MD Escalation Rate (LOW) (2026),98.0%,ICM-owned,2025,202503,58,35,19,11,8
University of Pennsylvania,PA,All,MD Escalation Rate (LOW) (2026),98.0%,ICM-owned,2025,202504,59,30,10,7,2
University of Pennsylvania,PA,All,MD Escalation Rate (LOW) (2026),98.0%,ICM-owned,2025,202505,125,45,18,18,0
University of Pennsylvania,PA,All,MD Escalation Rate (LOW) (2026),98.0%,ICM-owned,2025,202506,60,39,20,9,9
University of Pennsylvania,PA,All,MD Escalation Rate (LOW) (2026),98.0%,ICM-owned,2025,202507,70,41,19,12,6
University of Pennsylvania,PA,All,MD Escalation Rate (LOW) (2026),98.0%,ICM-owned,2025,202508,54,36,20,14,4
University of Pennsylvania,PA,All,MD Escalation Rate (LOW) (2026),98.0%,ICM-owned,2025,202509,57,38,16,10,6
University of Pennsylvania,PA,All,MD Escalation Rate (LOW) (2026),98.0%,ICM-owned,2025,202510,72,50,20,12,7
University of Pennsylvania,PA,All,MD Escalation Rate (LOW) (2026),98.0%,ICM-owned,2025,202511,48,28,12,7,4
University of Pennsylvania,PA,All,MD Escalation Rate (LOW) (2026),98.0%,ICM-owned,2025,202512,64,29,17,9,8
University of Pennsylvania,PA,All,MD Escalation Rate (LOW) (2026),98.0%,ICM-owned,2026,202601,58,16,16,10,5
University of Pennsylvania,PA,All,MD Escalation Rate (LOW) (2026),98.0%,ICM-owned,2026,202602,48,21,15,8,5
University of Pennsylvania,PA,All,MD Escalation Rate (LOW) (2026),98.0%,ICM-owned,2026,202603,53,16,18,11,3
University of Pennsylvania,PA,All,MD Escalation Rate (LOW) (2026),98.0%,ICM-owned,2026,202604,45,15,10,6,3
University of Pennsylvania,PA,All,MD Escalation Rate (LOW) (2026),98.0%,ICM-owned,2026,202605,38,10,9,5,4
University of Pennsylvania,PA,All,MD Escalation Rate (LOW) (2026),98.0%,ICM-owned,2026,202606,42,21,11,7,1
University of Pennsylvania,PA,All,MD Escalation Rate (LOW) (2026),98.0%,Non-ICM,2025,202501,149,0,0,0,0
University of Pennsylvania,PA,All,MD Escalation Rate (LOW) (2026),98.0%,Non-ICM,2025,202502,172,0,0,0,0
University of Pennsylvania,PA,All,MD Escalation Rate (LOW) (2026),98.0%,Non-ICM,2025,202503,165,0,0,0,0
University of Pennsylvania,PA,All,MD Escalation Rate (LOW) (2026),98.0%,Non-ICM,2025,202504,133,0,0,0,0
University of Pennsylvania,PA,All,MD Escalation Rate (LOW) (2026),98.0%,Non-ICM,2025,202505,91,0,0,0,0
University of Pennsylvania,PA,All,MD Escalation Rate (LOW) (2026),98.0%,Non-ICM,2025,202506,150,0,1,1,0
University of Pennsylvania,PA,All,MD Escalation Rate (LOW) (2026),98.0%,Non-ICM,2025,202507,155,0,0,0,0
University of Pennsylvania,PA,All,MD Escalation Rate (LOW) (2026),98.0%,Non-ICM,2025,202508,155,0,0,0,0
University of Pennsylvania,PA,All,MD Escalation Rate (LOW) (2026),98.0%,Non-ICM,2025,202509,162,0,0,0,0
University of Pennsylvania,PA,All,MD Escalation Rate (LOW) (2026),98.0%,Non-ICM,2025,202510,182,0,0,0,0
University of Pennsylvania,PA,All,MD Escalation Rate (LOW) (2026),98.0%,Non-ICM,2025,202511,145,0,0,0,0
University of Pennsylvania,PA,All,MD Escalation Rate (LOW) (2026),98.0%,Non-ICM,2025,202512,170,0,0,0,0
University of Pennsylvania,PA,All,MD Escalation Rate (LOW) (2026),98.0%,Non-ICM,2026,202601,134,0,0,0,0
University of Pennsylvania,PA,All,MD Escalation Rate (LOW) (2026),98.0%,Non-ICM,2026,202602,133,0,0,0,0
University of Pennsylvania,PA,All,MD Escalation Rate (LOW) (2026),98.0%,Non-ICM,2026,202603,138,0,1,0,0
University of Pennsylvania,PA,All,MD Escalation Rate (LOW) (2026),98.0%,Non-ICM,2026,202604,146,0,0,0,0
University of Pennsylvania,PA,All,MD Escalation Rate (LOW) (2026),98.0%,Non-ICM,2026,202605,138,0,0,0,0
University of Pennsylvania,PA,All,MD Escalation Rate (LOW) (2026),98.0%,Non-ICM,2026,202606,87,0,0,0,0
University of Pennsylvania,PA,All,MD Escalation Rate (LOW) (2026),98.0%,,2026,202606,10,0,0,0,0
Catholic Health System (Buffalo),NY,All,MD Escalation Rate (LOW) (2026),50.5%,ICM-owned,2025,202501,187,39,25,22,3
Catholic Health System (Buffalo),NY,All,MD Escalation Rate (LOW) (2026),50.5%,ICM-owned,2025,202502,175,33,23,16,6
Catholic Health System (Buffalo),NY,All,MD Escalation Rate (LOW) (2026),50.5%,ICM-owned,2025,202503,172,8,29,21,6
Catholic Health System (Buffalo),NY,All,MD Escalation Rate (LOW) (2026),50.5%,ICM-owned,2025,202504,168,7,24,21,2
Catholic Health System (Buffalo),NY,All,MD Escalation Rate (LOW) (2026),50.5%,ICM-owned,2025,202505,184,14,28,18,7
Catholic Health System (Buffalo),NY,All,MD Escalation Rate (LOW) (2026),50.5%,ICM-owned,2025,202506,169,12,32,20,8
Catholic Health System (Buffalo),NY,All,MD Escalation Rate (LOW) (2026),50.5%,ICM-owned,2025,202507,191,47,46,24,20
Catholic Health System (Buffalo),NY,All,MD Escalation Rate (LOW) (2026),50.5%,ICM-owned,2025,202508,184,18,44,30,12
Catholic Health System (Buffalo),NY,All,MD Escalation Rate (LOW) (2026),50.5%,ICM-owned,2025,202509,189,37,38,19,12
Catholic Health System (Buffalo),NY,All,MD Escalation Rate (LOW) (2026),50.5%,ICM-owned,2025,202510,186,12,32,22,10
Catholic Health System (Buffalo),NY,All,MD Escalation Rate (LOW) (2026),50.5%,ICM-owned,2025,202511,179,19,31,21,8
Catholic Health System (Buffalo),NY,All,MD Escalation Rate (LOW) (2026),50.5%,ICM-owned,2025,202512,242,18,43,29,7
Catholic Health System (Buffalo),NY,All,MD Escalation Rate (LOW) (2026),50.5%,ICM-owned,2026,202601,204,7,34,21,3
Catholic Health System (Buffalo),NY,All,MD Escalation Rate (LOW) (2026),50.5%,ICM-owned,2026,202602,192,16,32,16,10
Catholic Health System (Buffalo),NY,All,MD Escalation Rate (LOW) (2026),50.5%,ICM-owned,2026,202603,156,13,33,21,9
Catholic Health System (Buffalo),NY,All,MD Escalation Rate (LOW) (2026),50.5%,ICM-owned,2026,202604,138,21,29,19,10
Catholic Health System (Buffalo),NY,All,MD Escalation Rate (LOW) (2026),50.5%,ICM-owned,2026,202605,110,13,26,20,6
Catholic Health System (Buffalo),NY,All,MD Escalation Rate (LOW) (2026),50.5%,ICM-owned,2026,202606,121,15,25,19,5
Catholic Health System (Buffalo),NY,All,MD Escalation Rate (LOW) (2026),50.5%,Non-ICM,2025,202501,8,0,1,1,0
Catholic Health System (Buffalo),NY,All,MD Escalation Rate (LOW) (2026),50.5%,Non-ICM,2025,202502,6,0,0,0,0
Catholic Health System (Buffalo),NY,All,MD Escalation Rate (LOW) (2026),50.5%,Non-ICM,2025,202503,11,0,0,0,0
Catholic Health System (Buffalo),NY,All,MD Escalation Rate (LOW) (2026),50.5%,Non-ICM,2025,202504,9,0,0,0,0
Catholic Health System (Buffalo),NY,All,MD Escalation Rate (LOW) (2026),50.5%,Non-ICM,2025,202505,14,0,1,0,0
Catholic Health System (Buffalo),NY,All,MD Escalation Rate (LOW) (2026),50.5%,Non-ICM,2025,202506,14,0,1,0,0
Catholic Health System (Buffalo),NY,All,MD Escalation Rate (LOW) (2026),50.5%,Non-ICM,2025,202507,14,0,0,0,0
Catholic Health System (Buffalo),NY,All,MD Escalation Rate (LOW) (2026),50.5%,Non-ICM,2025,202508,12,0,0,0,0
Catholic Health System (Buffalo),NY,All,MD Escalation Rate (LOW) (2026),50.5%,Non-ICM,2025,202509,11,0,0,0,0
Catholic Health System (Buffalo),NY,All,MD Escalation Rate (LOW) (2026),50.5%,Non-ICM,2025,202510,19,0,0,0,0
Catholic Health System (Buffalo),NY,All,MD Escalation Rate (LOW) (2026),50.5%,Non-ICM,2025,202511,7,0,0,0,0
Catholic Health System (Buffalo),NY,All,MD Escalation Rate (LOW) (2026),50.5%,Non-ICM,2025,202512,11,0,0,0,0
Catholic Health System (Buffalo),NY,All,MD Escalation Rate (LOW) (2026),50.5%,Non-ICM,2026,202601,15,0,0,0,0
Catholic Health System (Buffalo),NY,All,MD Escalation Rate (LOW) (2026),50.5%,Non-ICM,2026,202602,12,0,0,0,0
Catholic Health System (Buffalo),NY,All,MD Escalation Rate (LOW) (2026),50.5%,Non-ICM,2026,202603,64,0,1,1,0
Catholic Health System (Buffalo),NY,All,MD Escalation Rate (LOW) (2026),50.5%,Non-ICM,2026,202604,91,0,0,0,0
Catholic Health System (Buffalo),NY,All,MD Escalation Rate (LOW) (2026),50.5%,Non-ICM,2026,202605,123,0,1,0,0
Catholic Health System (Buffalo),NY,All,MD Escalation Rate (LOW) (2026),50.5%,Non-ICM,2026,202606,55,0,0,0,0
Catholic Health System (Buffalo),NY,All,MD Escalation Rate (LOW) (2026),50.5%,,2026,202606,7,0,0,0,0
Steward,FL,All,Persistent ADR Rate (HIGH) (2025),100.0%,ICM-owned,2025,202501,321,248,206,147,15
Steward,FL,All,Persistent ADR Rate (HIGH) (2025),100.0%,ICM-owned,2025,202502,309,237,183,108,35
Steward,FL,All,Persistent ADR Rate (HIGH) (2025),100.0%,ICM-owned,2025,202503,360,247,212,137,16
Steward,FL,All,Persistent ADR Rate (HIGH) (2025),100.0%,ICM-owned,2025,202504,255,190,174,138,25
Steward,FL,All,Persistent ADR Rate (HIGH) (2025),100.0%,ICM-owned,2025,202505,220,183,137,112,22
Steward,FL,All,Persistent ADR Rate (HIGH) (2025),100.0%,ICM-owned,2025,202506,32,20,15,7,7
Steward,FL,All,Persistent ADR Rate (HIGH) (2025),100.0%,ICM-owned,2025,202507,183,138,119,89,19
Steward,FL,All,Persistent ADR Rate (HIGH) (2025),100.0%,ICM-owned,2025,202508,209,151,122,83,20
Steward,FL,All,Persistent ADR Rate (HIGH) (2025),100.0%,ICM-owned,2025,202509,254,196,158,118,27
Steward,FL,All,Persistent ADR Rate (HIGH) (2025),100.0%,ICM-owned,2025,202510,160,121,99,77,16
Steward,FL,All,Persistent ADR Rate (HIGH) (2025),100.0%,ICM-owned,2025,202511,75,44,43,35,8
Steward,FL,All,Persistent ADR Rate (HIGH) (2025),100.0%,ICM-owned,2025,202512,15,10,6,5,1
Steward,FL,All,Persistent ADR Rate (HIGH) (2025),100.0%,ICM-owned,2026,202601,32,21,18,16,2
Steward,FL,All,Persistent ADR Rate (HIGH) (2025),100.0%,ICM-owned,2026,202602,6,5,2,1,1
Steward,FL,All,Persistent ADR Rate (HIGH) (2025),100.0%,ICM-owned,2026,202603,9,6,3,2,1
Steward,FL,All,Persistent ADR Rate (HIGH) (2025),100.0%,ICM-owned,2026,202604,14,12,8,7,1
Steward,FL,All,Persistent ADR Rate (HIGH) (2025),100.0%,ICM-owned,2026,202605,6,5,3,3,0
Steward,FL,All,Persistent ADR Rate (HIGH) (2025),100.0%,ICM-owned,2026,202606,28,17,16,11,4
Steward,FL,All,Persistent ADR Rate (HIGH) (2025),100.0%,Non-ICM,2025,202501,4,0,0,0,0
Steward,FL,All,Persistent ADR Rate (HIGH) (2025),100.0%,Non-ICM,2025,202502,9,0,0,0,0
Steward,FL,All,Persistent ADR Rate (HIGH) (2025),100.0%,Non-ICM,2025,202503,10,0,2,0,0
Steward,FL,All,Persistent ADR Rate (HIGH) (2025),100.0%,Non-ICM,2025,202504,6,0,2,1,0
Steward,FL,All,Persistent ADR Rate (HIGH) (2025),100.0%,Non-ICM,2025,202505,61,0,0,0,0
Steward,FL,All,Persistent ADR Rate (HIGH) (2025),100.0%,Non-ICM,2025,202506,163,0,0,0,0
Steward,FL,All,Persistent ADR Rate (HIGH) (2025),100.0%,Non-ICM,2025,202507,52,0,0,0,0
Steward,FL,All,Persistent ADR Rate (HIGH) (2025),100.0%,Non-ICM,2025,202508,2,0,0,0,0
Steward,FL,All,Persistent ADR Rate (HIGH) (2025),100.0%,Non-ICM,2025,202509,2,0,0,0,0
Steward,FL,All,Persistent ADR Rate (HIGH) (2025),100.0%,Non-ICM,2025,202510,4,0,0,0,0
Steward,FL,All,Persistent ADR Rate (HIGH) (2025),100.0%,Non-ICM,2025,202511,1,0,0,0,0
Steward,FL,All,Persistent ADR Rate (HIGH) (2025),100.0%,Non-ICM,2025,202512,2,0,0,0,0
Steward,FL,All,Persistent ADR Rate (HIGH) (2025),100.0%,Non-ICM,2026,202602,1,0,0,0,0
Steward,FL,All,Persistent ADR Rate (HIGH) (2025),100.0%,Non-ICM,2026,202604,2,0,0,0,0
Steward,FL,All,Persistent ADR Rate (HIGH) (2025),100.0%,Non-ICM,2026,202605,2,0,0,0,0
Steward,FL,All,Persistent ADR Rate (HIGH) (2025),100.0%,Non-ICM,2026,202606,1,0,1,1,0
Cape Fear Valley,NC,All,MD Escalation Rate (LOW) (2026),100.0%,ICM-owned,2025,202507,1,1,0,0,0
Cape Fear Valley,NC,All,MD Escalation Rate (LOW) (2026),100.0%,ICM-owned,2026,202603,1,1,0,0,0
Cape Fear Valley,NC,All,MD Escalation Rate (LOW) (2026),100.0%,ICM-owned,2026,202604,58,52,29,19,10
Cape Fear Valley,NC,All,MD Escalation Rate (LOW) (2026),100.0%,ICM-owned,2026,202605,96,83,47,34,14
Cape Fear Valley,NC,All,MD Escalation Rate (LOW) (2026),100.0%,ICM-owned,2026,202606,5,4,0,0,0
Cape Fear Valley,NC,All,MD Escalation Rate (LOW) (2026),100.0%,Non-ICM,2025,202501,126,0,0,0,0
Cape Fear Valley,NC,All,MD Escalation Rate (LOW) (2026),100.0%,Non-ICM,2025,202502,114,0,0,0,0
Cape Fear Valley,NC,All,MD Escalation Rate (LOW) (2026),100.0%,Non-ICM,2025,202503,119,0,0,0,0
Cape Fear Valley,NC,All,MD Escalation Rate (LOW) (2026),100.0%,Non-ICM,2025,202504,123,0,0,0,0
Cape Fear Valley,NC,All,MD Escalation Rate (LOW) (2026),100.0%,Non-ICM,2025,202505,134,0,0,0,0
Cape Fear Valley,NC,All,MD Escalation Rate (LOW) (2026),100.0%,Non-ICM,2025,202506,116,0,0,0,0
Cape Fear Valley,NC,All,MD Escalation Rate (LOW) (2026),100.0%,Non-ICM,2025,202507,120,0,0,0,0
Cape Fear Valley,NC,All,MD Escalation Rate (LOW) (2026),100.0%,Non-ICM,2025,202508,140,0,0,0,0
Cape Fear Valley,NC,All,MD Escalation Rate (LOW) (2026),100.0%,Non-ICM,2025,202509,135,0,0,0,0
Cape Fear Valley,NC,All,MD Escalation Rate (LOW) (2026),100.0%,Non-ICM,2025,202510,154,0,0,0,0
Cape Fear Valley,NC,All,MD Escalation Rate (LOW) (2026),100.0%,Non-ICM,2025,202511,145,0,0,0,0
Cape Fear Valley,NC,All,MD Escalation Rate (LOW) (2026),100.0%,Non-ICM,2025,202512,156,0,0,0,0
Cape Fear Valley,NC,All,MD Escalation Rate (LOW) (2026),100.0%,Non-ICM,2026,202601,199,0,0,0,0
Cape Fear Valley,NC,All,MD Escalation Rate (LOW) (2026),100.0%,Non-ICM,2026,202602,180,0,0,0,0
Cape Fear Valley,NC,All,MD Escalation Rate (LOW) (2026),100.0%,Non-ICM,2026,202603,181,0,0,0,0
Cape Fear Valley,NC,All,MD Escalation Rate (LOW) (2026),100.0%,Non-ICM,2026,202604,109,0,0,0,0
Cape Fear Valley,NC,All,MD Escalation Rate (LOW) (2026),100.0%,Non-ICM,2026,202605,80,0,0,0,0
Cape Fear Valley,NC,All,MD Escalation Rate (LOW) (2026),100.0%,Non-ICM,2026,202606,117,0,0,0,0
Cape Fear Valley,NC,All,MD Escalation Rate (LOW) (2026),100.0%,,2026,202606,7,0,0,0,0
NOVANT HEALTH NEW HANOVER REGIONAL MEDIC,NC,All,MD Escalation Rate (LOW) (2026),96.5%,ICM-owned,2025,202501,62,54,20,15,2
NOVANT HEALTH NEW HANOVER REGIONAL MEDIC,NC,All,MD Escalation Rate (LOW) (2026),96.5%,ICM-owned,2025,202502,54,45,17,12,2
NOVANT HEALTH NEW HANOVER REGIONAL MEDIC,NC,All,MD Escalation Rate (LOW) (2026),96.5%,ICM-owned,2025,202503,28,25,12,6,2
NOVANT HEALTH NEW HANOVER REGIONAL MEDIC,NC,All,MD Escalation Rate (LOW) (2026),96.5%,ICM-owned,2025,202504,38,31,15,10,0
NOVANT HEALTH NEW HANOVER REGIONAL MEDIC,NC,All,MD Escalation Rate (LOW) (2026),96.5%,ICM-owned,2025,202505,32,30,7,5,0
NOVANT HEALTH NEW HANOVER REGIONAL MEDIC,NC,All,MD Escalation Rate (LOW) (2026),96.5%,ICM-owned,2025,202506,49,42,11,6,1
NOVANT HEALTH NEW HANOVER REGIONAL MEDIC,NC,All,MD Escalation Rate (LOW) (2026),96.5%,ICM-owned,2025,202507,38,31,11,8,0
NOVANT HEALTH NEW HANOVER REGIONAL MEDIC,NC,All,MD Escalation Rate (LOW) (2026),96.5%,ICM-owned,2025,202508,55,46,26,19,0
NOVANT HEALTH NEW HANOVER REGIONAL MEDIC,NC,All,MD Escalation Rate (LOW) (2026),96.5%,ICM-owned,2025,202509,44,40,18,12,3
NOVANT HEALTH NEW HANOVER REGIONAL MEDIC,NC,All,MD Escalation Rate (LOW) (2026),96.5%,ICM-owned,2025,202510,46,41,11,9,0
NOVANT HEALTH NEW HANOVER REGIONAL MEDIC,NC,All,MD Escalation Rate (LOW) (2026),96.5%,ICM-owned,2025,202511,45,38,13,8,2
NOVANT HEALTH NEW HANOVER REGIONAL MEDIC,NC,All,MD Escalation Rate (LOW) (2026),96.5%,ICM-owned,2025,202512,60,51,12,8,1
NOVANT HEALTH NEW HANOVER REGIONAL MEDIC,NC,All,MD Escalation Rate (LOW) (2026),96.5%,ICM-owned,2026,202601,34,30,5,4,1
NOVANT HEALTH NEW HANOVER REGIONAL MEDIC,NC,All,MD Escalation Rate (LOW) (2026),96.5%,ICM-owned,2026,202602,32,28,9,7,0
NOVANT HEALTH NEW HANOVER REGIONAL MEDIC,NC,All,MD Escalation Rate (LOW) (2026),96.5%,ICM-owned,2026,202603,33,29,8,4,2
NOVANT HEALTH NEW HANOVER REGIONAL MEDIC,NC,All,MD Escalation Rate (LOW) (2026),96.5%,ICM-owned,2026,202604,35,31,11,9,1
NOVANT HEALTH NEW HANOVER REGIONAL MEDIC,NC,All,MD Escalation Rate (LOW) (2026),96.5%,ICM-owned,2026,202605,34,25,8,6,0
NOVANT HEALTH NEW HANOVER REGIONAL MEDIC,NC,All,MD Escalation Rate (LOW) (2026),96.5%,ICM-owned,2026,202606,29,19,6,3,0
NOVANT HEALTH NEW HANOVER REGIONAL MEDIC,NC,All,MD Escalation Rate (LOW) (2026),96.5%,Non-ICM,2025,202501,86,0,0,0,0
NOVANT HEALTH NEW HANOVER REGIONAL MEDIC,NC,All,MD Escalation Rate (LOW) (2026),96.5%,Non-ICM,2025,202502,65,0,0,0,0
NOVANT HEALTH NEW HANOVER REGIONAL MEDIC,NC,All,MD Escalation Rate (LOW) (2026),96.5%,Non-ICM,2025,202503,95,0,0,0,0
NOVANT HEALTH NEW HANOVER REGIONAL MEDIC,NC,All,MD Escalation Rate (LOW) (2026),96.5%,Non-ICM,2025,202504,80,0,0,0,0
NOVANT HEALTH NEW HANOVER REGIONAL MEDIC,NC,All,MD Escalation Rate (LOW) (2026),96.5%,Non-ICM,2025,202505,69,0,0,0,0
NOVANT HEALTH NEW HANOVER REGIONAL MEDIC,NC,All,MD Escalation Rate (LOW) (2026),96.5%,Non-ICM,2025,202506,83,0,0,0,0
NOVANT HEALTH NEW HANOVER REGIONAL MEDIC,NC,All,MD Escalation Rate (LOW) (2026),96.5%,Non-ICM,2025,202507,100,0,0,0,0
NOVANT HEALTH NEW HANOVER REGIONAL MEDIC,NC,All,MD Escalation Rate (LOW) (2026),96.5%,Non-ICM,2025,202508,89,0,0,0,0
NOVANT HEALTH NEW HANOVER REGIONAL MEDIC,NC,All,MD Escalation Rate (LOW) (2026),96.5%,Non-ICM,2025,202509,113,0,0,0,0
NOVANT HEALTH NEW HANOVER REGIONAL MEDIC,NC,All,MD Escalation Rate (LOW) (2026),96.5%,Non-ICM,2025,202510,114,0,0,0,0
NOVANT HEALTH NEW HANOVER REGIONAL MEDIC,NC,All,MD Escalation Rate (LOW) (2026),96.5%,Non-ICM,2025,202511,91,0,0,0,0
NOVANT HEALTH NEW HANOVER REGIONAL MEDIC,NC,All,MD Escalation Rate (LOW) (2026),96.5%,Non-ICM,2025,202512,115,0,0,0,0
NOVANT HEALTH NEW HANOVER REGIONAL MEDIC,NC,All,MD Escalation Rate (LOW) (2026),96.5%,Non-ICM,2026,202601,102,0,0,0,0
NOVANT HEALTH NEW HANOVER REGIONAL MEDIC,NC,All,MD Escalation Rate (LOW) (2026),96.5%,Non-ICM,2026,202602,91,0,0,0,0
NOVANT HEALTH NEW HANOVER REGIONAL MEDIC,NC,All,MD Escalation Rate (LOW) (2026),96.5%,Non-ICM,2026,202603,121,0,0,0,0
NOVANT HEALTH NEW HANOVER REGIONAL MEDIC,NC,All,MD Escalation Rate (LOW) (2026),96.5%,Non-ICM,2026,202604,115,0,0,0,0
NOVANT HEALTH NEW HANOVER REGIONAL MEDIC,NC,All,MD Escalation Rate (LOW) (2026),96.5%,Non-ICM,2026,202605,98,0,0,0,0
NOVANT HEALTH NEW HANOVER REGIONAL MEDIC,NC,All,MD Escalation Rate (LOW) (2026),96.5%,Non-ICM,2026,202606,87,0,0,0,0
NOVANT HEALTH NEW HANOVER REGIONAL MEDIC,NC,All,MD Escalation Rate (LOW) (2026),96.5%,,2026,202606,8,0,0,0,0
Geisinger,PA,All,MD Escalation Rate (LOW) (2025),83.5%,ICM-owned,2025,202501,26,16,14,4,10
Geisinger,PA,All,MD Escalation Rate (LOW) (2025),83.5%,ICM-owned,2025,202502,34,21,17,11,6
Geisinger,PA,All,MD Escalation Rate (LOW) (2025),83.5%,ICM-owned,2025,202503,27,22,13,6,7
Geisinger,PA,All,MD Escalation Rate (LOW) (2025),83.5%,ICM-owned,2025,202504,27,22,14,5,9
Geisinger,PA,All,MD Escalation Rate (LOW) (2025),83.5%,ICM-owned,2025,202505,29,22,14,6,7
Geisinger,PA,All,MD Escalation Rate (LOW) (2025),83.5%,ICM-owned,2025,202506,25,19,10,6,4
Geisinger,PA,All,MD Escalation Rate (LOW) (2025),83.5%,ICM-owned,2025,202507,27,17,7,4,3
Geisinger,PA,All,MD Escalation Rate (LOW) (2025),83.5%,ICM-owned,2025,202508,23,16,9,3,4
Geisinger,PA,All,MD Escalation Rate (LOW) (2025),83.5%,ICM-owned,2025,202509,24,20,11,5,6
Geisinger,PA,All,MD Escalation Rate (LOW) (2025),83.5%,ICM-owned,2025,202510,2,2,0,0,0
Geisinger,PA,All,MD Escalation Rate (LOW) (2025),83.5%,ICM-owned,2025,202511,2,1,0,0,0
Geisinger,PA,All,MD Escalation Rate (LOW) (2025),83.5%,ICM-owned,2026,202601,3,1,1,1,0
Geisinger,PA,All,MD Escalation Rate (LOW) (2025),83.5%,ICM-owned,2026,202602,1,0,0,0,0
Geisinger,PA,All,MD Escalation Rate (LOW) (2025),83.5%,ICM-owned,2026,202603,3,2,0,0,0
Geisinger,PA,All,MD Escalation Rate (LOW) (2025),83.5%,ICM-owned,2026,202604,1,0,0,0,0
Geisinger,PA,All,MD Escalation Rate (LOW) (2025),83.5%,ICM-owned,2026,202605,21,18,12,5,7
Geisinger,PA,All,MD Escalation Rate (LOW) (2025),83.5%,ICM-owned,2026,202606,11,9,4,1,3
Geisinger,PA,All,MD Escalation Rate (LOW) (2025),83.5%,Non-ICM,2025,202501,82,0,0,0,0
Geisinger,PA,All,MD Escalation Rate (LOW) (2025),83.5%,Non-ICM,2025,202502,72,0,0,0,0
Geisinger,PA,All,MD Escalation Rate (LOW) (2025),83.5%,Non-ICM,2025,202503,80,0,0,0,0
Geisinger,PA,All,MD Escalation Rate (LOW) (2025),83.5%,Non-ICM,2025,202504,54,0,0,0,0
Geisinger,PA,All,MD Escalation Rate (LOW) (2025),83.5%,Non-ICM,2025,202505,108,0,0,0,0
Geisinger,PA,All,MD Escalation Rate (LOW) (2025),83.5%,Non-ICM,2025,202506,104,0,0,0,0
Geisinger,PA,All,MD Escalation Rate (LOW) (2025),83.5%,Non-ICM,2025,202507,79,0,0,0,0
Geisinger,PA,All,MD Escalation Rate (LOW) (2025),83.5%,Non-ICM,2025,202508,83,0,0,0,0
Geisinger,PA,All,MD Escalation Rate (LOW) (2025),83.5%,Non-ICM,2025,202509,103,0,0,0,0
Geisinger,PA,All,MD Escalation Rate (LOW) (2025),83.5%,Non-ICM,2025,202510,134,0,0,0,0
Geisinger,PA,All,MD Escalation Rate (LOW) (2025),83.5%,Non-ICM,2025,202511,121,0,0,0,0
Geisinger,PA,All,MD Escalation Rate (LOW) (2025),83.5%,Non-ICM,2025,202512,92,0,0,0,0
Geisinger,PA,All,MD Escalation Rate (LOW) (2025),83.5%,Non-ICM,2026,202601,132,0,0,0,0
Geisinger,PA,All,MD Escalation Rate (LOW) (2025),83.5%,Non-ICM,2026,202602,106,0,0,0,0
Geisinger,PA,All,MD Escalation Rate (LOW) (2025),83.5%,Non-ICM,2026,202603,115,0,0,0,0
Geisinger,PA,All,MD Escalation Rate (LOW) (2025),83.5%,Non-ICM,2026,202604,133,0,0,0,0
Geisinger,PA,All,MD Escalation Rate (LOW) (2025),83.5%,Non-ICM,2026,202605,153,0,0,0,0
Geisinger,PA,All,MD Escalation Rate (LOW) (2025),83.5%,Non-ICM,2026,202606,79,0,0,0,0
Geisinger,PA,All,MD Escalation Rate (LOW) (2025),83.5%,,2026,202606,9,0,0,0,0
MAYO CLINIC,MN,All,MD Escalation Rate (LOW) (2025),100.0%,ICM-owned,2025,202501,28,14,6,4,1
MAYO CLINIC,MN,All,MD Escalation Rate (LOW) (2025),100.0%,ICM-owned,2025,202502,41,14,8,5,2
MAYO CLINIC,MN,All,MD Escalation Rate (LOW) (2025),100.0%,ICM-owned,2025,202503,38,24,16,8,6
MAYO CLINIC,MN,All,MD Escalation Rate (LOW) (2025),100.0%,ICM-owned,2025,202504,37,20,10,3,4
MAYO CLINIC,MN,All,MD Escalation Rate (LOW) (2025),100.0%,ICM-owned,2025,202505,5,4,4,1,2
MAYO CLINIC,MN,All,MD Escalation Rate (LOW) (2025),100.0%,ICM-owned,2025,202506,4,1,1,0,0
MAYO CLINIC,MN,All,MD Escalation Rate (LOW) (2025),100.0%,ICM-owned,2025,202507,6,5,1,0,1
MAYO CLINIC,MN,All,MD Escalation Rate (LOW) (2025),100.0%,ICM-owned,2025,202508,5,5,3,0,3
MAYO CLINIC,MN,All,MD Escalation Rate (LOW) (2025),100.0%,ICM-owned,2025,202509,8,6,3,1,2
MAYO CLINIC,MN,All,MD Escalation Rate (LOW) (2025),100.0%,ICM-owned,2025,202510,2,2,1,0,1
MAYO CLINIC,MN,All,MD Escalation Rate (LOW) (2025),100.0%,ICM-owned,2025,202511,2,2,1,0,1
MAYO CLINIC,MN,All,MD Escalation Rate (LOW) (2025),100.0%,ICM-owned,2025,202512,1,0,0,0,0
MAYO CLINIC,MN,All,MD Escalation Rate (LOW) (2025),100.0%,ICM-owned,2026,202602,1,0,0,0,0
MAYO CLINIC,MN,All,MD Escalation Rate (LOW) (2025),100.0%,ICM-owned,2026,202603,2,2,2,1,1
MAYO CLINIC,MN,All,MD Escalation Rate (LOW) (2025),100.0%,ICM-owned,2026,202604,1,0,0,0,0
MAYO CLINIC,MN,All,MD Escalation Rate (LOW) (2025),100.0%,ICM-owned,2026,202605,4,2,0,0,0
MAYO CLINIC,MN,All,MD Escalation Rate (LOW) (2025),100.0%,ICM-owned,2026,202606,2,0,1,1,0
MAYO CLINIC,MN,All,MD Escalation Rate (LOW) (2025),100.0%,Non-ICM,2025,202501,97,0,0,0,0
MAYO CLINIC,MN,All,MD Escalation Rate (LOW) (2025),100.0%,Non-ICM,2025,202502,95,0,1,0,0
MAYO CLINIC,MN,All,MD Escalation Rate (LOW) (2025),100.0%,Non-ICM,2025,202503,90,0,0,0,0
MAYO CLINIC,MN,All,MD Escalation Rate (LOW) (2025),100.0%,Non-ICM,2025,202504,99,0,0,0,0
MAYO CLINIC,MN,All,MD Escalation Rate (LOW) (2025),100.0%,Non-ICM,2025,202505,138,0,0,0,0
MAYO CLINIC,MN,All,MD Escalation Rate (LOW) (2025),100.0%,Non-ICM,2025,202506,131,0,0,0,0
MAYO CLINIC,MN,All,MD Escalation Rate (LOW) (2025),100.0%,Non-ICM,2025,202507,156,0,0,0,0
MAYO CLINIC,MN,All,MD Escalation Rate (LOW) (2025),100.0%,Non-ICM,2025,202508,148,0,0,0,0
MAYO CLINIC,MN,All,MD Escalation Rate (LOW) (2025),100.0%,Non-ICM,2025,202509,161,0,1,0,0
MAYO CLINIC,MN,All,MD Escalation Rate (LOW) (2025),100.0%,Non-ICM,2025,202510,141,0,1,0,0
MAYO CLINIC,MN,All,MD Escalation Rate (LOW) (2025),100.0%,Non-ICM,2025,202511,131,0,0,0,0
MAYO CLINIC,MN,All,MD Escalation Rate (LOW) (2025),100.0%,Non-ICM,2025,202512,135,0,0,0,0
MAYO CLINIC,MN,All,MD Escalation Rate (LOW) (2025),100.0%,Non-ICM,2026,202601,57,0,0,0,0
MAYO CLINIC,MN,All,MD Escalation Rate (LOW) (2025),100.0%,Non-ICM,2026,202602,63,0,0,0,0
MAYO CLINIC,MN,All,MD Escalation Rate (LOW) (2025),100.0%,Non-ICM,2026,202603,81,0,0,0,0
MAYO CLINIC,MN,All,MD Escalation Rate (LOW) (2025),100.0%,Non-ICM,2026,202604,68,0,1,1,0
MAYO CLINIC,MN,All,MD Escalation Rate (LOW) (2025),100.0%,Non-ICM,2026,202605,62,0,0,0,0
MAYO CLINIC,MN,All,MD Escalation Rate (LOW) (2025),100.0%,Non-ICM,2026,202606,55,0,0,0,0
MAYO CLINIC,MN,All,MD Escalation Rate (LOW) (2025),100.0%,,2026,202606,3,0,0,0,0
Ascension MI,MI,All,MD Escalation Rate (LOW) (2025),100.0%,ICM-owned,2025,202501,18,16,11,9,0
Ascension MI,MI,All,MD Escalation Rate (LOW) (2025),100.0%,ICM-owned,2025,202502,15,11,6,3,0
Ascension MI,MI,All,MD Escalation Rate (LOW) (2025),100.0%,ICM-owned,2025,202503,18,14,6,3,0
Ascension MI,MI,All,MD Escalation Rate (LOW) (2025),100.0%,ICM-owned,2025,202504,19,12,9,4,0
Ascension MI,MI,All,MD Escalation Rate (LOW) (2025),100.0%,ICM-owned,2025,202505,12,12,3,1,0
Ascension MI,MI,All,MD Escalation Rate (LOW) (2025),100.0%,ICM-owned,2025,202506,16,14,9,7,0
Ascension MI,MI,All,MD Escalation Rate (LOW) (2025),100.0%,ICM-owned,2025,202507,20,16,9,7,0
Ascension MI,MI,All,MD Escalation Rate (LOW) (2025),100.0%,ICM-owned,2025,202508,16,14,11,8,0
Ascension MI,MI,All,MD Escalation Rate (LOW) (2025),100.0%,ICM-owned,2025,202509,14,12,10,8,0
Ascension MI,MI,All,MD Escalation Rate (LOW) (2025),100.0%,ICM-owned,2025,202510,9,9,4,3,0
Ascension MI,MI,All,MD Escalation Rate (LOW) (2025),100.0%,ICM-owned,2025,202511,15,15,11,10,0
Ascension MI,MI,All,MD Escalation Rate (LOW) (2025),100.0%,ICM-owned,2025,202512,15,10,3,2,0
Ascension MI,MI,All,MD Escalation Rate (LOW) (2025),100.0%,ICM-owned,2026,202601,7,7,5,5,0
Ascension MI,MI,All,MD Escalation Rate (LOW) (2025),100.0%,ICM-owned,2026,202602,1,1,1,1,0
Ascension MI,MI,All,MD Escalation Rate (LOW) (2025),100.0%,ICM-owned,2026,202605,1,0,0,0,0
Ascension MI,MI,All,MD Escalation Rate (LOW) (2025),100.0%,ICM-owned,2026,202606,1,0,1,1,0
Ascension MI,MI,All,MD Escalation Rate (LOW) (2025),100.0%,Non-ICM,2025,202501,85,0,0,0,0
Ascension MI,MI,All,MD Escalation Rate (LOW) (2025),100.0%,Non-ICM,2025,202502,94,0,0,0,0
Ascension MI,MI,All,MD Escalation Rate (LOW) (2025),100.0%,Non-ICM,2025,202503,106,0,0,0,0
Ascension MI,MI,All,MD Escalation Rate (LOW) (2025),100.0%,Non-ICM,2025,202504,94,0,0,0,0
Ascension MI,MI,All,MD Escalation Rate (LOW) (2025),100.0%,Non-ICM,2025,202505,89,0,0,0,0
Ascension MI,MI,All,MD Escalation Rate (LOW) (2025),100.0%,Non-ICM,2025,202506,95,0,0,0,0
Ascension MI,MI,All,MD Escalation Rate (LOW) (2025),100.0%,Non-ICM,2025,202507,90,0,1,0,0
Ascension MI,MI,All,MD Escalation Rate (LOW) (2025),100.0%,Non-ICM,2025,202508,95,0,1,0,0
Ascension MI,MI,All,MD Escalation Rate (LOW) (2025),100.0%,Non-ICM,2025,202509,100,0,0,0,0
Ascension MI,MI,All,MD Escalation Rate (LOW) (2025),100.0%,Non-ICM,2025,202510,112,0,0,0,0
Ascension MI,MI,All,MD Escalation Rate (LOW) (2025),100.0%,Non-ICM,2025,202511,85,0,0,0,0
Ascension MI,MI,All,MD Escalation Rate (LOW) (2025),100.0%,Non-ICM,2025,202512,100,0,0,0,0
Ascension MI,MI,All,MD Escalation Rate (LOW) (2025),100.0%,Non-ICM,2026,202601,78,0,0,0,0
Ascension MI,MI,All,MD Escalation Rate (LOW) (2025),100.0%,Non-ICM,2026,202602,79,0,1,0,0
Ascension MI,MI,All,MD Escalation Rate (LOW) (2025),100.0%,Non-ICM,2026,202603,69,0,0,0,0
Ascension MI,MI,All,MD Escalation Rate (LOW) (2025),100.0%,Non-ICM,2026,202604,90,0,0,0,0
Ascension MI,MI,All,MD Escalation Rate (LOW) (2025),100.0%,Non-ICM,2026,202605,71,0,0,0,0
Ascension MI,MI,All,MD Escalation Rate (LOW) (2025),100.0%,Non-ICM,2026,202606,41,0,0,0,0
Ascension MI,MI,All,MD Escalation Rate (LOW) (2025),100.0%,,2026,202606,4,0,0,0,0
SURGICAL CARE AFFILIATES,IL,All,MD Escalation Rate (LOW) (2025),100.0%,ICM-owned,2025,202501,10,1,0,0,0
SURGICAL CARE AFFILIATES,IL,All,MD Escalation Rate (LOW) (2025),100.0%,ICM-owned,2025,202502,7,1,0,0,0
SURGICAL CARE AFFILIATES,IL,All,MD Escalation Rate (LOW) (2025),100.0%,ICM-owned,2025,202503,5,1,0,0,0
SURGICAL CARE AFFILIATES,IL,All,MD Escalation Rate (LOW) (2025),100.0%,ICM-owned,2025,202504,10,4,2,0,2
SURGICAL CARE AFFILIATES,IL,All,MD Escalation Rate (LOW) (2025),100.0%,ICM-owned,2025,202505,42,2,1,0,1
SURGICAL CARE AFFILIATES,IL,All,MD Escalation Rate (LOW) (2025),100.0%,ICM-owned,2025,202506,8,1,1,1,0
SURGICAL CARE AFFILIATES,IL,All,MD Escalation Rate (LOW) (2025),100.0%,ICM-owned,2025,202507,9,4,1,1,0
SURGICAL CARE AFFILIATES,IL,All,MD Escalation Rate (LOW) (2025),100.0%,ICM-owned,2025,202508,5,1,0,0,0
SURGICAL CARE AFFILIATES,IL,All,MD Escalation Rate (LOW) (2025),100.0%,ICM-owned,2025,202509,8,2,1,0,1
SURGICAL CARE AFFILIATES,IL,All,MD Escalation Rate (LOW) (2025),100.0%,ICM-owned,2025,202510,9,4,2,1,1
SURGICAL CARE AFFILIATES,IL,All,MD Escalation Rate (LOW) (2025),100.0%,ICM-owned,2025,202511,11,3,1,0,1
SURGICAL CARE AFFILIATES,IL,All,MD Escalation Rate (LOW) (2025),100.0%,ICM-owned,2025,202512,13,2,2,2,0
SURGICAL CARE AFFILIATES,IL,All,MD Escalation Rate (LOW) (2025),100.0%,ICM-owned,2026,202601,12,2,0,0,0
SURGICAL CARE AFFILIATES,IL,All,MD Escalation Rate (LOW) (2025),100.0%,ICM-owned,2026,202602,9,0,0,0,0
SURGICAL CARE AFFILIATES,IL,All,MD Escalation Rate (LOW) (2025),100.0%,ICM-owned,2026,202603,9,2,2,1,0
SURGICAL CARE AFFILIATES,IL,All,MD Escalation Rate (LOW) (2025),100.0%,ICM-owned,2026,202604,8,3,1,1,0
SURGICAL CARE AFFILIATES,IL,All,MD Escalation Rate (LOW) (2025),100.0%,ICM-owned,2026,202605,10,2,1,1,0
SURGICAL CARE AFFILIATES,IL,All,MD Escalation Rate (LOW) (2025),100.0%,ICM-owned,2026,202606,5,2,1,1,0
SURGICAL CARE AFFILIATES,IL,All,MD Escalation Rate (LOW) (2025),100.0%,Non-ICM,2025,202501,88,0,0,0,0
SURGICAL CARE AFFILIATES,IL,All,MD Escalation Rate (LOW) (2025),100.0%,Non-ICM,2025,202502,85,0,0,0,0
SURGICAL CARE AFFILIATES,IL,All,MD Escalation Rate (LOW) (2025),100.0%,Non-ICM,2025,202503,93,0,0,0,0
SURGICAL CARE AFFILIATES,IL,All,MD Escalation Rate (LOW) (2025),100.0%,Non-ICM,2025,202504,79,0,0,0,0
SURGICAL CARE AFFILIATES,IL,All,MD Escalation Rate (LOW) (2025),100.0%,Non-ICM,2025,202505,44,0,0,0,0
SURGICAL CARE AFFILIATES,IL,All,MD Escalation Rate (LOW) (2025),100.0%,Non-ICM,2025,202506,82,0,0,0,0
SURGICAL CARE AFFILIATES,IL,All,MD Escalation Rate (LOW) (2025),100.0%,Non-ICM,2025,202507,65,0,0,0,0
SURGICAL CARE AFFILIATES,IL,All,MD Escalation Rate (LOW) (2025),100.0%,Non-ICM,2025,202508,57,0,1,0,0
SURGICAL CARE AFFILIATES,IL,All,MD Escalation Rate (LOW) (2025),100.0%,Non-ICM,2025,202509,79,0,0,0,0
SURGICAL CARE AFFILIATES,IL,All,MD Escalation Rate (LOW) (2025),100.0%,Non-ICM,2025,202510,69,0,0,0,0
SURGICAL CARE AFFILIATES,IL,All,MD Escalation Rate (LOW) (2025),100.0%,Non-ICM,2025,202511,79,0,0,0,0
SURGICAL CARE AFFILIATES,IL,All,MD Escalation Rate (LOW) (2025),100.0%,Non-ICM,2025,202512,73,0,0,0,0
SURGICAL CARE AFFILIATES,IL,All,MD Escalation Rate (LOW) (2025),100.0%,Non-ICM,2026,202601,83,0,0,0,0
SURGICAL CARE AFFILIATES,IL,All,MD Escalation Rate (LOW) (2025),100.0%,Non-ICM,2026,202602,77,0,0,0,0
SURGICAL CARE AFFILIATES,IL,All,MD Escalation Rate (LOW) (2025),100.0%,Non-ICM,2026,202603,76,0,0,0,0
SURGICAL CARE AFFILIATES,IL,All,MD Escalation Rate (LOW) (2025),100.0%,Non-ICM,2026,202604,75,0,0,0,0
SURGICAL CARE AFFILIATES,IL,All,MD Escalation Rate (LOW) (2025),100.0%,Non-ICM,2026,202605,77,0,0,0,0
SURGICAL CARE AFFILIATES,IL,All,MD Escalation Rate (LOW) (2025),100.0%,Non-ICM,2026,202606,60,0,0,0,0
SURGICAL CARE AFFILIATES,IL,All,MD Escalation Rate (LOW) (2025),100.0%,,2026,202606,1,0,0,0,0
FLOYD HEALTHCARE MANAGEMENT,GA,All,Member Appeal Rate (HIGH) (2026),100.0%,ICM-owned,2025,202501,76,65,36,18,16
FLOYD HEALTHCARE MANAGEMENT,GA,All,Member Appeal Rate (HIGH) (2026),100.0%,ICM-owned,2025,202502,78,62,34,18,16
FLOYD HEALTHCARE MANAGEMENT,GA,All,Member Appeal Rate (HIGH) (2026),100.0%,ICM-owned,2025,202503,77,65,40,18,22
FLOYD HEALTHCARE MANAGEMENT,GA,All,Member Appeal Rate (HIGH) (2026),100.0%,ICM-owned,2025,202504,80,68,40,21,18
FLOYD HEALTHCARE MANAGEMENT,GA,All,Member Appeal Rate (HIGH) (2026),100.0%,ICM-owned,2025,202505,66,62,35,18,16
FLOYD HEALTHCARE MANAGEMENT,GA,All,Member Appeal Rate (HIGH) (2026),100.0%,ICM-owned,2025,202506,81,73,39,19,17
FLOYD HEALTHCARE MANAGEMENT,GA,All,Member Appeal Rate (HIGH) (2026),100.0%,ICM-owned,2025,202507,82,74,26,15,11
FLOYD HEALTHCARE MANAGEMENT,GA,All,Member Appeal Rate (HIGH) (2026),100.0%,ICM-owned,2025,202508,84,72,38,17,19
FLOYD HEALTHCARE MANAGEMENT,GA,All,Member Appeal Rate (HIGH) (2026),100.0%,ICM-owned,2025,202509,109,96,47,21,24
FLOYD HEALTHCARE MANAGEMENT,GA,All,Member Appeal Rate (HIGH) (2026),100.0%,ICM-owned,2025,202510,108,96,42,25,16
FLOYD HEALTHCARE MANAGEMENT,GA,All,Member Appeal Rate (HIGH) (2026),100.0%,ICM-owned,2025,202511,85,68,24,13,11
FLOYD HEALTHCARE MANAGEMENT,GA,All,Member Appeal Rate (HIGH) (2026),100.0%,ICM-owned,2025,202512,99,90,37,20,16
FLOYD HEALTHCARE MANAGEMENT,GA,All,Member Appeal Rate (HIGH) (2026),100.0%,ICM-owned,2026,202601,72,68,26,12,9
FLOYD HEALTHCARE MANAGEMENT,GA,All,Member Appeal Rate (HIGH) (2026),100.0%,ICM-owned,2026,202602,78,74,31,11,0
FLOYD HEALTHCARE MANAGEMENT,GA,All,Member Appeal Rate (HIGH) (2026),100.0%,ICM-owned,2026,202603,68,62,29,10,0
FLOYD HEALTHCARE MANAGEMENT,GA,All,Member Appeal Rate (HIGH) (2026),100.0%,ICM-owned,2026,202604,68,65,27,7,0
FLOYD HEALTHCARE MANAGEMENT,GA,All,Member Appeal Rate (HIGH) (2026),100.0%,ICM-owned,2026,202605,87,84,37,14,0
FLOYD HEALTHCARE MANAGEMENT,GA,All,Member Appeal Rate (HIGH) (2026),100.0%,ICM-owned,2026,202606,65,57,20,9,0
FLOYD HEALTHCARE MANAGEMENT,GA,All,Member Appeal Rate (HIGH) (2026),100.0%,Non-ICM,2025,202501,3,0,0,0,0
FLOYD HEALTHCARE MANAGEMENT,GA,All,Member Appeal Rate (HIGH) (2026),100.0%,Non-ICM,2025,202502,1,0,0,0,0
FLOYD HEALTHCARE MANAGEMENT,GA,All,Member Appeal Rate (HIGH) (2026),100.0%,Non-ICM,2025,202503,2,0,0,0,0
FLOYD HEALTHCARE MANAGEMENT,GA,All,Member Appeal Rate (HIGH) (2026),100.0%,Non-ICM,2025,202505,3,0,0,0,0
FLOYD HEALTHCARE MANAGEMENT,GA,All,Member Appeal Rate (HIGH) (2026),100.0%,Non-ICM,2025,202506,5,0,0,0,0
FLOYD HEALTHCARE MANAGEMENT,GA,All,Member Appeal Rate (HIGH) (2026),100.0%,Non-ICM,2025,202507,7,0,0,0,0
FLOYD HEALTHCARE MANAGEMENT,GA,All,Member Appeal Rate (HIGH) (2026),100.0%,Non-ICM,2025,202508,5,0,0,0,0
FLOYD HEALTHCARE MANAGEMENT,GA,All,Member Appeal Rate (HIGH) (2026),100.0%,Non-ICM,2025,202509,5,0,0,0,0
FLOYD HEALTHCARE MANAGEMENT,GA,All,Member Appeal Rate (HIGH) (2026),100.0%,Non-ICM,2025,202510,8,0,0,0,0
FLOYD HEALTHCARE MANAGEMENT,GA,All,Member Appeal Rate (HIGH) (2026),100.0%,Non-ICM,2025,202511,2,0,0,0,0
FLOYD HEALTHCARE MANAGEMENT,GA,All,Member Appeal Rate (HIGH) (2026),100.0%,Non-ICM,2025,202512,3,0,0,0,0
FLOYD HEALTHCARE MANAGEMENT,GA,All,Member Appeal Rate (HIGH) (2026),100.0%,Non-ICM,2026,202601,1,0,0,0,0
FLOYD HEALTHCARE MANAGEMENT,GA,All,Member Appeal Rate (HIGH) (2026),100.0%,Non-ICM,2026,202603,1,0,0,0,0
FLOYD HEALTHCARE MANAGEMENT,GA,All,Member Appeal Rate (HIGH) (2026),100.0%,Non-ICM,2026,202604,2,0,0,0,0
FLOYD HEALTHCARE MANAGEMENT,GA,All,Member Appeal Rate (HIGH) (2026),100.0%,Non-ICM,2026,202605,1,0,0,0,0
FLOYD HEALTHCARE MANAGEMENT,GA,All,Member Appeal Rate (HIGH) (2026),100.0%,Non-ICM,2026,202606,1,0,0,0,0
FLOYD HEALTHCARE MANAGEMENT,GA,All,Member Appeal Rate (HIGH) (2026),100.0%,,2026,202606,2,2,0,0,0
Englewood Hospital,NJ,All,Persistent ADR Rate (HIGH) (2026),92.5%,ICM-owned,2025,202501,76,55,33,22,0
Englewood Hospital,NJ,All,Persistent ADR Rate (HIGH) (2026),92.5%,ICM-owned,2025,202502,88,64,28,16,0
Englewood Hospital,NJ,All,Persistent ADR Rate (HIGH) (2026),92.5%,ICM-owned,2025,202503,85,65,37,21,1
Englewood Hospital,NJ,All,Persistent ADR Rate (HIGH) (2026),92.5%,ICM-owned,2025,202504,69,53,32,21,0
Englewood Hospital,NJ,All,Persistent ADR Rate (HIGH) (2026),92.5%,ICM-owned,2025,202505,73,56,36,27,0
Englewood Hospital,NJ,All,Persistent ADR Rate (HIGH) (2026),92.5%,ICM-owned,2025,202506,73,53,29,19,0
Englewood Hospital,NJ,All,Persistent ADR Rate (HIGH) (2026),92.5%,ICM-owned,2025,202507,59,40,22,11,0
Englewood Hospital,NJ,All,Persistent ADR Rate (HIGH) (2026),92.5%,ICM-owned,2025,202508,67,51,30,22,0
Englewood Hospital,NJ,All,Persistent ADR Rate (HIGH) (2026),92.5%,ICM-owned,2025,202509,61,47,29,18,0
Englewood Hospital,NJ,All,Persistent ADR Rate (HIGH) (2026),92.5%,ICM-owned,2025,202510,59,40,23,16,1
Englewood Hospital,NJ,All,Persistent ADR Rate (HIGH) (2026),92.5%,ICM-owned,2025,202511,85,54,40,31,0
Englewood Hospital,NJ,All,Persistent ADR Rate (HIGH) (2026),92.5%,ICM-owned,2025,202512,91,68,55,40,0
Englewood Hospital,NJ,All,Persistent ADR Rate (HIGH) (2026),92.5%,ICM-owned,2026,202601,68,48,39,27,1
Englewood Hospital,NJ,All,Persistent ADR Rate (HIGH) (2026),92.5%,ICM-owned,2026,202602,65,49,42,32,1
Englewood Hospital,NJ,All,Persistent ADR Rate (HIGH) (2026),92.5%,ICM-owned,2026,202603,66,49,42,39,1
Englewood Hospital,NJ,All,Persistent ADR Rate (HIGH) (2026),92.5%,ICM-owned,2026,202604,72,58,45,38,3
Englewood Hospital,NJ,All,Persistent ADR Rate (HIGH) (2026),92.5%,ICM-owned,2026,202605,65,45,45,43,0
Englewood Hospital,NJ,All,Persistent ADR Rate (HIGH) (2026),92.5%,ICM-owned,2026,202606,38,29,17,17,0
Englewood Hospital,NJ,All,Persistent ADR Rate (HIGH) (2026),92.5%,Non-ICM,2025,202501,3,0,0,0,0
Englewood Hospital,NJ,All,Persistent ADR Rate (HIGH) (2026),92.5%,Non-ICM,2025,202502,15,0,0,0,0
Englewood Hospital,NJ,All,Persistent ADR Rate (HIGH) (2026),92.5%,Non-ICM,2025,202503,11,0,1,1,0
Englewood Hospital,NJ,All,Persistent ADR Rate (HIGH) (2026),92.5%,Non-ICM,2025,202504,10,0,0,0,0
Englewood Hospital,NJ,All,Persistent ADR Rate (HIGH) (2026),92.5%,Non-ICM,2025,202505,17,0,0,0,0
Englewood Hospital,NJ,All,Persistent ADR Rate (HIGH) (2026),92.5%,Non-ICM,2025,202506,14,0,0,0,0
Englewood Hospital,NJ,All,Persistent ADR Rate (HIGH) (2026),92.5%,Non-ICM,2025,202507,11,0,0,0,0
Englewood Hospital,NJ,All,Persistent ADR Rate (HIGH) (2026),92.5%,Non-ICM,2025,202508,6,0,0,0,0
Englewood Hospital,NJ,All,Persistent ADR Rate (HIGH) (2026),92.5%,Non-ICM,2025,202509,9,0,0,0,0
Englewood Hospital,NJ,All,Persistent ADR Rate (HIGH) (2026),92.5%,Non-ICM,2025,202510,12,0,0,0,0
Englewood Hospital,NJ,All,Persistent ADR Rate (HIGH) (2026),92.5%,Non-ICM,2025,202511,6,0,0,0,0
Englewood Hospital,NJ,All,Persistent ADR Rate (HIGH) (2026),92.5%,Non-ICM,2025,202512,12,0,0,0,0
Englewood Hospital,NJ,All,Persistent ADR Rate (HIGH) (2026),92.5%,Non-ICM,2026,202601,12,0,0,0,0
Englewood Hospital,NJ,All,Persistent ADR Rate (HIGH) (2026),92.5%,Non-ICM,2026,202602,7,0,0,0,0
Englewood Hospital,NJ,All,Persistent ADR Rate (HIGH) (2026),92.5%,Non-ICM,2026,202603,10,0,0,0,0
Englewood Hospital,NJ,All,Persistent ADR Rate (HIGH) (2026),92.5%,Non-ICM,2026,202604,8,0,0,0,0
Englewood Hospital,NJ,All,Persistent ADR Rate (HIGH) (2026),92.5%,Non-ICM,2026,202605,10,0,1,0,0
Englewood Hospital,NJ,All,Persistent ADR Rate (HIGH) (2026),92.5%,Non-ICM,2026,202606,10,0,0,0,0
Englewood Hospital,NJ,All,Persistent ADR Rate (HIGH) (2026),92.5%,,2026,202606,4,0,0,0,0
HEALTH CARE AUTHORITY OF THE CITY OF ANN,AL,All,MD Escalation Rate (LOW) (2025),100.0%,ICM-owned,2025,202501,22,14,11,6,0
HEALTH CARE AUTHORITY OF THE CITY OF ANN,AL,All,MD Escalation Rate (LOW) (2025),100.0%,ICM-owned,2025,202502,14,10,4,1,0
HEALTH CARE AUTHORITY OF THE CITY OF ANN,AL,All,MD Escalation Rate (LOW) (2025),100.0%,ICM-owned,2025,202503,16,14,8,6,0
HEALTH CARE AUTHORITY OF THE CITY OF ANN,AL,All,MD Escalation Rate (LOW) (2025),100.0%,ICM-owned,2025,202504,10,8,3,3,0
HEALTH CARE AUTHORITY OF THE CITY OF ANN,AL,All,MD Escalation Rate (LOW) (2025),100.0%,ICM-owned,2025,202506,4,4,4,3,0
HEALTH CARE AUTHORITY OF THE CITY OF ANN,AL,All,MD Escalation Rate (LOW) (2025),100.0%,ICM-owned,2025,202507,1,0,0,0,0
HEALTH CARE AUTHORITY OF THE CITY OF ANN,AL,All,MD Escalation Rate (LOW) (2025),100.0%,ICM-owned,2025,202508,2,1,0,0,0
HEALTH CARE AUTHORITY OF THE CITY OF ANN,AL,All,MD Escalation Rate (LOW) (2025),100.0%,ICM-owned,2025,202509,2,2,0,0,0
HEALTH CARE AUTHORITY OF THE CITY OF ANN,AL,All,MD Escalation Rate (LOW) (2025),100.0%,ICM-owned,2025,202512,1,1,0,0,0
HEALTH CARE AUTHORITY OF THE CITY OF ANN,AL,All,MD Escalation Rate (LOW) (2025),100.0%,ICM-owned,2026,202602,17,16,10,8,0
HEALTH CARE AUTHORITY OF THE CITY OF ANN,AL,All,MD Escalation Rate (LOW) (2025),100.0%,ICM-owned,2026,202603,58,52,29,27,0
HEALTH CARE AUTHORITY OF THE CITY OF ANN,AL,All,MD Escalation Rate (LOW) (2025),100.0%,ICM-owned,2026,202604,29,22,11,3,0
HEALTH CARE AUTHORITY OF THE CITY OF ANN,AL,All,MD Escalation Rate (LOW) (2025),100.0%,ICM-owned,2026,202605,45,32,18,15,0
HEALTH CARE AUTHORITY OF THE CITY OF ANN,AL,All,MD Escalation Rate (LOW) (2025),100.0%,ICM-owned,2026,202606,11,7,4,4,0
HEALTH CARE AUTHORITY OF THE CITY OF ANN,AL,All,MD Escalation Rate (LOW) (2025),100.0%,Non-ICM,2025,202501,59,0,0,0,0
HEALTH CARE AUTHORITY OF THE CITY OF ANN,AL,All,MD Escalation Rate (LOW) (2025),100.0%,Non-ICM,2025,202502,71,0,0,0,0
HEALTH CARE AUTHORITY OF THE CITY OF ANN,AL,All,MD Escalation Rate (LOW) (2025),100.0%,Non-ICM,2025,202503,52,0,0,0,0
HEALTH CARE AUTHORITY OF THE CITY OF ANN,AL,All,MD Escalation Rate (LOW) (2025),100.0%,Non-ICM,2025,202504,48,0,0,0,0
HEALTH CARE AUTHORITY OF THE CITY OF ANN,AL,All,MD Escalation Rate (LOW) (2025),100.0%,Non-ICM,2025,202505,68,0,0,0,0
HEALTH CARE AUTHORITY OF THE CITY OF ANN,AL,All,MD Escalation Rate (LOW) (2025),100.0%,Non-ICM,2025,202506,69,0,0,0,0
HEALTH CARE AUTHORITY OF THE CITY OF ANN,AL,All,MD Escalation Rate (LOW) (2025),100.0%,Non-ICM,2025,202507,73,0,0,0,0
HEALTH CARE AUTHORITY OF THE CITY OF ANN,AL,All,MD Escalation Rate (LOW) (2025),100.0%,Non-ICM,2025,202508,64,0,0,0,0
HEALTH CARE AUTHORITY OF THE CITY OF ANN,AL,All,MD Escalation Rate (LOW) (2025),100.0%,Non-ICM,2025,202509,78,0,0,0,0
HEALTH CARE AUTHORITY OF THE CITY OF ANN,AL,All,MD Escalation Rate (LOW) (2025),100.0%,Non-ICM,2025,202510,69,0,0,0,0
HEALTH CARE AUTHORITY OF THE CITY OF ANN,AL,All,MD Escalation Rate (LOW) (2025),100.0%,Non-ICM,2025,202511,62,0,0,0,0
HEALTH CARE AUTHORITY OF THE CITY OF ANN,AL,All,MD Escalation Rate (LOW) (2025),100.0%,Non-ICM,2025,202512,75,0,0,0,0
HEALTH CARE AUTHORITY OF THE CITY OF ANN,AL,All,MD Escalation Rate (LOW) (2025),100.0%,Non-ICM,2026,202601,43,0,0,0,0
HEALTH CARE AUTHORITY OF THE CITY OF ANN,AL,All,MD Escalation Rate (LOW) (2025),100.0%,Non-ICM,2026,202602,34,0,0,0,0
HEALTH CARE AUTHORITY OF THE CITY OF ANN,AL,All,MD Escalation Rate (LOW) (2025),100.0%,Non-ICM,2026,202603,1,0,0,0,0
HEALTH CARE AUTHORITY OF THE CITY OF ANN,AL,All,MD Escalation Rate (LOW) (2025),100.0%,Non-ICM,2026,202604,31,0,0,0,0
HEALTH CARE AUTHORITY OF THE CITY OF ANN,AL,All,MD Escalation Rate (LOW) (2025),100.0%,Non-ICM,2026,202605,8,0,0,0,0
HEALTH CARE AUTHORITY OF THE CITY OF ANN,AL,All,MD Escalation Rate (LOW) (2025),100.0%,Non-ICM,2026,202606,31,0,0,0,0
HEALTH CARE AUTHORITY OF THE CITY OF ANN,AL,All,MD Escalation Rate (LOW) (2025),100.0%,,2026,202606,2,0,0,0,0
Carle Foundation,IL,All,MD Escalation Rate (LOW) (2025),100.0%,ICM-owned,2025,202501,32,3,0,0,0
Carle Foundation,IL,All,MD Escalation Rate (LOW) (2025),100.0%,ICM-owned,2025,202502,36,2,1,0,1
Carle Foundation,IL,All,MD Escalation Rate (LOW) (2025),100.0%,ICM-owned,2025,202503,32,3,1,1,0
Carle Foundation,IL,All,MD Escalation Rate (LOW) (2025),100.0%,ICM-owned,2025,202504,23,1,1,0,1
Carle Foundation,IL,All,MD Escalation Rate (LOW) (2025),100.0%,ICM-owned,2025,202505,39,1,0,0,0
Carle Foundation,IL,All,MD Escalation Rate (LOW) (2025),100.0%,ICM-owned,2025,202506,28,3,2,0,2
Carle Foundation,IL,All,MD Escalation Rate (LOW) (2025),100.0%,ICM-owned,2025,202507,37,7,5,4,1
Carle Foundation,IL,All,MD Escalation Rate (LOW) (2025),100.0%,ICM-owned,2025,202508,27,7,3,1,2
Carle Foundation,IL,All,MD Escalation Rate (LOW) (2025),100.0%,ICM-owned,2025,202509,34,6,4,2,1
Carle Foundation,IL,All,MD Escalation Rate (LOW) (2025),100.0%,ICM-owned,2025,202510,33,3,0,0,0
Carle Foundation,IL,All,MD Escalation Rate (LOW) (2025),100.0%,ICM-owned,2025,202511,34,1,1,1,0
Carle Foundation,IL,All,MD Escalation Rate (LOW) (2025),100.0%,ICM-owned,2025,202512,33,14,7,4,3
Carle Foundation,IL,All,MD Escalation Rate (LOW) (2025),100.0%,ICM-owned,2026,202601,31,27,14,6,7
Carle Foundation,IL,All,MD Escalation Rate (LOW) (2025),100.0%,ICM-owned,2026,202602,26,26,17,5,11
Carle Foundation,IL,All,MD Escalation Rate (LOW) (2025),100.0%,ICM-owned,2026,202603,49,39,20,10,10
Carle Foundation,IL,All,MD Escalation Rate (LOW) (2025),100.0%,ICM-owned,2026,202604,69,57,33,19,13
Carle Foundation,IL,All,MD Escalation Rate (LOW) (2025),100.0%,ICM-owned,2026,202605,58,45,34,15,19
Carle Foundation,IL,All,MD Escalation Rate (LOW) (2025),100.0%,ICM-owned,2026,202606,38,30,13,5,7
Carle Foundation,IL,All,MD Escalation Rate (LOW) (2025),100.0%,Non-ICM,2025,202501,11,0,0,0,0
Carle Foundation,IL,All,MD Escalation Rate (LOW) (2025),100.0%,Non-ICM,2025,202502,11,0,0,0,0
Carle Foundation,IL,All,MD Escalation Rate (LOW) (2025),100.0%,Non-ICM,2025,202503,17,0,0,0,0
Carle Foundation,IL,All,MD Escalation Rate (LOW) (2025),100.0%,Non-ICM,2025,202504,11,0,0,0,0
Carle Foundation,IL,All,MD Escalation Rate (LOW) (2025),100.0%,Non-ICM,2025,202505,14,0,0,0,0
Carle Foundation,IL,All,MD Escalation Rate (LOW) (2025),100.0%,Non-ICM,2025,202506,38,0,0,0,0
Carle Foundation,IL,All,MD Escalation Rate (LOW) (2025),100.0%,Non-ICM,2025,202507,44,0,0,0,0
Carle Foundation,IL,All,MD Escalation Rate (LOW) (2025),100.0%,Non-ICM,2025,202508,40,0,0,0,0
Carle Foundation,IL,All,MD Escalation Rate (LOW) (2025),100.0%,Non-ICM,2025,202509,44,0,0,0,0
Carle Foundation,IL,All,MD Escalation Rate (LOW) (2025),100.0%,Non-ICM,2025,202510,42,0,0,0,0
Carle Foundation,IL,All,MD Escalation Rate (LOW) (2025),100.0%,Non-ICM,2025,202511,45,0,0,0,0
Carle Foundation,IL,All,MD Escalation Rate (LOW) (2025),100.0%,Non-ICM,2025,202512,45,0,0,0,0
Carle Foundation,IL,All,MD Escalation Rate (LOW) (2025),100.0%,Non-ICM,2026,202601,45,0,0,0,0
Carle Foundation,IL,All,MD Escalation Rate (LOW) (2025),100.0%,Non-ICM,2026,202602,27,0,0,0,0
Carle Foundation,IL,All,MD Escalation Rate (LOW) (2025),100.0%,Non-ICM,2026,202603,22,0,0,0,0
Carle Foundation,IL,All,MD Escalation Rate (LOW) (2025),100.0%,Non-ICM,2026,202604,7,0,0,0,0
Carle Foundation,IL,All,MD Escalation Rate (LOW) (2025),100.0%,Non-ICM,2026,202605,8,0,0,0,0
Carle Foundation,IL,All,MD Escalation Rate (LOW) (2025),100.0%,Non-ICM,2026,202606,2,0,0,0,0
Carle Foundation,IL,All,MD Escalation Rate (LOW) (2025),100.0%,,2026,202606,3,0,0,0,0
ADVOCATE NORTHSIDE HEALTH SYSTEM,IL,All,MD Escalation Rate (LOW) (2025),100.0%,ICM-owned,2025,202501,10,4,4,2,2
ADVOCATE NORTHSIDE HEALTH SYSTEM,IL,All,MD Escalation Rate (LOW) (2025),100.0%,ICM-owned,2025,202502,6,1,0,0,0
ADVOCATE NORTHSIDE HEALTH SYSTEM,IL,All,MD Escalation Rate (LOW) (2025),100.0%,ICM-owned,2025,202503,5,3,0,0,0
ADVOCATE NORTHSIDE HEALTH SYSTEM,IL,All,MD Escalation Rate (LOW) (2025),100.0%,ICM-owned,2025,202504,11,3,3,1,2
ADVOCATE NORTHSIDE HEALTH SYSTEM,IL,All,MD Escalation Rate (LOW) (2025),100.0%,ICM-owned,2025,202505,32,1,1,1,0
ADVOCATE NORTHSIDE HEALTH SYSTEM,IL,All,MD Escalation Rate (LOW) (2025),100.0%,ICM-owned,2025,202506,5,1,0,0,0
ADVOCATE NORTHSIDE HEALTH SYSTEM,IL,All,MD Escalation Rate (LOW) (2025),100.0%,ICM-owned,2025,202507,7,2,1,0,0
ADVOCATE NORTHSIDE HEALTH SYSTEM,IL,All,MD Escalation Rate (LOW) (2025),100.0%,ICM-owned,2025,202508,7,2,2,1,1
ADVOCATE NORTHSIDE HEALTH SYSTEM,IL,All,MD Escalation Rate (LOW) (2025),100.0%,ICM-owned,2025,202509,4,2,2,1,1
ADVOCATE NORTHSIDE HEALTH SYSTEM,IL,All,MD Escalation Rate (LOW) (2025),100.0%,ICM-owned,2025,202510,4,2,1,1,0
ADVOCATE NORTHSIDE HEALTH SYSTEM,IL,All,MD Escalation Rate (LOW) (2025),100.0%,ICM-owned,2025,202511,2,0,0,0,0
ADVOCATE NORTHSIDE HEALTH SYSTEM,IL,All,MD Escalation Rate (LOW) (2025),100.0%,ICM-owned,2025,202512,6,0,0,0,0
ADVOCATE NORTHSIDE HEALTH SYSTEM,IL,All,MD Escalation Rate (LOW) (2025),100.0%,ICM-owned,2026,202601,7,2,2,1,0
ADVOCATE NORTHSIDE HEALTH SYSTEM,IL,All,MD Escalation Rate (LOW) (2025),100.0%,ICM-owned,2026,202602,4,2,2,2,0
ADVOCATE NORTHSIDE HEALTH SYSTEM,IL,All,MD Escalation Rate (LOW) (2025),100.0%,ICM-owned,2026,202603,5,1,1,0,0
ADVOCATE NORTHSIDE HEALTH SYSTEM,IL,All,MD Escalation Rate (LOW) (2025),100.0%,ICM-owned,2026,202604,3,0,0,0,0
ADVOCATE NORTHSIDE HEALTH SYSTEM,IL,All,MD Escalation Rate (LOW) (2025),100.0%,ICM-owned,2026,202605,10,2,2,2,0
ADVOCATE NORTHSIDE HEALTH SYSTEM,IL,All,MD Escalation Rate (LOW) (2025),100.0%,ICM-owned,2026,202606,3,0,2,2,0
ADVOCATE NORTHSIDE HEALTH SYSTEM,IL,All,MD Escalation Rate (LOW) (2025),100.0%,Non-ICM,2025,202501,56,0,0,0,0
ADVOCATE NORTHSIDE HEALTH SYSTEM,IL,All,MD Escalation Rate (LOW) (2025),100.0%,Non-ICM,2025,202502,50,0,0,0,0
ADVOCATE NORTHSIDE HEALTH SYSTEM,IL,All,MD Escalation Rate (LOW) (2025),100.0%,Non-ICM,2025,202503,51,0,0,0,0
ADVOCATE NORTHSIDE HEALTH SYSTEM,IL,All,MD Escalation Rate (LOW) (2025),100.0%,Non-ICM,2025,202504,37,0,0,0,0
ADVOCATE NORTHSIDE HEALTH SYSTEM,IL,All,MD Escalation Rate (LOW) (2025),100.0%,Non-ICM,2025,202505,27,0,0,0,0
ADVOCATE NORTHSIDE HEALTH SYSTEM,IL,All,MD Escalation Rate (LOW) (2025),100.0%,Non-ICM,2025,202506,39,0,0,0,0
ADVOCATE NORTHSIDE HEALTH SYSTEM,IL,All,MD Escalation Rate (LOW) (2025),100.0%,Non-ICM,2025,202507,57,0,0,0,0
ADVOCATE NORTHSIDE HEALTH SYSTEM,IL,All,MD Escalation Rate (LOW) (2025),100.0%,Non-ICM,2025,202508,62,0,0,0,0
ADVOCATE NORTHSIDE HEALTH SYSTEM,IL,All,MD Escalation Rate (LOW) (2025),100.0%,Non-ICM,2025,202509,63,0,0,0,0
ADVOCATE NORTHSIDE HEALTH SYSTEM,IL,All,MD Escalation Rate (LOW) (2025),100.0%,Non-ICM,2025,202510,57,0,0,0,0
ADVOCATE NORTHSIDE HEALTH SYSTEM,IL,All,MD Escalation Rate (LOW) (2025),100.0%,Non-ICM,2025,202511,54,0,0,0,0
ADVOCATE NORTHSIDE HEALTH SYSTEM,IL,All,MD Escalation Rate (LOW) (2025),100.0%,Non-ICM,2025,202512,69,0,0,0,0
ADVOCATE NORTHSIDE HEALTH SYSTEM,IL,All,MD Escalation Rate (LOW) (2025),100.0%,Non-ICM,2026,202601,59,0,0,0,0
ADVOCATE NORTHSIDE HEALTH SYSTEM,IL,All,MD Escalation Rate (LOW) (2025),100.0%,Non-ICM,2026,202602,69,0,0,0,0
ADVOCATE NORTHSIDE HEALTH SYSTEM,IL,All,MD Escalation Rate (LOW) (2025),100.0%,Non-ICM,2026,202603,58,0,0,0,0
ADVOCATE NORTHSIDE HEALTH SYSTEM,IL,All,MD Escalation Rate (LOW) (2025),100.0%,Non-ICM,2026,202604,52,0,0,0,0
ADVOCATE NORTHSIDE HEALTH SYSTEM,IL,All,MD Escalation Rate (LOW) (2025),100.0%,Non-ICM,2026,202605,74,0,0,0,0
ADVOCATE NORTHSIDE HEALTH SYSTEM,IL,All,MD Escalation Rate (LOW) (2025),100.0%,Non-ICM,2026,202606,42,0,0,0,0
ADVOCATE NORTHSIDE HEALTH SYSTEM,IL,All,MD Escalation Rate (LOW) (2025),100.0%,,2026,202606,1,0,0,0,0
Mosaic Life Care,MO,All,MD Escalation Rate (LOW) (2025),100.0%,ICM-owned,2025,202501,19,6,3,3,0
Mosaic Life Care,MO,All,MD Escalation Rate (LOW) (2025),100.0%,ICM-owned,2025,202502,8,0,0,0,0
Mosaic Life Care,MO,All,MD Escalation Rate (LOW) (2025),100.0%,ICM-owned,2025,202503,11,3,0,0,0
Mosaic Life Care,MO,All,MD Escalation Rate (LOW) (2025),100.0%,ICM-owned,2025,202504,9,6,2,1,1
Mosaic Life Care,MO,All,MD Escalation Rate (LOW) (2025),100.0%,ICM-owned,2025,202505,13,10,2,1,1
Mosaic Life Care,MO,All,MD Escalation Rate (LOW) (2025),100.0%,ICM-owned,2025,202506,4,3,0,0,0
Mosaic Life Care,MO,All,MD Escalation Rate (LOW) (2025),100.0%,ICM-owned,2025,202507,2,2,1,0,1
Mosaic Life Care,MO,All,MD Escalation Rate (LOW) (2025),100.0%,ICM-owned,2025,202508,2,2,1,1,0
Mosaic Life Care,MO,All,MD Escalation Rate (LOW) (2025),100.0%,ICM-owned,2025,202509,4,3,2,2,0
Mosaic Life Care,MO,All,MD Escalation Rate (LOW) (2025),100.0%,ICM-owned,2025,202510,1,1,0,0,0
Mosaic Life Care,MO,All,MD Escalation Rate (LOW) (2025),100.0%,ICM-owned,2025,202512,3,3,0,0,0
Mosaic Life Care,MO,All,MD Escalation Rate (LOW) (2025),100.0%,ICM-owned,2026,202601,5,2,1,1,0
Mosaic Life Care,MO,All,MD Escalation Rate (LOW) (2025),100.0%,ICM-owned,2026,202603,3,3,1,1,0
Mosaic Life Care,MO,All,MD Escalation Rate (LOW) (2025),100.0%,ICM-owned,2026,202604,4,4,1,1,0
Mosaic Life Care,MO,All,MD Escalation Rate (LOW) (2025),100.0%,ICM-owned,2026,202605,5,4,3,3,0
Mosaic Life Care,MO,All,MD Escalation Rate (LOW) (2025),100.0%,ICM-owned,2026,202606,6,4,2,2,0
Mosaic Life Care,MO,All,MD Escalation Rate (LOW) (2025),100.0%,Non-ICM,2025,202501,36,0,0,0,0
Mosaic Life Care,MO,All,MD Escalation Rate (LOW) (2025),100.0%,Non-ICM,2025,202502,19,0,0,0,0
Mosaic Life Care,MO,All,MD Escalation Rate (LOW) (2025),100.0%,Non-ICM,2025,202503,36,0,0,0,0
Mosaic Life Care,MO,All,MD Escalation Rate (LOW) (2025),100.0%,Non-ICM,2025,202504,36,0,0,0,0
Mosaic Life Care,MO,All,MD Escalation Rate (LOW) (2025),100.0%,Non-ICM,2025,202505,23,0,0,0,0
Mosaic Life Care,MO,All,MD Escalation Rate (LOW) (2025),100.0%,Non-ICM,2025,202506,26,0,0,0,0
Mosaic Life Care,MO,All,MD Escalation Rate (LOW) (2025),100.0%,Non-ICM,2025,202507,32,0,0,0,0
Mosaic Life Care,MO,All,MD Escalation Rate (LOW) (2025),100.0%,Non-ICM,2025,202508,33,0,0,0,0
Mosaic Life Care,MO,All,MD Escalation Rate (LOW) (2025),100.0%,Non-ICM,2025,202509,44,0,0,0,0
Mosaic Life Care,MO,All,MD Escalation Rate (LOW) (2025),100.0%,Non-ICM,2025,202510,38,0,0,0,0
Mosaic Life Care,MO,All,MD Escalation Rate (LOW) (2025),100.0%,Non-ICM,2025,202511,28,0,0,0,0
Mosaic Life Care,MO,All,MD Escalation Rate (LOW) (2025),100.0%,Non-ICM,2025,202512,38,0,0,0,0
Mosaic Life Care,MO,All,MD Escalation Rate (LOW) (2025),100.0%,Non-ICM,2026,202601,93,0,0,0,0
Mosaic Life Care,MO,All,MD Escalation Rate (LOW) (2025),100.0%,Non-ICM,2026,202602,78,0,0,0,0
Mosaic Life Care,MO,All,MD Escalation Rate (LOW) (2025),100.0%,Non-ICM,2026,202603,102,0,0,0,0
Mosaic Life Care,MO,All,MD Escalation Rate (LOW) (2025),100.0%,Non-ICM,2026,202604,85,0,0,0,0
Mosaic Life Care,MO,All,MD Escalation Rate (LOW) (2025),100.0%,Non-ICM,2026,202605,96,0,1,0,0
Mosaic Life Care,MO,All,MD Escalation Rate (LOW) (2025),100.0%,Non-ICM,2026,202606,55,0,0,0,0
Mosaic Life Care,MO,All,MD Escalation Rate (LOW) (2025),100.0%,,2026,202606,5,0,0,0,0
Northern Arizona Healthcare,AZ,All,MD Escalation Rate (LOW) (2026),100.0%,ICM-owned,2025,202501,15,11,6,5,1
Northern Arizona Healthcare,AZ,All,MD Escalation Rate (LOW) (2026),100.0%,ICM-owned,2025,202502,14,12,5,3,2
Northern Arizona Healthcare,AZ,All,MD Escalation Rate (LOW) (2026),100.0%,ICM-owned,2025,202503,34,20,10,4,4
Northern Arizona Healthcare,AZ,All,MD Escalation Rate (LOW) (2026),100.0%,ICM-owned,2025,202504,17,11,5,2,2
Northern Arizona Healthcare,AZ,All,MD Escalation Rate (LOW) (2026),100.0%,ICM-owned,2025,202505,8,5,1,1,0
Northern Arizona Healthcare,AZ,All,MD Escalation Rate (LOW) (2026),100.0%,ICM-owned,2025,202506,9,8,2,1,1
Northern Arizona Healthcare,AZ,All,MD Escalation Rate (LOW) (2026),100.0%,ICM-owned,2025,202507,10,8,5,3,0
Northern Arizona Healthcare,AZ,All,MD Escalation Rate (LOW) (2026),100.0%,ICM-owned,2025,202508,14,10,4,1,2
Northern Arizona Healthcare,AZ,All,MD Escalation Rate (LOW) (2026),100.0%,ICM-owned,2025,202509,15,11,4,4,0
Northern Arizona Healthcare,AZ,All,MD Escalation Rate (LOW) (2026),100.0%,ICM-owned,2025,202510,16,11,6,4,2
Northern Arizona Healthcare,AZ,All,MD Escalation Rate (LOW) (2026),100.0%,ICM-owned,2025,202511,14,8,3,3,0
Northern Arizona Healthcare,AZ,All,MD Escalation Rate (LOW) (2026),100.0%,ICM-owned,2025,202512,15,10,2,1,0
Northern Arizona Healthcare,AZ,All,MD Escalation Rate (LOW) (2026),100.0%,ICM-owned,2026,202601,12,8,3,1,1
Northern Arizona Healthcare,AZ,All,MD Escalation Rate (LOW) (2026),100.0%,ICM-owned,2026,202602,9,7,3,2,1
Northern Arizona Healthcare,AZ,All,MD Escalation Rate (LOW) (2026),100.0%,ICM-owned,2026,202603,21,16,5,3,0
Northern Arizona Healthcare,AZ,All,MD Escalation Rate (LOW) (2026),100.0%,ICM-owned,2026,202604,8,6,0,0,0
Northern Arizona Healthcare,AZ,All,MD Escalation Rate (LOW) (2026),100.0%,ICM-owned,2026,202605,42,36,14,11,2
Northern Arizona Healthcare,AZ,All,MD Escalation Rate (LOW) (2026),100.0%,ICM-owned,2026,202606,33,21,10,9,1
Northern Arizona Healthcare,AZ,All,MD Escalation Rate (LOW) (2026),100.0%,Non-ICM,2025,202501,43,0,1,0,0
Northern Arizona Healthcare,AZ,All,MD Escalation Rate (LOW) (2026),100.0%,Non-ICM,2025,202502,32,0,0,0,0
Northern Arizona Healthcare,AZ,All,MD Escalation Rate (LOW) (2026),100.0%,Non-ICM,2025,202503,31,0,0,0,0
Northern Arizona Healthcare,AZ,All,MD Escalation Rate (LOW) (2026),100.0%,Non-ICM,2025,202504,40,0,0,0,0
Northern Arizona Healthcare,AZ,All,MD Escalation Rate (LOW) (2026),100.0%,Non-ICM,2025,202505,40,0,0,0,0
Northern Arizona Healthcare,AZ,All,MD Escalation Rate (LOW) (2026),100.0%,Non-ICM,2025,202506,40,0,0,0,0
Northern Arizona Healthcare,AZ,All,MD Escalation Rate (LOW) (2026),100.0%,Non-ICM,2025,202507,31,0,0,0,0
Northern Arizona Healthcare,AZ,All,MD Escalation Rate (LOW) (2026),100.0%,Non-ICM,2025,202508,36,0,0,0,0
Northern Arizona Healthcare,AZ,All,MD Escalation Rate (LOW) (2026),100.0%,Non-ICM,2025,202509,35,0,0,0,0
Northern Arizona Healthcare,AZ,All,MD Escalation Rate (LOW) (2026),100.0%,Non-ICM,2025,202510,42,0,0,0,0
Northern Arizona Healthcare,AZ,All,MD Escalation Rate (LOW) (2026),100.0%,Non-ICM,2025,202511,40,0,1,0,0
Northern Arizona Healthcare,AZ,All,MD Escalation Rate (LOW) (2026),100.0%,Non-ICM,2025,202512,47,0,0,0,0
Northern Arizona Healthcare,AZ,All,MD Escalation Rate (LOW) (2026),100.0%,Non-ICM,2026,202601,38,0,0,0,0
Northern Arizona Healthcare,AZ,All,MD Escalation Rate (LOW) (2026),100.0%,Non-ICM,2026,202602,39,0,0,0,0
Northern Arizona Healthcare,AZ,All,MD Escalation Rate (LOW) (2026),100.0%,Non-ICM,2026,202603,35,0,0,0,0
Northern Arizona Healthcare,AZ,All,MD Escalation Rate (LOW) (2026),100.0%,Non-ICM,2026,202604,33,0,0,0,0
Northern Arizona Healthcare,AZ,All,MD Escalation Rate (LOW) (2026),100.0%,Non-ICM,2026,202605,2,0,0,0,0
Northern Arizona Healthcare,AZ,All,MD Escalation Rate (LOW) (2026),100.0%,Non-ICM,2026,202606,4,0,0,0,0
Northern Arizona Healthcare,AZ,All,MD Escalation Rate (LOW) (2026),100.0%,,2026,202606,1,0,0,0,0
SELF REGIONAL HEALTHCARE LLC,SC,All,MD Escalation Rate (LOW) (2026),100.0%,ICM-owned,2025,202501,14,10,1,1,0
SELF REGIONAL HEALTHCARE LLC,SC,All,MD Escalation Rate (LOW) (2026),100.0%,ICM-owned,2025,202502,16,11,1,1,0
SELF REGIONAL HEALTHCARE LLC,SC,All,MD Escalation Rate (LOW) (2026),100.0%,ICM-owned,2025,202503,23,16,6,2,4
SELF REGIONAL HEALTHCARE LLC,SC,All,MD Escalation Rate (LOW) (2026),100.0%,ICM-owned,2025,202504,17,15,4,3,1
SELF REGIONAL HEALTHCARE LLC,SC,All,MD Escalation Rate (LOW) (2026),100.0%,ICM-owned,2025,202506,2,1,1,0,1
SELF REGIONAL HEALTHCARE LLC,SC,All,MD Escalation Rate (LOW) (2026),100.0%,ICM-owned,2025,202508,6,6,1,0,1
SELF REGIONAL HEALTHCARE LLC,SC,All,MD Escalation Rate (LOW) (2026),100.0%,ICM-owned,2025,202509,12,9,2,2,0
SELF REGIONAL HEALTHCARE LLC,SC,All,MD Escalation Rate (LOW) (2026),100.0%,ICM-owned,2025,202510,12,7,3,3,0
SELF REGIONAL HEALTHCARE LLC,SC,All,MD Escalation Rate (LOW) (2026),100.0%,ICM-owned,2025,202511,16,12,3,2,1
SELF REGIONAL HEALTHCARE LLC,SC,All,MD Escalation Rate (LOW) (2026),100.0%,ICM-owned,2025,202512,13,7,2,2,0
SELF REGIONAL HEALTHCARE LLC,SC,All,MD Escalation Rate (LOW) (2026),100.0%,ICM-owned,2026,202601,9,8,3,2,1
SELF REGIONAL HEALTHCARE LLC,SC,All,MD Escalation Rate (LOW) (2026),100.0%,ICM-owned,2026,202602,9,9,4,1,3
SELF REGIONAL HEALTHCARE LLC,SC,All,MD Escalation Rate (LOW) (2026),100.0%,ICM-owned,2026,202603,15,11,1,1,0
SELF REGIONAL HEALTHCARE LLC,SC,All,MD Escalation Rate (LOW) (2026),100.0%,ICM-owned,2026,202604,9,8,2,0,1
SELF REGIONAL HEALTHCARE LLC,SC,All,MD Escalation Rate (LOW) (2026),100.0%,ICM-owned,2026,202605,3,2,1,1,0
SELF REGIONAL HEALTHCARE LLC,SC,All,MD Escalation Rate (LOW) (2026),100.0%,ICM-owned,2026,202606,2,2,0,0,0
SELF REGIONAL HEALTHCARE LLC,SC,All,MD Escalation Rate (LOW) (2026),100.0%,Non-ICM,2025,202501,27,0,0,0,0
SELF REGIONAL HEALTHCARE LLC,SC,All,MD Escalation Rate (LOW) (2026),100.0%,Non-ICM,2025,202502,27,0,0,0,0
SELF REGIONAL HEALTHCARE LLC,SC,All,MD Escalation Rate (LOW) (2026),100.0%,Non-ICM,2025,202503,23,0,0,0,0
SELF REGIONAL HEALTHCARE LLC,SC,All,MD Escalation Rate (LOW) (2026),100.0%,Non-ICM,2025,202504,38,0,0,0,0
SELF REGIONAL HEALTHCARE LLC,SC,All,MD Escalation Rate (LOW) (2026),100.0%,Non-ICM,2025,202505,53,0,0,0,0
SELF REGIONAL HEALTHCARE LLC,SC,All,MD Escalation Rate (LOW) (2026),100.0%,Non-ICM,2025,202506,48,0,0,0,0
SELF REGIONAL HEALTHCARE LLC,SC,All,MD Escalation Rate (LOW) (2026),100.0%,Non-ICM,2025,202507,37,0,0,0,0
SELF REGIONAL HEALTHCARE LLC,SC,All,MD Escalation Rate (LOW) (2026),100.0%,Non-ICM,2025,202508,48,0,0,0,0
SELF REGIONAL HEALTHCARE LLC,SC,All,MD Escalation Rate (LOW) (2026),100.0%,Non-ICM,2025,202509,53,0,0,0,0
SELF REGIONAL HEALTHCARE LLC,SC,All,MD Escalation Rate (LOW) (2026),100.0%,Non-ICM,2025,202510,46,0,0,0,0
SELF REGIONAL HEALTHCARE LLC,SC,All,MD Escalation Rate (LOW) (2026),100.0%,Non-ICM,2025,202511,25,0,0,0,0
SELF REGIONAL HEALTHCARE LLC,SC,All,MD Escalation Rate (LOW) (2026),100.0%,Non-ICM,2025,202512,32,0,0,0,0
SELF REGIONAL HEALTHCARE LLC,SC,All,MD Escalation Rate (LOW) (2026),100.0%,Non-ICM,2026,202601,41,0,0,0,0
SELF REGIONAL HEALTHCARE LLC,SC,All,MD Escalation Rate (LOW) (2026),100.0%,Non-ICM,2026,202602,36,0,0,0,0
SELF REGIONAL HEALTHCARE LLC,SC,All,MD Escalation Rate (LOW) (2026),100.0%,Non-ICM,2026,202603,33,0,0,0,0
SELF REGIONAL HEALTHCARE LLC,SC,All,MD Escalation Rate (LOW) (2026),100.0%,Non-ICM,2026,202604,40,0,0,0,0
SELF REGIONAL HEALTHCARE LLC,SC,All,MD Escalation Rate (LOW) (2026),100.0%,Non-ICM,2026,202605,39,0,0,0,0
SELF REGIONAL HEALTHCARE LLC,SC,All,MD Escalation Rate (LOW) (2026),100.0%,Non-ICM,2026,202606,26,0,0,0,0
Hennepin Healthcare System,MN,All,MD Escalation Rate (LOW) (2025),65.5%,ICM-owned,2025,202501,4,3,2,2,0
Hennepin Healthcare System,MN,All,MD Escalation Rate (LOW) (2025),65.5%,ICM-owned,2025,202502,5,1,3,1,1
Hennepin Healthcare System,MN,All,MD Escalation Rate (LOW) (2025),65.5%,ICM-owned,2025,202503,6,3,2,1,0
Hennepin Healthcare System,MN,All,MD Escalation Rate (LOW) (2025),65.5%,ICM-owned,2025,202504,12,10,6,3,2
Hennepin Healthcare System,MN,All,MD Escalation Rate (LOW) (2025),65.5%,ICM-owned,2025,202505,8,7,5,2,3
Hennepin Healthcare System,MN,All,MD Escalation Rate (LOW) (2025),65.5%,ICM-owned,2025,202506,5,4,4,3,0
Hennepin Healthcare System,MN,All,MD Escalation Rate (LOW) (2025),65.5%,ICM-owned,2025,202507,3,3,2,1,1
Hennepin Healthcare System,MN,All,MD Escalation Rate (LOW) (2025),65.5%,ICM-owned,2025,202508,1,1,1,0,1
Hennepin Healthcare System,MN,All,MD Escalation Rate (LOW) (2025),65.5%,ICM-owned,2025,202509,5,4,1,0,1
Hennepin Healthcare System,MN,All,MD Escalation Rate (LOW) (2025),65.5%,ICM-owned,2025,202510,3,2,1,1,0
Hennepin Healthcare System,MN,All,MD Escalation Rate (LOW) (2025),65.5%,ICM-owned,2025,202511,2,2,1,0,1
Hennepin Healthcare System,MN,All,MD Escalation Rate (LOW) (2025),65.5%,ICM-owned,2025,202512,5,4,2,1,1
Hennepin Healthcare System,MN,All,MD Escalation Rate (LOW) (2025),65.5%,ICM-owned,2026,202601,4,4,2,1,1
Hennepin Healthcare System,MN,All,MD Escalation Rate (LOW) (2025),65.5%,ICM-owned,2026,202602,20,15,4,2,2
Hennepin Healthcare System,MN,All,MD Escalation Rate (LOW) (2025),65.5%,ICM-owned,2026,202603,4,1,1,0,1
Hennepin Healthcare System,MN,All,MD Escalation Rate (LOW) (2025),65.5%,ICM-owned,2026,202604,2,1,1,1,0
Hennepin Healthcare System,MN,All,MD Escalation Rate (LOW) (2025),65.5%,ICM-owned,2026,202605,39,32,15,6,9
Hennepin Healthcare System,MN,All,MD Escalation Rate (LOW) (2025),65.5%,Non-ICM,2025,202501,45,0,0,0,0
Hennepin Healthcare System,MN,All,MD Escalation Rate (LOW) (2025),65.5%,Non-ICM,2025,202502,28,0,0,0,0
Hennepin Healthcare System,MN,All,MD Escalation Rate (LOW) (2025),65.5%,Non-ICM,2025,202503,18,0,0,0,0
Hennepin Healthcare System,MN,All,MD Escalation Rate (LOW) (2025),65.5%,Non-ICM,2025,202504,44,0,0,0,0
Hennepin Healthcare System,MN,All,MD Escalation Rate (LOW) (2025),65.5%,Non-ICM,2025,202505,42,0,0,0,0
Hennepin Healthcare System,MN,All,MD Escalation Rate (LOW) (2025),65.5%,Non-ICM,2025,202506,53,0,0,0,0
Hennepin Healthcare System,MN,All,MD Escalation Rate (LOW) (2025),65.5%,Non-ICM,2025,202507,44,0,0,0,0
Hennepin Healthcare System,MN,All,MD Escalation Rate (LOW) (2025),65.5%,Non-ICM,2025,202508,46,0,0,0,0
Hennepin Healthcare System,MN,All,MD Escalation Rate (LOW) (2025),65.5%,Non-ICM,2025,202509,38,0,0,0,0
Hennepin Healthcare System,MN,All,MD Escalation Rate (LOW) (2025),65.5%,Non-ICM,2025,202510,41,0,0,0,0
Hennepin Healthcare System,MN,All,MD Escalation Rate (LOW) (2025),65.5%,Non-ICM,2025,202511,34,0,0,0,0
Hennepin Healthcare System,MN,All,MD Escalation Rate (LOW) (2025),65.5%,Non-ICM,2025,202512,40,0,0,0,0
Hennepin Healthcare System,MN,All,MD Escalation Rate (LOW) (2025),65.5%,Non-ICM,2026,202601,39,0,0,0,0
Hennepin Healthcare System,MN,All,MD Escalation Rate (LOW) (2025),65.5%,Non-ICM,2026,202602,27,0,0,0,0
Hennepin Healthcare System,MN,All,MD Escalation Rate (LOW) (2025),65.5%,Non-ICM,2026,202603,37,0,0,0,0
Hennepin Healthcare System,MN,All,MD Escalation Rate (LOW) (2025),65.5%,Non-ICM,2026,202604,38,0,0,0,0
Hennepin Healthcare System,MN,All,MD Escalation Rate (LOW) (2025),65.5%,Non-ICM,2026,202605,7,0,0,0,0
Hennepin Healthcare System,MN,All,MD Escalation Rate (LOW) (2025),65.5%,Non-ICM,2026,202606,22,0,0,0,0
Hennepin Healthcare System,MN,All,MD Escalation Rate (LOW) (2025),65.5%,,2026,202606,2,0,0,0,0
HUGH CHATHAM MEMORIAL HOSPITAL,NC,All,Member Appeal Rate (HIGH) (2026),100.0%,ICM-owned,2025,202501,47,32,12,5,6
HUGH CHATHAM MEMORIAL HOSPITAL,NC,All,Member Appeal Rate (HIGH) (2026),100.0%,ICM-owned,2025,202502,57,50,15,8,6
HUGH CHATHAM MEMORIAL HOSPITAL,NC,All,Member Appeal Rate (HIGH) (2026),100.0%,ICM-owned,2025,202503,41,33,6,4,2
HUGH CHATHAM MEMORIAL HOSPITAL,NC,All,Member Appeal Rate (HIGH) (2026),100.0%,ICM-owned,2025,202504,32,25,5,1,3
HUGH CHATHAM MEMORIAL HOSPITAL,NC,All,Member Appeal Rate (HIGH) (2026),100.0%,ICM-owned,2025,202505,41,28,6,3,2
HUGH CHATHAM MEMORIAL HOSPITAL,NC,All,Member Appeal Rate (HIGH) (2026),100.0%,ICM-owned,2025,202506,43,34,6,1,5
HUGH CHATHAM MEMORIAL HOSPITAL,NC,All,Member Appeal Rate (HIGH) (2026),100.0%,ICM-owned,2025,202507,37,27,7,2,5
HUGH CHATHAM MEMORIAL HOSPITAL,NC,All,Member Appeal Rate (HIGH) (2026),100.0%,ICM-owned,2025,202508,39,30,12,3,9
HUGH CHATHAM MEMORIAL HOSPITAL,NC,All,Member Appeal Rate (HIGH) (2026),100.0%,ICM-owned,2025,202509,40,35,13,8,5
HUGH CHATHAM MEMORIAL HOSPITAL,NC,All,Member Appeal Rate (HIGH) (2026),100.0%,ICM-owned,2025,202510,42,36,4,1,3
HUGH CHATHAM MEMORIAL HOSPITAL,NC,All,Member Appeal Rate (HIGH) (2026),100.0%,ICM-owned,2025,202511,47,42,7,3,4
HUGH CHATHAM MEMORIAL HOSPITAL,NC,All,Member Appeal Rate (HIGH) (2026),100.0%,ICM-owned,2025,202512,44,37,11,4,7
HUGH CHATHAM MEMORIAL HOSPITAL,NC,All,Member Appeal Rate (HIGH) (2026),100.0%,ICM-owned,2026,202601,37,34,4,0,3
HUGH CHATHAM MEMORIAL HOSPITAL,NC,All,Member Appeal Rate (HIGH) (2026),100.0%,ICM-owned,2026,202602,37,32,5,1,3
HUGH CHATHAM MEMORIAL HOSPITAL,NC,All,Member Appeal Rate (HIGH) (2026),100.0%,ICM-owned,2026,202603,42,42,10,0,0
HUGH CHATHAM MEMORIAL HOSPITAL,NC,All,Member Appeal Rate (HIGH) (2026),100.0%,ICM-owned,2026,202604,35,33,14,0,0
HUGH CHATHAM MEMORIAL HOSPITAL,NC,All,Member Appeal Rate (HIGH) (2026),100.0%,ICM-owned,2026,202605,55,47,13,1,0
HUGH CHATHAM MEMORIAL HOSPITAL,NC,All,Member Appeal Rate (HIGH) (2026),100.0%,ICM-owned,2026,202606,31,23,2,1,0
HUGH CHATHAM MEMORIAL HOSPITAL,NC,All,Member Appeal Rate (HIGH) (2026),100.0%,Non-ICM,2025,202504,1,0,0,0,0
HUGH CHATHAM MEMORIAL HOSPITAL,NC,All,Member Appeal Rate (HIGH) (2026),100.0%,Non-ICM,2025,202511,2,0,0,0,0
HUGH CHATHAM MEMORIAL HOSPITAL,NC,All,Member Appeal Rate (HIGH) (2026),100.0%,Non-ICM,2025,202512,1,0,0,0,0
HUGH CHATHAM MEMORIAL HOSPITAL,NC,All,Member Appeal Rate (HIGH) (2026),100.0%,Non-ICM,2026,202601,3,0,0,0,0
HUGH CHATHAM MEMORIAL HOSPITAL,NC,All,Member Appeal Rate (HIGH) (2026),100.0%,,2026,202606,3,0,0,0,0
CATHOLIC HEALTHCARE WEST,CA-N,All,MD Escalation Rate (LOW) (2026),61.5%,ICM-owned,2025,202501,39,21,12,2,5
CATHOLIC HEALTHCARE WEST,CA-N,All,MD Escalation Rate (LOW) (2026),61.5%,ICM-owned,2025,202502,42,27,19,6,6
CATHOLIC HEALTHCARE WEST,CA-N,All,MD Escalation Rate (LOW) (2026),61.5%,ICM-owned,2025,202503,36,26,15,5,8
CATHOLIC HEALTHCARE WEST,CA-N,All,MD Escalation Rate (LOW) (2026),61.5%,ICM-owned,2025,202504,37,26,8,4,3
CATHOLIC HEALTHCARE WEST,CA-N,All,MD Escalation Rate (LOW) (2026),61.5%,ICM-owned,2025,202505,42,31,21,4,13
CATHOLIC HEALTHCARE WEST,CA-N,All,MD Escalation Rate (LOW) (2026),61.5%,ICM-owned,2025,202506,42,36,19,9,3
CATHOLIC HEALTHCARE WEST,CA-N,All,MD Escalation Rate (LOW) (2026),61.5%,ICM-owned,2025,202507,27,24,9,3,3
CATHOLIC HEALTHCARE WEST,CA-N,All,MD Escalation Rate (LOW) (2026),61.5%,ICM-owned,2025,202508,14,13,2,1,0
CATHOLIC HEALTHCARE WEST,CA-N,All,MD Escalation Rate (LOW) (2026),61.5%,ICM-owned,2025,202509,17,13,5,1,3
CATHOLIC HEALTHCARE WEST,CA-N,All,MD Escalation Rate (LOW) (2026),61.5%,ICM-owned,2025,202510,29,25,1,0,1
CATHOLIC HEALTHCARE WEST,CA-N,All,MD Escalation Rate (LOW) (2026),61.5%,ICM-owned,2025,202511,25,23,10,5,4
CATHOLIC HEALTHCARE WEST,CA-N,All,MD Escalation Rate (LOW) (2026),61.5%,ICM-owned,2025,202512,31,27,8,3,5
CATHOLIC HEALTHCARE WEST,CA-N,All,MD Escalation Rate (LOW) (2026),61.5%,ICM-owned,2026,202601,29,23,12,3,2
CATHOLIC HEALTHCARE WEST,CA-N,All,MD Escalation Rate (LOW) (2026),61.5%,ICM-owned,2026,202602,8,6,4,3,1
CATHOLIC HEALTHCARE WEST,CA-N,All,MD Escalation Rate (LOW) (2026),61.5%,ICM-owned,2026,202604,1,1,1,1,0
CATHOLIC HEALTHCARE WEST,CA-N,All,MD Escalation Rate (LOW) (2026),61.5%,ICM-owned,2026,202605,3,2,1,1,0
CATHOLIC HEALTHCARE WEST,CA-N,All,MD Escalation Rate (LOW) (2026),61.5%,Non-ICM,2025,202501,1,0,0,0,0
CATHOLIC HEALTHCARE WEST,CA-N,All,MD Escalation Rate (LOW) (2026),61.5%,Non-ICM,2025,202502,3,0,0,0,0
CATHOLIC HEALTHCARE WEST,CA-N,All,MD Escalation Rate (LOW) (2026),61.5%,Non-ICM,2025,202503,3,0,0,0,0
CATHOLIC HEALTHCARE WEST,CA-N,All,MD Escalation Rate (LOW) (2026),61.5%,Non-ICM,2025,202504,4,0,1,0,0
CATHOLIC HEALTHCARE WEST,CA-N,All,MD Escalation Rate (LOW) (2026),61.5%,Non-ICM,2025,202505,2,0,0,0,0
CATHOLIC HEALTHCARE WEST,CA-N,All,MD Escalation Rate (LOW) (2026),61.5%,Non-ICM,2025,202506,2,0,0,0,0
CATHOLIC HEALTHCARE WEST,CA-N,All,MD Escalation Rate (LOW) (2026),61.5%,Non-ICM,2025,202507,11,0,0,0,0
CATHOLIC HEALTHCARE WEST,CA-N,All,MD Escalation Rate (LOW) (2026),61.5%,Non-ICM,2025,202508,15,0,0,0,0
CATHOLIC HEALTHCARE WEST,CA-N,All,MD Escalation Rate (LOW) (2026),61.5%,Non-ICM,2025,202509,17,0,0,0,0
CATHOLIC HEALTHCARE WEST,CA-N,All,MD Escalation Rate (LOW) (2026),61.5%,Non-ICM,2025,202510,27,0,0,0,0
CATHOLIC HEALTHCARE WEST,CA-N,All,MD Escalation Rate (LOW) (2026),61.5%,Non-ICM,2025,202511,15,0,0,0,0
CATHOLIC HEALTHCARE WEST,CA-N,All,MD Escalation Rate (LOW) (2026),61.5%,Non-ICM,2025,202512,12,0,0,0,0
CATHOLIC HEALTHCARE WEST,CA-N,All,MD Escalation Rate (LOW) (2026),61.5%,Non-ICM,2026,202601,14,0,0,0,0
CATHOLIC HEALTHCARE WEST,CA-N,All,MD Escalation Rate (LOW) (2026),61.5%,Non-ICM,2026,202602,29,0,0,0,0
CATHOLIC HEALTHCARE WEST,CA-N,All,MD Escalation Rate (LOW) (2026),61.5%,Non-ICM,2026,202603,55,0,0,0,0
CATHOLIC HEALTHCARE WEST,CA-N,All,MD Escalation Rate (LOW) (2026),61.5%,Non-ICM,2026,202604,38,0,0,0,0
CATHOLIC HEALTHCARE WEST,CA-N,All,MD Escalation Rate (LOW) (2026),61.5%,Non-ICM,2026,202605,53,0,0,0,0
CATHOLIC HEALTHCARE WEST,CA-N,All,MD Escalation Rate (LOW) (2026),61.5%,Non-ICM,2026,202606,27,0,0,0,0
CATHOLIC HEALTHCARE WEST,CA-N,All,MD Escalation Rate (LOW) (2026),61.5%,,2026,202606,3,0,0,0,0
PMO Advocates-Stony Brook Hospital,NY,All,MD Escalation Rate (LOW) (2025),99.0%,ICM-owned,2025,202501,5,4,4,4,0
PMO Advocates-Stony Brook Hospital,NY,All,MD Escalation Rate (LOW) (2025),99.0%,ICM-owned,2025,202502,6,6,1,1,0
PMO Advocates-Stony Brook Hospital,NY,All,MD Escalation Rate (LOW) (2025),99.0%,ICM-owned,2025,202503,2,2,0,0,0
PMO Advocates-Stony Brook Hospital,NY,All,MD Escalation Rate (LOW) (2025),99.0%,ICM-owned,2025,202504,4,4,3,3,0
PMO Advocates-Stony Brook Hospital,NY,All,MD Escalation Rate (LOW) (2025),99.0%,ICM-owned,2025,202505,3,3,2,1,0
PMO Advocates-Stony Brook Hospital,NY,All,MD Escalation Rate (LOW) (2025),99.0%,ICM-owned,2025,202506,4,3,2,2,0
PMO Advocates-Stony Brook Hospital,NY,All,MD Escalation Rate (LOW) (2025),99.0%,ICM-owned,2025,202507,7,6,4,3,0
PMO Advocates-Stony Brook Hospital,NY,All,MD Escalation Rate (LOW) (2025),99.0%,ICM-owned,2025,202508,10,9,6,5,0
PMO Advocates-Stony Brook Hospital,NY,All,MD Escalation Rate (LOW) (2025),99.0%,ICM-owned,2025,202509,8,7,1,1,0
PMO Advocates-Stony Brook Hospital,NY,All,MD Escalation Rate (LOW) (2025),99.0%,ICM-owned,2025,202510,8,6,3,1,0
PMO Advocates-Stony Brook Hospital,NY,All,MD Escalation Rate (LOW) (2025),99.0%,ICM-owned,2025,202511,4,3,0,0,0
PMO Advocates-Stony Brook Hospital,NY,All,MD Escalation Rate (LOW) (2025),99.0%,ICM-owned,2025,202512,4,4,2,2,0
PMO Advocates-Stony Brook Hospital,NY,All,MD Escalation Rate (LOW) (2025),99.0%,ICM-owned,2026,202601,5,5,3,3,0
PMO Advocates-Stony Brook Hospital,NY,All,MD Escalation Rate (LOW) (2025),99.0%,ICM-owned,2026,202602,2,2,2,1,0
PMO Advocates-Stony Brook Hospital,NY,All,MD Escalation Rate (LOW) (2025),99.0%,ICM-owned,2026,202603,4,3,2,2,0
PMO Advocates-Stony Brook Hospital,NY,All,MD Escalation Rate (LOW) (2025),99.0%,ICM-owned,2026,202604,5,5,2,2,0
PMO Advocates-Stony Brook Hospital,NY,All,MD Escalation Rate (LOW) (2025),99.0%,ICM-owned,2026,202605,11,10,7,7,0
PMO Advocates-Stony Brook Hospital,NY,All,MD Escalation Rate (LOW) (2025),99.0%,Non-ICM,2025,202501,34,0,0,0,0
PMO Advocates-Stony Brook Hospital,NY,All,MD Escalation Rate (LOW) (2025),99.0%,Non-ICM,2025,202502,32,0,0,0,0
PMO Advocates-Stony Brook Hospital,NY,All,MD Escalation Rate (LOW) (2025),99.0%,Non-ICM,2025,202503,31,0,0,0,0
PMO Advocates-Stony Brook Hospital,NY,All,MD Escalation Rate (LOW) (2025),99.0%,Non-ICM,2025,202504,40,0,0,0,0
PMO Advocates-Stony Brook Hospital,NY,All,MD Escalation Rate (LOW) (2025),99.0%,Non-ICM,2025,202505,28,0,0,0,0
PMO Advocates-Stony Brook Hospital,NY,All,MD Escalation Rate (LOW) (2025),99.0%,Non-ICM,2025,202506,37,0,0,0,0
PMO Advocates-Stony Brook Hospital,NY,All,MD Escalation Rate (LOW) (2025),99.0%,Non-ICM,2025,202507,36,0,0,0,0
PMO Advocates-Stony Brook Hospital,NY,All,MD Escalation Rate (LOW) (2025),99.0%,Non-ICM,2025,202508,33,0,0,0,0
PMO Advocates-Stony Brook Hospital,NY,All,MD Escalation Rate (LOW) (2025),99.0%,Non-ICM,2025,202509,26,0,0,0,0
PMO Advocates-Stony Brook Hospital,NY,All,MD Escalation Rate (LOW) (2025),99.0%,Non-ICM,2025,202510,36,0,0,0,0
PMO Advocates-Stony Brook Hospital,NY,All,MD Escalation Rate (LOW) (2025),99.0%,Non-ICM,2025,202511,34,0,0,0,0
PMO Advocates-Stony Brook Hospital,NY,All,MD Escalation Rate (LOW) (2025),99.0%,Non-ICM,2025,202512,41,0,0,0,0
PMO Advocates-Stony Brook Hospital,NY,All,MD Escalation Rate (LOW) (2025),99.0%,Non-ICM,2026,202601,25,0,0,0,0
PMO Advocates-Stony Brook Hospital,NY,All,MD Escalation Rate (LOW) (2025),99.0%,Non-ICM,2026,202602,26,0,0,0,0
PMO Advocates-Stony Brook Hospital,NY,All,MD Escalation Rate (LOW) (2025),99.0%,Non-ICM,2026,202603,25,0,0,0,0
PMO Advocates-Stony Brook Hospital,NY,All,MD Escalation Rate (LOW) (2025),99.0%,Non-ICM,2026,202604,22,0,0,0,0
PMO Advocates-Stony Brook Hospital,NY,All,MD Escalation Rate (LOW) (2025),99.0%,Non-ICM,2026,202605,20,0,0,0,0
PMO Advocates-Stony Brook Hospital,NY,All,MD Escalation Rate (LOW) (2025),99.0%,Non-ICM,2026,202606,16,0,0,0,0
PMO Advocates-Stony Brook Hospital,NY,All,MD Escalation Rate (LOW) (2025),99.0%,,2026,202606,3,0,0,0,0
VIRTUA WILLINGBORO HOSPITAL,PA,All,Persistent ADR Rate (HIGH) (2025),96.5%,ICM-owned,2025,202501,32,29,12,12,0
VIRTUA WILLINGBORO HOSPITAL,PA,All,Persistent ADR Rate (HIGH) (2025),96.5%,ICM-owned,2025,202502,29,22,10,9,1
VIRTUA WILLINGBORO HOSPITAL,PA,All,Persistent ADR Rate (HIGH) (2025),96.5%,ICM-owned,2025,202503,21,18,10,8,2
VIRTUA WILLINGBORO HOSPITAL,PA,All,Persistent ADR Rate (HIGH) (2025),96.5%,ICM-owned,2025,202504,26,23,14,12,2
VIRTUA WILLINGBORO HOSPITAL,PA,All,Persistent ADR Rate (HIGH) (2025),96.5%,ICM-owned,2025,202505,24,24,16,12,4
VIRTUA WILLINGBORO HOSPITAL,PA,All,Persistent ADR Rate (HIGH) (2025),96.5%,ICM-owned,2025,202506,21,17,16,15,1
VIRTUA WILLINGBORO HOSPITAL,PA,All,Persistent ADR Rate (HIGH) (2025),96.5%,ICM-owned,2025,202507,22,17,11,8,3
VIRTUA WILLINGBORO HOSPITAL,PA,All,Persistent ADR Rate (HIGH) (2025),96.5%,ICM-owned,2025,202508,20,19,9,7,1
VIRTUA WILLINGBORO HOSPITAL,PA,All,Persistent ADR Rate (HIGH) (2025),96.5%,ICM-owned,2025,202509,21,19,14,13,0
VIRTUA WILLINGBORO HOSPITAL,PA,All,Persistent ADR Rate (HIGH) (2025),96.5%,ICM-owned,2025,202510,27,22,13,12,1
VIRTUA WILLINGBORO HOSPITAL,PA,All,Persistent ADR Rate (HIGH) (2025),96.5%,ICM-owned,2025,202511,21,16,14,14,0
VIRTUA WILLINGBORO HOSPITAL,PA,All,Persistent ADR Rate (HIGH) (2025),96.5%,ICM-owned,2025,202512,28,25,14,11,3
VIRTUA WILLINGBORO HOSPITAL,PA,All,Persistent ADR Rate (HIGH) (2025),96.5%,ICM-owned,2026,202601,39,32,23,17,3
VIRTUA WILLINGBORO HOSPITAL,PA,All,Persistent ADR Rate (HIGH) (2025),96.5%,ICM-owned,2026,202602,23,19,9,8,1
VIRTUA WILLINGBORO HOSPITAL,PA,All,Persistent ADR Rate (HIGH) (2025),96.5%,ICM-owned,2026,202603,30,27,14,8,6
VIRTUA WILLINGBORO HOSPITAL,PA,All,Persistent ADR Rate (HIGH) (2025),96.5%,ICM-owned,2026,202604,26,21,16,12,2
VIRTUA WILLINGBORO HOSPITAL,PA,All,Persistent ADR Rate (HIGH) (2025),96.5%,ICM-owned,2026,202605,25,21,18,13,2
VIRTUA WILLINGBORO HOSPITAL,PA,All,Persistent ADR Rate (HIGH) (2025),96.5%,ICM-owned,2026,202606,23,18,7,3,2
VIRTUA WILLINGBORO HOSPITAL,PA,All,Persistent ADR Rate (HIGH) (2025),96.5%,Non-ICM,2026,202606,1,0,0,0,0
VIRTUA WILLINGBORO HOSPITAL,PA,All,Persistent ADR Rate (HIGH) (2025),96.5%,,2026,202606,1,0,0,0,0
SYLACAUGA HEALTH CARE AUTHORITY,AL,All,Member Appeal Rate (HIGH) (2026),100.0%,ICM-owned,2025,202501,23,19,7,3,2
SYLACAUGA HEALTH CARE AUTHORITY,AL,All,Member Appeal Rate (HIGH) (2026),100.0%,ICM-owned,2025,202502,25,20,7,6,0
SYLACAUGA HEALTH CARE AUTHORITY,AL,All,Member Appeal Rate (HIGH) (2026),100.0%,ICM-owned,2025,202503,18,15,6,4,0
SYLACAUGA HEALTH CARE AUTHORITY,AL,All,Member Appeal Rate (HIGH) (2026),100.0%,ICM-owned,2025,202504,27,19,11,7,3
SYLACAUGA HEALTH CARE AUTHORITY,AL,All,Member Appeal Rate (HIGH) (2026),100.0%,ICM-owned,2025,202505,18,15,9,3,5
SYLACAUGA HEALTH CARE AUTHORITY,AL,All,Member Appeal Rate (HIGH) (2026),100.0%,ICM-owned,2025,202506,23,18,11,5,5
SYLACAUGA HEALTH CARE AUTHORITY,AL,All,Member Appeal Rate (HIGH) (2026),100.0%,ICM-owned,2025,202507,20,18,9,6,2
SYLACAUGA HEALTH CARE AUTHORITY,AL,All,Member Appeal Rate (HIGH) (2026),100.0%,ICM-owned,2025,202508,23,22,7,3,3
SYLACAUGA HEALTH CARE AUTHORITY,AL,All,Member Appeal Rate (HIGH) (2026),100.0%,ICM-owned,2025,202509,33,27,11,5,6
SYLACAUGA HEALTH CARE AUTHORITY,AL,All,Member Appeal Rate (HIGH) (2026),100.0%,ICM-owned,2025,202510,22,20,5,2,1
SYLACAUGA HEALTH CARE AUTHORITY,AL,All,Member Appeal Rate (HIGH) (2026),100.0%,ICM-owned,2025,202511,16,12,1,0,0
SYLACAUGA HEALTH CARE AUTHORITY,AL,All,Member Appeal Rate (HIGH) (2026),100.0%,ICM-owned,2025,202512,20,16,4,3,1
SYLACAUGA HEALTH CARE AUTHORITY,AL,All,Member Appeal Rate (HIGH) (2026),100.0%,ICM-owned,2026,202601,22,16,4,1,0
SYLACAUGA HEALTH CARE AUTHORITY,AL,All,Member Appeal Rate (HIGH) (2026),100.0%,ICM-owned,2026,202602,18,17,6,1,1
SYLACAUGA HEALTH CARE AUTHORITY,AL,All,Member Appeal Rate (HIGH) (2026),100.0%,ICM-owned,2026,202603,27,21,11,2,1
SYLACAUGA HEALTH CARE AUTHORITY,AL,All,Member Appeal Rate (HIGH) (2026),100.0%,ICM-owned,2026,202604,16,14,8,1,0
SYLACAUGA HEALTH CARE AUTHORITY,AL,All,Member Appeal Rate (HIGH) (2026),100.0%,ICM-owned,2026,202605,14,14,8,3,2
SYLACAUGA HEALTH CARE AUTHORITY,AL,All,Member Appeal Rate (HIGH) (2026),100.0%,ICM-owned,2026,202606,10,9,2,2,0
SYLACAUGA HEALTH CARE AUTHORITY,AL,All,Member Appeal Rate (HIGH) (2026),100.0%,Non-ICM,2025,202501,2,0,0,0,0
SYLACAUGA HEALTH CARE AUTHORITY,AL,All,Member Appeal Rate (HIGH) (2026),100.0%,Non-ICM,2025,202502,2,0,1,1,0
SYLACAUGA HEALTH CARE AUTHORITY,AL,All,Member Appeal Rate (HIGH) (2026),100.0%,Non-ICM,2025,202505,1,0,0,0,0
SYLACAUGA HEALTH CARE AUTHORITY,AL,All,Member Appeal Rate (HIGH) (2026),100.0%,Non-ICM,2025,202509,1,0,1,1,0
MOUNT NITTANY MEDICAL CENTER,PA,All,Persistent ADR Rate (HIGH) (2025),54.0%,ICM-owned,2025,202501,11,10,6,4,2
MOUNT NITTANY MEDICAL CENTER,PA,All,Persistent ADR Rate (HIGH) (2025),54.0%,ICM-owned,2025,202502,15,12,7,7,0
MOUNT NITTANY MEDICAL CENTER,PA,All,Persistent ADR Rate (HIGH) (2025),54.0%,ICM-owned,2025,202503,17,15,8,8,0
MOUNT NITTANY MEDICAL CENTER,PA,All,Persistent ADR Rate (HIGH) (2025),54.0%,ICM-owned,2025,202504,17,15,10,8,0
MOUNT NITTANY MEDICAL CENTER,PA,All,Persistent ADR Rate (HIGH) (2025),54.0%,ICM-owned,2025,202505,14,11,8,7,0
MOUNT NITTANY MEDICAL CENTER,PA,All,Persistent ADR Rate (HIGH) (2025),54.0%,ICM-owned,2025,202506,24,22,14,10,1
MOUNT NITTANY MEDICAL CENTER,PA,All,Persistent ADR Rate (HIGH) (2025),54.0%,ICM-owned,2025,202507,14,13,8,6,1
MOUNT NITTANY MEDICAL CENTER,PA,All,Persistent ADR Rate (HIGH) (2025),54.0%,ICM-owned,2025,202508,13,12,5,5,0
MOUNT NITTANY MEDICAL CENTER,PA,All,Persistent ADR Rate (HIGH) (2025),54.0%,ICM-owned,2025,202509,17,17,7,6,0
MOUNT NITTANY MEDICAL CENTER,PA,All,Persistent ADR Rate (HIGH) (2025),54.0%,ICM-owned,2025,202510,18,15,7,7,0
MOUNT NITTANY MEDICAL CENTER,PA,All,Persistent ADR Rate (HIGH) (2025),54.0%,ICM-owned,2025,202511,16,14,8,7,1
MOUNT NITTANY MEDICAL CENTER,PA,All,Persistent ADR Rate (HIGH) (2025),54.0%,ICM-owned,2025,202512,20,16,9,7,0
MOUNT NITTANY MEDICAL CENTER,PA,All,Persistent ADR Rate (HIGH) (2025),54.0%,ICM-owned,2026,202601,21,20,7,6,1
MOUNT NITTANY MEDICAL CENTER,PA,All,Persistent ADR Rate (HIGH) (2025),54.0%,ICM-owned,2026,202602,18,15,8,7,1
MOUNT NITTANY MEDICAL CENTER,PA,All,Persistent ADR Rate (HIGH) (2025),54.0%,ICM-owned,2026,202603,20,18,10,8,1
MOUNT NITTANY MEDICAL CENTER,PA,All,Persistent ADR Rate (HIGH) (2025),54.0%,ICM-owned,2026,202604,18,11,10,6,2
MOUNT NITTANY MEDICAL CENTER,PA,All,Persistent ADR Rate (HIGH) (2025),54.0%,ICM-owned,2026,202605,26,24,14,14,0
MOUNT NITTANY MEDICAL CENTER,PA,All,Persistent ADR Rate (HIGH) (2025),54.0%,ICM-owned,2026,202606,22,21,12,12,0
MOUNT NITTANY MEDICAL CENTER,PA,All,Persistent ADR Rate (HIGH) (2025),54.0%,Non-ICM,2025,202506,1,0,0,0,0
MOUNT NITTANY MEDICAL CENTER,PA,All,Persistent ADR Rate (HIGH) (2025),54.0%,Non-ICM,2025,202512,1,0,0,0,0
MOUNT NITTANY MEDICAL CENTER,PA,All,Persistent ADR Rate (HIGH) (2025),54.0%,Non-ICM,2026,202604,4,0,0,0,0
MOUNT NITTANY MEDICAL CENTER,PA,All,Persistent ADR Rate (HIGH) (2025),54.0%,,2026,202606,1,1,0,0,0
VALLEY VIEW HOSPITAL ASSOCIATION,CO,All,MD Escalation Rate (LOW) (2025),100.0%,ICM-owned,2026,202606,1,1,0,0,0
VALLEY VIEW HOSPITAL ASSOCIATION,CO,All,MD Escalation Rate (LOW) (2025),100.0%,Non-ICM,2025,202501,23,0,0,0,0
VALLEY VIEW HOSPITAL ASSOCIATION,CO,All,MD Escalation Rate (LOW) (2025),100.0%,Non-ICM,2025,202502,20,0,0,0,0
VALLEY VIEW HOSPITAL ASSOCIATION,CO,All,MD Escalation Rate (LOW) (2025),100.0%,Non-ICM,2025,202503,17,0,0,0,0
VALLEY VIEW HOSPITAL ASSOCIATION,CO,All,MD Escalation Rate (LOW) (2025),100.0%,Non-ICM,2025,202504,21,0,2,2,0
VALLEY VIEW HOSPITAL ASSOCIATION,CO,All,MD Escalation Rate (LOW) (2025),100.0%,Non-ICM,2025,202505,12,0,1,1,0
VALLEY VIEW HOSPITAL ASSOCIATION,CO,All,MD Escalation Rate (LOW) (2025),100.0%,Non-ICM,2025,202506,21,0,2,2,0
VALLEY VIEW HOSPITAL ASSOCIATION,CO,All,MD Escalation Rate (LOW) (2025),100.0%,Non-ICM,2025,202507,14,0,2,2,0
VALLEY VIEW HOSPITAL ASSOCIATION,CO,All,MD Escalation Rate (LOW) (2025),100.0%,Non-ICM,2025,202508,23,0,0,0,0
VALLEY VIEW HOSPITAL ASSOCIATION,CO,All,MD Escalation Rate (LOW) (2025),100.0%,Non-ICM,2025,202509,21,0,3,3,0
VALLEY VIEW HOSPITAL ASSOCIATION,CO,All,MD Escalation Rate (LOW) (2025),100.0%,Non-ICM,2025,202510,22,0,2,3,0
VALLEY VIEW HOSPITAL ASSOCIATION,CO,All,MD Escalation Rate (LOW) (2025),100.0%,Non-ICM,2025,202511,19,0,0,0,0
VALLEY VIEW HOSPITAL ASSOCIATION,CO,All,MD Escalation Rate (LOW) (2025),100.0%,Non-ICM,2025,202512,31,0,4,4,0
VALLEY VIEW HOSPITAL ASSOCIATION,CO,All,MD Escalation Rate (LOW) (2025),100.0%,Non-ICM,2026,202601,8,0,0,0,0
VALLEY VIEW HOSPITAL ASSOCIATION,CO,All,MD Escalation Rate (LOW) (2025),100.0%,Non-ICM,2026,202602,10,0,0,0,0
VALLEY VIEW HOSPITAL ASSOCIATION,CO,All,MD Escalation Rate (LOW) (2025),100.0%,Non-ICM,2026,202603,14,0,0,0,0
VALLEY VIEW HOSPITAL ASSOCIATION,CO,All,MD Escalation Rate (LOW) (2025),100.0%,Non-ICM,2026,202604,11,0,0,0,0
VALLEY VIEW HOSPITAL ASSOCIATION,CO,All,MD Escalation Rate (LOW) (2025),100.0%,Non-ICM,2026,202605,16,0,0,0,0
VALLEY VIEW HOSPITAL ASSOCIATION,CO,All,MD Escalation Rate (LOW) (2025),100.0%,Non-ICM,2026,202606,4,0,0,0,0
M Health Fairview,WI,All,MD Escalation Rate (LOW) (2025),99.0%,ICM-owned,2025,202501,7,4,0,0,0
M Health Fairview,WI,All,MD Escalation Rate (LOW) (2025),99.0%,ICM-owned,2025,202502,3,0,1,0,0
M Health Fairview,WI,All,MD Escalation Rate (LOW) (2025),99.0%,ICM-owned,2025,202503,2,1,1,1,0
M Health Fairview,WI,All,MD Escalation Rate (LOW) (2025),99.0%,ICM-owned,2025,202504,2,1,0,0,0
M Health Fairview,WI,All,MD Escalation Rate (LOW) (2025),99.0%,ICM-owned,2025,202505,3,2,0,0,0
M Health Fairview,WI,All,MD Escalation Rate (LOW) (2025),99.0%,ICM-owned,2025,202506,3,3,1,1,0
M Health Fairview,WI,All,MD Escalation Rate (LOW) (2025),99.0%,ICM-owned,2025,202507,3,2,0,0,0
M Health Fairview,WI,All,MD Escalation Rate (LOW) (2025),99.0%,ICM-owned,2025,202508,4,4,3,1,0
M Health Fairview,WI,All,MD Escalation Rate (LOW) (2025),99.0%,ICM-owned,2025,202509,3,2,2,1,1
M Health Fairview,WI,All,MD Escalation Rate (LOW) (2025),99.0%,ICM-owned,2025,202510,10,6,2,0,2
M Health Fairview,WI,All,MD Escalation Rate (LOW) (2025),99.0%,ICM-owned,2025,202511,4,3,0,0,0
M Health Fairview,WI,All,MD Escalation Rate (LOW) (2025),99.0%,ICM-owned,2025,202512,1,1,0,0,0
M Health Fairview,WI,All,MD Escalation Rate (LOW) (2025),99.0%,ICM-owned,2026,202601,2,1,2,1,0
M Health Fairview,WI,All,MD Escalation Rate (LOW) (2025),99.0%,ICM-owned,2026,202603,1,0,0,0,0
M Health Fairview,WI,All,MD Escalation Rate (LOW) (2025),99.0%,ICM-owned,2026,202604,4,2,3,2,0
M Health Fairview,WI,All,MD Escalation Rate (LOW) (2025),99.0%,ICM-owned,2026,202605,2,2,1,0,1
M Health Fairview,WI,All,MD Escalation Rate (LOW) (2025),99.0%,ICM-owned,2026,202606,1,1,0,0,0
M Health Fairview,WI,All,MD Escalation Rate (LOW) (2025),99.0%,Non-ICM,2025,202501,16,0,0,0,0
M Health Fairview,WI,All,MD Escalation Rate (LOW) (2025),99.0%,Non-ICM,2025,202502,12,0,0,0,0
M Health Fairview,WI,All,MD Escalation Rate (LOW) (2025),99.0%,Non-ICM,2025,202503,26,0,0,0,0
M Health Fairview,WI,All,MD Escalation Rate (LOW) (2025),99.0%,Non-ICM,2025,202504,9,0,0,0,0
M Health Fairview,WI,All,MD Escalation Rate (LOW) (2025),99.0%,Non-ICM,2025,202505,23,0,0,0,0
M Health Fairview,WI,All,MD Escalation Rate (LOW) (2025),99.0%,Non-ICM,2025,202506,12,0,0,0,0
M Health Fairview,WI,All,MD Escalation Rate (LOW) (2025),99.0%,Non-ICM,2025,202507,20,0,0,0,0
M Health Fairview,WI,All,MD Escalation Rate (LOW) (2025),99.0%,Non-ICM,2025,202508,13,0,0,0,0
M Health Fairview,WI,All,MD Escalation Rate (LOW) (2025),99.0%,Non-ICM,2025,202509,8,0,0,0,0
M Health Fairview,WI,All,MD Escalation Rate (LOW) (2025),99.0%,Non-ICM,2025,202510,20,0,0,0,0
M Health Fairview,WI,All,MD Escalation Rate (LOW) (2025),99.0%,Non-ICM,2025,202511,15,0,0,0,0
M Health Fairview,WI,All,MD Escalation Rate (LOW) (2025),99.0%,Non-ICM,2025,202512,6,0,0,0,0
M Health Fairview,WI,All,MD Escalation Rate (LOW) (2025),99.0%,Non-ICM,2026,202601,9,0,0,0,0
M Health Fairview,WI,All,MD Escalation Rate (LOW) (2025),99.0%,Non-ICM,2026,202602,7,0,0,0,0
M Health Fairview,WI,All,MD Escalation Rate (LOW) (2025),99.0%,Non-ICM,2026,202603,4,0,0,0,0
M Health Fairview,WI,All,MD Escalation Rate (LOW) (2025),99.0%,Non-ICM,2026,202604,11,0,0,0,0
M Health Fairview,WI,All,MD Escalation Rate (LOW) (2025),99.0%,Non-ICM,2026,202605,6,0,0,0,0
M Health Fairview,WI,All,MD Escalation Rate (LOW) (2025),99.0%,Non-ICM,2026,202606,6,0,0,0,0
LARKIN COMMUNITY HOSPITAL,FL,All,Persistent ADR Rate (HIGH) (2025),84.5%,ICM-owned,2025,202501,10,9,2,1,1
LARKIN COMMUNITY HOSPITAL,FL,All,Persistent ADR Rate (HIGH) (2025),84.5%,ICM-owned,2025,202502,14,13,9,5,2
LARKIN COMMUNITY HOSPITAL,FL,All,Persistent ADR Rate (HIGH) (2025),84.5%,ICM-owned,2025,202503,12,10,11,7,4
LARKIN COMMUNITY HOSPITAL,FL,All,Persistent ADR Rate (HIGH) (2025),84.5%,ICM-owned,2025,202504,19,19,14,9,5
LARKIN COMMUNITY HOSPITAL,FL,All,Persistent ADR Rate (HIGH) (2025),84.5%,ICM-owned,2025,202505,13,11,8,5,3
LARKIN COMMUNITY HOSPITAL,FL,All,Persistent ADR Rate (HIGH) (2025),84.5%,ICM-owned,2025,202506,15,14,14,6,6
LARKIN COMMUNITY HOSPITAL,FL,All,Persistent ADR Rate (HIGH) (2025),84.5%,ICM-owned,2025,202507,12,11,8,6,1
LARKIN COMMUNITY HOSPITAL,FL,All,Persistent ADR Rate (HIGH) (2025),84.5%,ICM-owned,2025,202508,17,12,13,9,2
LARKIN COMMUNITY HOSPITAL,FL,All,Persistent ADR Rate (HIGH) (2025),84.5%,ICM-owned,2025,202509,15,10,11,9,2
LARKIN COMMUNITY HOSPITAL,FL,All,Persistent ADR Rate (HIGH) (2025),84.5%,ICM-owned,2025,202510,19,15,14,12,2
LARKIN COMMUNITY HOSPITAL,FL,All,Persistent ADR Rate (HIGH) (2025),84.5%,ICM-owned,2025,202511,14,11,7,2,4
LARKIN COMMUNITY HOSPITAL,FL,All,Persistent ADR Rate (HIGH) (2025),84.5%,ICM-owned,2025,202512,10,6,8,5,2
LARKIN COMMUNITY HOSPITAL,FL,All,Persistent ADR Rate (HIGH) (2025),84.5%,ICM-owned,2026,202601,13,12,9,4,5
LARKIN COMMUNITY HOSPITAL,FL,All,Persistent ADR Rate (HIGH) (2025),84.5%,ICM-owned,2026,202602,13,13,10,6,4
LARKIN COMMUNITY HOSPITAL,FL,All,Persistent ADR Rate (HIGH) (2025),84.5%,ICM-owned,2026,202603,7,6,3,2,1
LARKIN COMMUNITY HOSPITAL,FL,All,Persistent ADR Rate (HIGH) (2025),84.5%,ICM-owned,2026,202604,16,12,10,8,2
LARKIN COMMUNITY HOSPITAL,FL,All,Persistent ADR Rate (HIGH) (2025),84.5%,ICM-owned,2026,202605,5,4,4,4,0
LARKIN COMMUNITY HOSPITAL,FL,All,Persistent ADR Rate (HIGH) (2025),84.5%,ICM-owned,2026,202606,9,5,6,6,0
LARKIN COMMUNITY HOSPITAL,FL,All,Persistent ADR Rate (HIGH) (2025),84.5%,Non-ICM,2025,202502,1,0,0,0,0
LARKIN COMMUNITY HOSPITAL,FL,All,Persistent ADR Rate (HIGH) (2025),84.5%,Non-ICM,2025,202504,2,0,0,0,0
LARKIN COMMUNITY HOSPITAL,FL,All,Persistent ADR Rate (HIGH) (2025),84.5%,Non-ICM,2025,202505,2,0,0,0,0
LARKIN COMMUNITY HOSPITAL,FL,All,Persistent ADR Rate (HIGH) (2025),84.5%,Non-ICM,2025,202507,2,0,0,0,0
LARKIN COMMUNITY HOSPITAL,FL,All,Persistent ADR Rate (HIGH) (2025),84.5%,Non-ICM,2025,202508,1,0,0,0,0
LARKIN COMMUNITY HOSPITAL,FL,All,Persistent ADR Rate (HIGH) (2025),84.5%,Non-ICM,2025,202509,2,0,0,0,0
LARKIN COMMUNITY HOSPITAL,FL,All,Persistent ADR Rate (HIGH) (2025),84.5%,Non-ICM,2025,202510,1,0,0,0,0
LARKIN COMMUNITY HOSPITAL,FL,All,Persistent ADR Rate (HIGH) (2025),84.5%,Non-ICM,2025,202512,1,0,0,0,0
LARKIN COMMUNITY HOSPITAL,FL,All,Persistent ADR Rate (HIGH) (2025),84.5%,Non-ICM,2026,202603,1,0,0,0,0
LARKIN COMMUNITY HOSPITAL,FL,All,Persistent ADR Rate (HIGH) (2025),84.5%,Non-ICM,2026,202606,2,0,2,2,0
OKLAHOMA SPINE HOSPITAL,OK,All,MD Escalation Rate (LOW) (2025),100.0%,ICM-owned,2025,202505,1,1,0,0,0
OKLAHOMA SPINE HOSPITAL,OK,All,MD Escalation Rate (LOW) (2025),100.0%,ICM-owned,2025,202506,1,0,0,0,0
OKLAHOMA SPINE HOSPITAL,OK,All,MD Escalation Rate (LOW) (2025),100.0%,ICM-owned,2025,202507,2,2,2,1,0
OKLAHOMA SPINE HOSPITAL,OK,All,MD Escalation Rate (LOW) (2025),100.0%,ICM-owned,2025,202508,2,2,1,1,0
OKLAHOMA SPINE HOSPITAL,OK,All,MD Escalation Rate (LOW) (2025),100.0%,ICM-owned,2025,202510,2,2,0,0,0
OKLAHOMA SPINE HOSPITAL,OK,All,MD Escalation Rate (LOW) (2025),100.0%,ICM-owned,2025,202511,1,1,1,0,0
OKLAHOMA SPINE HOSPITAL,OK,All,MD Escalation Rate (LOW) (2025),100.0%,ICM-owned,2026,202601,2,2,0,0,0
OKLAHOMA SPINE HOSPITAL,OK,All,MD Escalation Rate (LOW) (2025),100.0%,ICM-owned,2026,202602,2,2,1,1,0
OKLAHOMA SPINE HOSPITAL,OK,All,MD Escalation Rate (LOW) (2025),100.0%,ICM-owned,2026,202603,1,1,1,1,0
OKLAHOMA SPINE HOSPITAL,OK,All,MD Escalation Rate (LOW) (2025),100.0%,ICM-owned,2026,202605,2,2,0,0,0
OKLAHOMA SPINE HOSPITAL,OK,All,MD Escalation Rate (LOW) (2025),100.0%,Non-ICM,2025,202501,8,0,0,0,0
OKLAHOMA SPINE HOSPITAL,OK,All,MD Escalation Rate (LOW) (2025),100.0%,Non-ICM,2025,202502,7,0,0,0,0
OKLAHOMA SPINE HOSPITAL,OK,All,MD Escalation Rate (LOW) (2025),100.0%,Non-ICM,2025,202503,8,0,0,0,0
OKLAHOMA SPINE HOSPITAL,OK,All,MD Escalation Rate (LOW) (2025),100.0%,Non-ICM,2025,202504,9,0,1,0,0
OKLAHOMA SPINE HOSPITAL,OK,All,MD Escalation Rate (LOW) (2025),100.0%,Non-ICM,2025,202505,14,0,2,0,0
OKLAHOMA SPINE HOSPITAL,OK,All,MD Escalation Rate (LOW) (2025),100.0%,Non-ICM,2025,202506,9,0,0,0,0
OKLAHOMA SPINE HOSPITAL,OK,All,MD Escalation Rate (LOW) (2025),100.0%,Non-ICM,2025,202507,9,0,0,0,0
OKLAHOMA SPINE HOSPITAL,OK,All,MD Escalation Rate (LOW) (2025),100.0%,Non-ICM,2025,202508,14,0,1,0,0
OKLAHOMA SPINE HOSPITAL,OK,All,MD Escalation Rate (LOW) (2025),100.0%,Non-ICM,2025,202509,10,0,0,0,0
OKLAHOMA SPINE HOSPITAL,OK,All,MD Escalation Rate (LOW) (2025),100.0%,Non-ICM,2025,202510,17,0,2,0,0
OKLAHOMA SPINE HOSPITAL,OK,All,MD Escalation Rate (LOW) (2025),100.0%,Non-ICM,2025,202511,9,0,0,0,0
OKLAHOMA SPINE HOSPITAL,OK,All,MD Escalation Rate (LOW) (2025),100.0%,Non-ICM,2025,202512,15,0,0,0,0
OKLAHOMA SPINE HOSPITAL,OK,All,MD Escalation Rate (LOW) (2025),100.0%,Non-ICM,2026,202601,8,0,1,0,0
OKLAHOMA SPINE HOSPITAL,OK,All,MD Escalation Rate (LOW) (2025),100.0%,Non-ICM,2026,202602,5,0,0,0,0
OKLAHOMA SPINE HOSPITAL,OK,All,MD Escalation Rate (LOW) (2025),100.0%,Non-ICM,2026,202603,13,0,0,0,0
OKLAHOMA SPINE HOSPITAL,OK,All,MD Escalation Rate (LOW) (2025),100.0%,Non-ICM,2026,202604,8,0,0,0,0
OKLAHOMA SPINE HOSPITAL,OK,All,MD Escalation Rate (LOW) (2025),100.0%,Non-ICM,2026,202605,8,0,0,0,0
OKLAHOMA SPINE HOSPITAL,OK,All,MD Escalation Rate (LOW) (2025),100.0%,Non-ICM,2026,202606,2,0,0,0,0
Nassau Health,NY,All,Member Appeal Rate (HIGH) (2026),99.0%,ICM-owned,2025,202501,19,13,13,8,0
Nassau Health,NY,All,Member Appeal Rate (HIGH) (2026),99.0%,ICM-owned,2025,202502,11,8,6,3,1
Nassau Health,NY,All,Member Appeal Rate (HIGH) (2026),99.0%,ICM-owned,2025,202503,8,7,6,4,0
Nassau Health,NY,All,Member Appeal Rate (HIGH) (2026),99.0%,ICM-owned,2025,202504,15,14,10,6,0
Nassau Health,NY,All,Member Appeal Rate (HIGH) (2026),99.0%,ICM-owned,2025,202505,9,7,6,5,0
Nassau Health,NY,All,Member Appeal Rate (HIGH) (2026),99.0%,ICM-owned,2025,202506,3,2,2,1,0
Nassau Health,NY,All,Member Appeal Rate (HIGH) (2026),99.0%,ICM-owned,2025,202507,9,7,7,4,0
Nassau Health,NY,All,Member Appeal Rate (HIGH) (2026),99.0%,ICM-owned,2025,202508,8,5,4,2,0
Nassau Health,NY,All,Member Appeal Rate (HIGH) (2026),99.0%,ICM-owned,2025,202509,8,7,6,2,1
Nassau Health,NY,All,Member Appeal Rate (HIGH) (2026),99.0%,ICM-owned,2025,202510,4,3,2,1,0
Nassau Health,NY,All,Member Appeal Rate (HIGH) (2026),99.0%,ICM-owned,2025,202511,11,9,6,2,1
Nassau Health,NY,All,Member Appeal Rate (HIGH) (2026),99.0%,ICM-owned,2025,202512,9,8,6,0,2
Nassau Health,NY,All,Member Appeal Rate (HIGH) (2026),99.0%,ICM-owned,2026,202601,12,12,8,4,1
Nassau Health,NY,All,Member Appeal Rate (HIGH) (2026),99.0%,ICM-owned,2026,202602,5,4,3,1,1
Nassau Health,NY,All,Member Appeal Rate (HIGH) (2026),99.0%,ICM-owned,2026,202603,11,10,9,3,2
Nassau Health,NY,All,Member Appeal Rate (HIGH) (2026),99.0%,ICM-owned,2026,202604,13,11,5,0,2
Nassau Health,NY,All,Member Appeal Rate (HIGH) (2026),99.0%,ICM-owned,2026,202605,3,2,0,0,0
Nassau Health,NY,All,Member Appeal Rate (HIGH) (2026),99.0%,ICM-owned,2026,202606,2,1,1,1,0
Nassau Health,NY,All,Member Appeal Rate (HIGH) (2026),99.0%,Non-ICM,2025,202503,1,0,1,1,0
Nassau Health,NY,All,Member Appeal Rate (HIGH) (2026),99.0%,Non-ICM,2025,202505,2,0,0,0,0
Nassau Health,NY,All,Member Appeal Rate (HIGH) (2026),99.0%,Non-ICM,2025,202506,2,0,0,0,0
Nassau Health,NY,All,Member Appeal Rate (HIGH) (2026),99.0%,Non-ICM,2025,202508,1,0,0,0,0
Nassau Health,NY,All,Member Appeal Rate (HIGH) (2026),99.0%,Non-ICM,2025,202509,1,0,0,0,0
Nassau Health,NY,All,Member Appeal Rate (HIGH) (2026),99.0%,Non-ICM,2025,202510,2,0,0,0,0
Nassau Health,NY,All,Member Appeal Rate (HIGH) (2026),99.0%,Non-ICM,2025,202511,2,0,0,0,0
Nassau Health,NY,All,Member Appeal Rate (HIGH) (2026),99.0%,Non-ICM,2025,202512,3,0,0,0,0
Nassau Health,NY,All,Member Appeal Rate (HIGH) (2026),99.0%,Non-ICM,2026,202601,1,0,0,0,0
WESTCHESTER GENERAL HOSPITAL,FL,All,Persistent ADR Rate (HIGH) (2025); Persistent ADR Rate (HIGH) (2026),100.0%; 100.0%,ICM-owned,2025,202501,7,4,5,1,0
WESTCHESTER GENERAL HOSPITAL,FL,All,Persistent ADR Rate (HIGH) (2025); Persistent ADR Rate (HIGH) (2026),100.0%; 100.0%,ICM-owned,2025,202502,6,2,4,2,0
WESTCHESTER GENERAL HOSPITAL,FL,All,Persistent ADR Rate (HIGH) (2025); Persistent ADR Rate (HIGH) (2026),100.0%; 100.0%,ICM-owned,2025,202503,9,3,4,2,0
WESTCHESTER GENERAL HOSPITAL,FL,All,Persistent ADR Rate (HIGH) (2025); Persistent ADR Rate (HIGH) (2026),100.0%; 100.0%,ICM-owned,2025,202504,11,6,8,6,0
WESTCHESTER GENERAL HOSPITAL,FL,All,Persistent ADR Rate (HIGH) (2025); Persistent ADR Rate (HIGH) (2026),100.0%; 100.0%,ICM-owned,2025,202505,11,7,7,3,2
WESTCHESTER GENERAL HOSPITAL,FL,All,Persistent ADR Rate (HIGH) (2025); Persistent ADR Rate (HIGH) (2026),100.0%; 100.0%,ICM-owned,2025,202506,6,3,3,3,0
WESTCHESTER GENERAL HOSPITAL,FL,All,Persistent ADR Rate (HIGH) (2025); Persistent ADR Rate (HIGH) (2026),100.0%; 100.0%,ICM-owned,2025,202507,14,12,10,5,2
WESTCHESTER GENERAL HOSPITAL,FL,All,Persistent ADR Rate (HIGH) (2025); Persistent ADR Rate (HIGH) (2026),100.0%; 100.0%,ICM-owned,2025,202508,5,4,4,2,1
WESTCHESTER GENERAL HOSPITAL,FL,All,Persistent ADR Rate (HIGH) (2025); Persistent ADR Rate (HIGH) (2026),100.0%; 100.0%,ICM-owned,2025,202509,8,6,7,7,0
WESTCHESTER GENERAL HOSPITAL,FL,All,Persistent ADR Rate (HIGH) (2025); Persistent ADR Rate (HIGH) (2026),100.0%; 100.0%,ICM-owned,2025,202510,11,5,10,7,0
WESTCHESTER GENERAL HOSPITAL,FL,All,Persistent ADR Rate (HIGH) (2025); Persistent ADR Rate (HIGH) (2026),100.0%; 100.0%,ICM-owned,2025,202511,11,7,6,5,0
WESTCHESTER GENERAL HOSPITAL,FL,All,Persistent ADR Rate (HIGH) (2025); Persistent ADR Rate (HIGH) (2026),100.0%; 100.0%,ICM-owned,2025,202512,15,14,11,11,0
WESTCHESTER GENERAL HOSPITAL,FL,All,Persistent ADR Rate (HIGH) (2025); Persistent ADR Rate (HIGH) (2026),100.0%; 100.0%,ICM-owned,2026,202601,7,4,4,4,0
WESTCHESTER GENERAL HOSPITAL,FL,All,Persistent ADR Rate (HIGH) (2025); Persistent ADR Rate (HIGH) (2026),100.0%; 100.0%,ICM-owned,2026,202602,10,9,8,7,0
WESTCHESTER GENERAL HOSPITAL,FL,All,Persistent ADR Rate (HIGH) (2025); Persistent ADR Rate (HIGH) (2026),100.0%; 100.0%,ICM-owned,2026,202603,10,3,10,8,0
WESTCHESTER GENERAL HOSPITAL,FL,All,Persistent ADR Rate (HIGH) (2025); Persistent ADR Rate (HIGH) (2026),100.0%; 100.0%,ICM-owned,2026,202604,15,11,14,12,0
WESTCHESTER GENERAL HOSPITAL,FL,All,Persistent ADR Rate (HIGH) (2025); Persistent ADR Rate (HIGH) (2026),100.0%; 100.0%,ICM-owned,2026,202605,9,7,6,6,0
WESTCHESTER GENERAL HOSPITAL,FL,All,Persistent ADR Rate (HIGH) (2025); Persistent ADR Rate (HIGH) (2026),100.0%; 100.0%,ICM-owned,2026,202606,6,5,5,5,0
WESTCHESTER GENERAL HOSPITAL,FL,All,Persistent ADR Rate (HIGH) (2025); Persistent ADR Rate (HIGH) (2026),100.0%; 100.0%,Non-ICM,2026,202606,1,1,0,0,0
PHC-FT MOHAVE,AZ,All,Initial ADR Rate (HIGH) (2025),53.0%,ICM-owned,2025,202501,5,5,4,1,1
PHC-FT MOHAVE,AZ,All,Initial ADR Rate (HIGH) (2025),53.0%,ICM-owned,2025,202502,10,7,8,6,0
PHC-FT MOHAVE,AZ,All,Initial ADR Rate (HIGH) (2025),53.0%,ICM-owned,2025,202503,12,11,8,6,0
PHC-FT MOHAVE,AZ,All,Initial ADR Rate (HIGH) (2025),53.0%,ICM-owned,2025,202504,10,3,8,5,0
PHC-FT MOHAVE,AZ,All,Initial ADR Rate (HIGH) (2025),53.0%,ICM-owned,2025,202505,6,3,5,0,2
PHC-FT MOHAVE,AZ,All,Initial ADR Rate (HIGH) (2025),53.0%,ICM-owned,2025,202506,9,5,7,4,0
PHC-FT MOHAVE,AZ,All,Initial ADR Rate (HIGH) (2025),53.0%,ICM-owned,2025,202507,7,3,7,4,0
PHC-FT MOHAVE,AZ,All,Initial ADR Rate (HIGH) (2025),53.0%,ICM-owned,2025,202508,7,2,6,0,0
PHC-FT MOHAVE,AZ,All,Initial ADR Rate (HIGH) (2025),53.0%,ICM-owned,2025,202509,5,5,1,0,1
PHC-FT MOHAVE,AZ,All,Initial ADR Rate (HIGH) (2025),53.0%,ICM-owned,2025,202510,3,3,2,2,0
PHC-FT MOHAVE,AZ,All,Initial ADR Rate (HIGH) (2025),53.0%,ICM-owned,2025,202511,3,3,0,0,0
PHC-FT MOHAVE,AZ,All,Initial ADR Rate (HIGH) (2025),53.0%,ICM-owned,2025,202512,6,4,1,1,0
PHC-FT MOHAVE,AZ,All,Initial ADR Rate (HIGH) (2025),53.0%,ICM-owned,2026,202601,7,7,3,1,2
PHC-FT MOHAVE,AZ,All,Initial ADR Rate (HIGH) (2025),53.0%,ICM-owned,2026,202602,9,8,3,0,3
PHC-FT MOHAVE,AZ,All,Initial ADR Rate (HIGH) (2025),53.0%,ICM-owned,2026,202603,1,0,0,0,0
PHC-FT MOHAVE,AZ,All,Initial ADR Rate (HIGH) (2025),53.0%,ICM-owned,2026,202604,4,4,0,0,0
PHC-FT MOHAVE,AZ,All,Initial ADR Rate (HIGH) (2025),53.0%,ICM-owned,2026,202605,7,5,2,1,0
PHC-FT MOHAVE,AZ,All,Initial ADR Rate (HIGH) (2025),53.0%,ICM-owned,2026,202606,3,3,2,2,0
PHC-FT MOHAVE,AZ,All,Initial ADR Rate (HIGH) (2025),53.0%,Non-ICM,2025,202502,1,0,0,0,0
PHC-FT MOHAVE,AZ,All,Initial ADR Rate (HIGH) (2025),53.0%,Non-ICM,2025,202507,1,0,0,0,0
PHC-FT MOHAVE,AZ,All,Initial ADR Rate (HIGH) (2025),53.0%,Non-ICM,2025,202508,1,0,0,0,0
PHC-FT MOHAVE,AZ,All,Initial ADR Rate (HIGH) (2025),53.0%,Non-ICM,2026,202601,2,0,0,0,0
PHC-FT MOHAVE,AZ,All,Initial ADR Rate (HIGH) (2025),53.0%,Non-ICM,2026,202603,1,0,0,0,0
NJMHMC,NJ,All,Initial ADR Rate (HIGH) (2025),100.0%,ICM-owned,2025,202501,5,1,3,2,0
NJMHMC,NJ,All,Initial ADR Rate (HIGH) (2025),100.0%,ICM-owned,2025,202502,3,1,2,0,1
NJMHMC,NJ,All,Initial ADR Rate (HIGH) (2025),100.0%,ICM-owned,2025,202503,6,1,6,3,1
NJMHMC,NJ,All,Initial ADR Rate (HIGH) (2025),100.0%,ICM-owned,2025,202504,4,2,3,2,1
NJMHMC,NJ,All,Initial ADR Rate (HIGH) (2025),100.0%,ICM-owned,2025,202505,3,2,3,0,2
NJMHMC,NJ,All,Initial ADR Rate (HIGH) (2025),100.0%,ICM-owned,2025,202506,4,0,4,4,0
NJMHMC,NJ,All,Initial ADR Rate (HIGH) (2025),100.0%,ICM-owned,2025,202507,4,0,2,2,0
NJMHMC,NJ,All,Initial ADR Rate (HIGH) (2025),100.0%,ICM-owned,2025,202509,4,0,3,1,0
NJMHMC,NJ,All,Initial ADR Rate (HIGH) (2025),100.0%,ICM-owned,2025,202510,7,6,4,1,2
NJMHMC,NJ,All,Initial ADR Rate (HIGH) (2025),100.0%,ICM-owned,2025,202511,4,3,3,2,1
NJMHMC,NJ,All,Initial ADR Rate (HIGH) (2025),100.0%,ICM-owned,2025,202512,5,4,4,4,0
NJMHMC,NJ,All,Initial ADR Rate (HIGH) (2025),100.0%,ICM-owned,2026,202601,5,3,5,3,0
NJMHMC,NJ,All,Initial ADR Rate (HIGH) (2025),100.0%,ICM-owned,2026,202602,8,6,6,4,1
NJMHMC,NJ,All,Initial ADR Rate (HIGH) (2025),100.0%,ICM-owned,2026,202603,7,4,1,1,0
NJMHMC,NJ,All,Initial ADR Rate (HIGH) (2025),100.0%,ICM-owned,2026,202604,1,1,1,1,0
NJMHMC,NJ,All,Initial ADR Rate (HIGH) (2025),100.0%,ICM-owned,2026,202605,5,4,5,3,2
NJMHMC,NJ,All,Initial ADR Rate (HIGH) (2025),100.0%,ICM-owned,2026,202606,4,3,3,2,1
NJMHMC,NJ,All,Initial ADR Rate (HIGH) (2025),100.0%,Non-ICM,2025,202501,1,0,0,0,0
NJMHMC,NJ,All,Initial ADR Rate (HIGH) (2025),100.0%,Non-ICM,2025,202503,1,0,0,0,0
NJMHMC,NJ,All,Initial ADR Rate (HIGH) (2025),100.0%,Non-ICM,2026,202604,1,0,0,0,0
NORTHFIELD HOSPITAL,MN,All,P2P Overturn Rate (HIGH) (2025),56.0%,ICM-owned,2025,202501,1,1,0,0,0
NORTHFIELD HOSPITAL,MN,All,P2P Overturn Rate (HIGH) (2025),56.0%,ICM-owned,2025,202502,5,5,3,1,2
NORTHFIELD HOSPITAL,MN,All,P2P Overturn Rate (HIGH) (2025),56.0%,ICM-owned,2025,202503,8,7,3,0,3
NORTHFIELD HOSPITAL,MN,All,P2P Overturn Rate (HIGH) (2025),56.0%,ICM-owned,2025,202504,4,4,1,0,1
NORTHFIELD HOSPITAL,MN,All,P2P Overturn Rate (HIGH) (2025),56.0%,ICM-owned,2025,202505,4,3,3,0,3
NORTHFIELD HOSPITAL,MN,All,P2P Overturn Rate (HIGH) (2025),56.0%,ICM-owned,2025,202506,6,6,2,1,1
NORTHFIELD HOSPITAL,MN,All,P2P Overturn Rate (HIGH) (2025),56.0%,ICM-owned,2025,202507,6,6,2,0,1
NORTHFIELD HOSPITAL,MN,All,P2P Overturn Rate (HIGH) (2025),56.0%,ICM-owned,2025,202508,6,6,6,2,4
NORTHFIELD HOSPITAL,MN,All,P2P Overturn Rate (HIGH) (2025),56.0%,ICM-owned,2025,202509,12,10,7,0,6
NORTHFIELD HOSPITAL,MN,All,P2P Overturn Rate (HIGH) (2025),56.0%,ICM-owned,2025,202510,5,5,1,0,1
NORTHFIELD HOSPITAL,MN,All,P2P Overturn Rate (HIGH) (2025),56.0%,ICM-owned,2025,202511,2,2,2,1,1
NORTHFIELD HOSPITAL,MN,All,P2P Overturn Rate (HIGH) (2025),56.0%,ICM-owned,2025,202512,8,8,5,0,5
NORTHFIELD HOSPITAL,MN,All,P2P Overturn Rate (HIGH) (2025),56.0%,ICM-owned,2026,202601,4,4,0,0,0
NORTHFIELD HOSPITAL,MN,All,P2P Overturn Rate (HIGH) (2025),56.0%,ICM-owned,2026,202602,1,0,0,0,0
NORTHFIELD HOSPITAL,MN,All,P2P Overturn Rate (HIGH) (2025),56.0%,ICM-owned,2026,202603,1,0,0,0,0
NORTHFIELD HOSPITAL,MN,All,P2P Overturn Rate (HIGH) (2025),56.0%,ICM-owned,2026,202605,3,3,1,0,1
NORTHFIELD HOSPITAL,MN,All,P2P Overturn Rate (HIGH) (2025),56.0%,,2026,202606,1,0,0,0,0
Alta Hospital System (Prospect Holdings),CA-S,All,Initial ADR Rate (HIGH) (2025),93.5%,ICM-owned,2025,202501,7,5,6,3,0
Alta Hospital System (Prospect Holdings),CA-S,All,Initial ADR Rate (HIGH) (2025),93.5%,ICM-owned,2025,202502,2,1,1,0,0
Alta Hospital System (Prospect Holdings),CA-S,All,Initial ADR Rate (HIGH) (2025),93.5%,ICM-owned,2025,202503,2,2,2,0,0
Alta Hospital System (Prospect Holdings),CA-S,All,Initial ADR Rate (HIGH) (2025),93.5%,ICM-owned,2025,202504,2,2,1,1,0
Alta Hospital System (Prospect Holdings),CA-S,All,Initial ADR Rate (HIGH) (2025),93.5%,ICM-owned,2025,202505,2,2,1,0,0
Alta Hospital System (Prospect Holdings),CA-S,All,Initial ADR Rate (HIGH) (2025),93.5%,ICM-owned,2025,202506,7,6,6,4,0
Alta Hospital System (Prospect Holdings),CA-S,All,Initial ADR Rate (HIGH) (2025),93.5%,ICM-owned,2025,202507,5,4,4,0,0
Alta Hospital System (Prospect Holdings),CA-S,All,Initial ADR Rate (HIGH) (2025),93.5%,ICM-owned,2025,202508,5,5,4,2,0
Alta Hospital System (Prospect Holdings),CA-S,All,Initial ADR Rate (HIGH) (2025),93.5%,ICM-owned,2025,202509,2,2,2,2,0
Alta Hospital System (Prospect Holdings),CA-S,All,Initial ADR Rate (HIGH) (2025),93.5%,ICM-owned,2025,202510,5,3,3,2,0
Alta Hospital System (Prospect Holdings),CA-S,All,Initial ADR Rate (HIGH) (2025),93.5%,ICM-owned,2025,202512,2,2,2,2,0
Alta Hospital System (Prospect Holdings),CA-S,All,Initial ADR Rate (HIGH) (2025),93.5%,ICM-owned,2026,202601,2,2,1,0,0
Alta Hospital System (Prospect Holdings),CA-S,All,Initial ADR Rate (HIGH) (2025),93.5%,ICM-owned,2026,202602,2,2,1,1,0
Alta Hospital System (Prospect Holdings),CA-S,All,Initial ADR Rate (HIGH) (2025),93.5%,ICM-owned,2026,202603,3,3,2,2,0
Alta Hospital System (Prospect Holdings),CA-S,All,Initial ADR Rate (HIGH) (2025),93.5%,ICM-owned,2026,202604,3,1,3,3,0
Alta Hospital System (Prospect Holdings),CA-S,All,Initial ADR Rate (HIGH) (2025),93.5%,ICM-owned,2026,202605,4,1,4,4,0
Alta Hospital System (Prospect Holdings),CA-S,All,Initial ADR Rate (HIGH) (2025),93.5%,Non-ICM,2025,202503,2,0,1,1,0
Alta Hospital System (Prospect Holdings),CA-S,All,Initial ADR Rate (HIGH) (2025),93.5%,Non-ICM,2025,202505,1,0,0,0,0
Alta Hospital System (Prospect Holdings),CA-S,All,Initial ADR Rate (HIGH) (2025),93.5%,Non-ICM,2025,202506,1,0,0,0,0
Alta Hospital System (Prospect Holdings),CA-S,All,Initial ADR Rate (HIGH) (2025),93.5%,Non-ICM,2025,202508,1,0,0,0,0
Alta Hospital System (Prospect Holdings),CA-S,All,Initial ADR Rate (HIGH) (2025),93.5%,Non-ICM,2026,202603,1,0,0,0,0
Alta Hospital System (Prospect Holdings),CA-S,All,Initial ADR Rate (HIGH) (2025),93.5%,Non-ICM,2026,202604,1,0,0,0,0
Alta Hospital System (Prospect Holdings),CA-S,All,Initial ADR Rate (HIGH) (2025),93.5%,Non-ICM,2026,202605,2,0,0,0,0
LORETTO HOSPITAL,IL,All,Persistent ADR Rate (HIGH) (2025),100.0%,ICM-owned,2025,202501,3,3,1,1,0
LORETTO HOSPITAL,IL,All,Persistent ADR Rate (HIGH) (2025),100.0%,ICM-owned,2025,202502,2,1,2,2,0
LORETTO HOSPITAL,IL,All,Persistent ADR Rate (HIGH) (2025),100.0%,ICM-owned,2025,202503,3,3,2,1,1
LORETTO HOSPITAL,IL,All,Persistent ADR Rate (HIGH) (2025),100.0%,ICM-owned,2025,202504,4,4,4,3,1
LORETTO HOSPITAL,IL,All,Persistent ADR Rate (HIGH) (2025),100.0%,ICM-owned,2025,202505,2,2,2,2,0
LORETTO HOSPITAL,IL,All,Persistent ADR Rate (HIGH) (2025),100.0%,ICM-owned,2025,202506,3,2,2,1,0
LORETTO HOSPITAL,IL,All,Persistent ADR Rate (HIGH) (2025),100.0%,ICM-owned,2025,202507,3,3,2,2,0
LORETTO HOSPITAL,IL,All,Persistent ADR Rate (HIGH) (2025),100.0%,ICM-owned,2025,202508,5,3,4,4,0
LORETTO HOSPITAL,IL,All,Persistent ADR Rate (HIGH) (2025),100.0%,ICM-owned,2025,202509,3,1,1,1,0
LORETTO HOSPITAL,IL,All,Persistent ADR Rate (HIGH) (2025),100.0%,ICM-owned,2025,202510,1,1,0,0,0
LORETTO HOSPITAL,IL,All,Persistent ADR Rate (HIGH) (2025),100.0%,ICM-owned,2025,202512,2,2,1,0,1
LORETTO HOSPITAL,IL,All,Persistent ADR Rate (HIGH) (2025),100.0%,ICM-owned,2026,202601,9,7,8,4,3
LORETTO HOSPITAL,IL,All,Persistent ADR Rate (HIGH) (2025),100.0%,ICM-owned,2026,202602,6,6,3,3,0
LORETTO HOSPITAL,IL,All,Persistent ADR Rate (HIGH) (2025),100.0%,ICM-owned,2026,202603,5,5,3,2,1
LORETTO HOSPITAL,IL,All,Persistent ADR Rate (HIGH) (2025),100.0%,ICM-owned,2026,202604,4,4,4,4,0
LORETTO HOSPITAL,IL,All,Persistent ADR Rate (HIGH) (2025),100.0%,ICM-owned,2026,202605,5,3,4,4,0
LORETTO HOSPITAL,IL,All,Persistent ADR Rate (HIGH) (2025),100.0%,ICM-owned,2026,202606,3,3,2,2,0
HCA INC,FL,ICM-owned,Initial ADR Count (HIGH) (2025); Case Count (HIGH) (2026),100.0%; 55.5%,ICM-owned,2025,202501,2719,1815,1302,643,601
HCA INC,FL,ICM-owned,Initial ADR Count (HIGH) (2025); Case Count (HIGH) (2026),100.0%; 55.5%,ICM-owned,2025,202502,2302,1602,1130,541,521
HCA INC,FL,ICM-owned,Initial ADR Count (HIGH) (2025); Case Count (HIGH) (2026),100.0%; 55.5%,ICM-owned,2025,202503,2532,1858,1245,610,595
HCA INC,FL,ICM-owned,Initial ADR Count (HIGH) (2025); Case Count (HIGH) (2026),100.0%; 55.5%,ICM-owned,2025,202504,2500,1952,1291,632,602
HCA INC,FL,ICM-owned,Initial ADR Count (HIGH) (2025); Case Count (HIGH) (2026),100.0%; 55.5%,ICM-owned,2025,202505,2511,1987,1177,645,481
HCA INC,FL,ICM-owned,Initial ADR Count (HIGH) (2025); Case Count (HIGH) (2026),100.0%; 55.5%,ICM-owned,2025,202506,2455,1967,1176,606,511
HCA INC,FL,ICM-owned,Initial ADR Count (HIGH) (2025); Case Count (HIGH) (2026),100.0%; 55.5%,ICM-owned,2025,202507,2475,1989,1177,607,515
HCA INC,FL,ICM-owned,Initial ADR Count (HIGH) (2025); Case Count (HIGH) (2026),100.0%; 55.5%,ICM-owned,2025,202508,2519,2071,1187,583,553
HCA INC,FL,ICM-owned,Initial ADR Count (HIGH) (2025); Case Count (HIGH) (2026),100.0%; 55.5%,ICM-owned,2025,202509,2465,1973,1153,577,508
HCA INC,FL,ICM-owned,Initial ADR Count (HIGH) (2025); Case Count (HIGH) (2026),100.0%; 55.5%,ICM-owned,2025,202510,2521,1995,1183,581,532
HCA INC,FL,ICM-owned,Initial ADR Count (HIGH) (2025); Case Count (HIGH) (2026),100.0%; 55.5%,ICM-owned,2025,202511,2547,1829,999,515,431
HCA INC,FL,ICM-owned,Initial ADR Count (HIGH) (2025); Case Count (HIGH) (2026),100.0%; 55.5%,ICM-owned,2025,202512,2629,2157,1016,495,453
HCA INC,FL,ICM-owned,Initial ADR Count (HIGH) (2025); Case Count (HIGH) (2026),100.0%; 55.5%,ICM-owned,2026,202601,2757,2417,1198,561,575
HCA INC,FL,ICM-owned,Initial ADR Count (HIGH) (2025); Case Count (HIGH) (2026),100.0%; 55.5%,ICM-owned,2026,202602,2533,2222,1139,572,507
HCA INC,FL,ICM-owned,Initial ADR Count (HIGH) (2025); Case Count (HIGH) (2026),100.0%; 55.5%,ICM-owned,2026,202603,2600,2225,1211,625,537
HCA INC,FL,ICM-owned,Initial ADR Count (HIGH) (2025); Case Count (HIGH) (2026),100.0%; 55.5%,ICM-owned,2026,202604,2527,2142,1116,582,496
HCA INC,FL,ICM-owned,Initial ADR Count (HIGH) (2025); Case Count (HIGH) (2026),100.0%; 55.5%,ICM-owned,2026,202605,2722,2232,1399,707,669
HCA INC,FL,ICM-owned,Initial ADR Count (HIGH) (2025); Case Count (HIGH) (2026),100.0%; 55.5%,ICM-owned,2026,202606,1777,1364,848,519,288
HCA INC,FL,ICM-owned,Initial ADR Count (HIGH) (2025); Case Count (HIGH) (2026),100.0%; 55.5%,Non-ICM,2025,202501,143,0,3,2,0
HCA INC,FL,ICM-owned,Initial ADR Count (HIGH) (2025); Case Count (HIGH) (2026),100.0%; 55.5%,Non-ICM,2025,202502,192,0,5,3,0
HCA INC,FL,ICM-owned,Initial ADR Count (HIGH) (2025); Case Count (HIGH) (2026),100.0%; 55.5%,Non-ICM,2025,202503,173,0,1,0,0
HCA INC,FL,ICM-owned,Initial ADR Count (HIGH) (2025); Case Count (HIGH) (2026),100.0%; 55.5%,Non-ICM,2025,202504,192,0,2,1,0
HCA INC,FL,ICM-owned,Initial ADR Count (HIGH) (2025); Case Count (HIGH) (2026),100.0%; 55.5%,Non-ICM,2025,202505,152,0,3,1,0
HCA INC,FL,ICM-owned,Initial ADR Count (HIGH) (2025); Case Count (HIGH) (2026),100.0%; 55.5%,Non-ICM,2025,202506,157,0,1,0,0
HCA INC,FL,ICM-owned,Initial ADR Count (HIGH) (2025); Case Count (HIGH) (2026),100.0%; 55.5%,Non-ICM,2025,202507,196,0,3,0,0
HCA INC,FL,ICM-owned,Initial ADR Count (HIGH) (2025); Case Count (HIGH) (2026),100.0%; 55.5%,Non-ICM,2025,202508,166,0,1,0,0
HCA INC,FL,ICM-owned,Initial ADR Count (HIGH) (2025); Case Count (HIGH) (2026),100.0%; 55.5%,Non-ICM,2025,202509,201,0,2,0,0
HCA INC,FL,ICM-owned,Initial ADR Count (HIGH) (2025); Case Count (HIGH) (2026),100.0%; 55.5%,Non-ICM,2025,202510,186,0,3,0,0
HCA INC,FL,ICM-owned,Initial ADR Count (HIGH) (2025); Case Count (HIGH) (2026),100.0%; 55.5%,Non-ICM,2025,202511,169,0,1,0,0
HCA INC,FL,ICM-owned,Initial ADR Count (HIGH) (2025); Case Count (HIGH) (2026),100.0%; 55.5%,Non-ICM,2025,202512,163,0,1,0,0
HCA INC,FL,ICM-owned,Initial ADR Count (HIGH) (2025); Case Count (HIGH) (2026),100.0%; 55.5%,Non-ICM,2026,202601,140,0,2,0,0
HCA INC,FL,ICM-owned,Initial ADR Count (HIGH) (2025); Case Count (HIGH) (2026),100.0%; 55.5%,Non-ICM,2026,202602,148,0,1,0,0
HCA INC,FL,ICM-owned,Initial ADR Count (HIGH) (2025); Case Count (HIGH) (2026),100.0%; 55.5%,Non-ICM,2026,202603,167,0,1,0,0
HCA INC,FL,ICM-owned,Initial ADR Count (HIGH) (2025); Case Count (HIGH) (2026),100.0%; 55.5%,Non-ICM,2026,202604,164,0,2,0,0
HCA INC,FL,ICM-owned,Initial ADR Count (HIGH) (2025); Case Count (HIGH) (2026),100.0%; 55.5%,Non-ICM,2026,202605,140,0,1,0,0
HCA INC,FL,ICM-owned,Initial ADR Count (HIGH) (2025); Case Count (HIGH) (2026),100.0%; 55.5%,Non-ICM,2026,202606,110,1,1,0,0
HCA INC,FL,ICM-owned,Initial ADR Count (HIGH) (2025); Case Count (HIGH) (2026),100.0%; 55.5%,,2026,202606,97,6,1,1,0
Adventist Health System Florida,FL,ICM-owned,Initial ADR Count (HIGH) (2025),99.5%,ICM-owned,2025,202501,1446,958,656,350,295
Adventist Health System Florida,FL,ICM-owned,Initial ADR Count (HIGH) (2025),99.5%,ICM-owned,2025,202502,1305,840,629,344,274
Adventist Health System Florida,FL,ICM-owned,Initial ADR Count (HIGH) (2025),99.5%,ICM-owned,2025,202503,1297,858,618,334,270
Adventist Health System Florida,FL,ICM-owned,Initial ADR Count (HIGH) (2025),99.5%,ICM-owned,2025,202504,1198,863,583,324,253
Adventist Health System Florida,FL,ICM-owned,Initial ADR Count (HIGH) (2025),99.5%,ICM-owned,2025,202505,1303,916,596,353,232
Adventist Health System Florida,FL,ICM-owned,Initial ADR Count (HIGH) (2025),99.5%,ICM-owned,2025,202506,1284,952,620,357,247
Adventist Health System Florida,FL,ICM-owned,Initial ADR Count (HIGH) (2025),99.5%,ICM-owned,2025,202507,1323,1015,592,329,247
Adventist Health System Florida,FL,ICM-owned,Initial ADR Count (HIGH) (2025),99.5%,ICM-owned,2025,202508,1353,1053,580,316,239
Adventist Health System Florida,FL,ICM-owned,Initial ADR Count (HIGH) (2025),99.5%,ICM-owned,2025,202509,1373,1046,559,298,234
Adventist Health System Florida,FL,ICM-owned,Initial ADR Count (HIGH) (2025),99.5%,ICM-owned,2025,202510,1394,1051,593,282,294
Adventist Health System Florida,FL,ICM-owned,Initial ADR Count (HIGH) (2025),99.5%,ICM-owned,2025,202511,1304,843,455,218,224
Adventist Health System Florida,FL,ICM-owned,Initial ADR Count (HIGH) (2025),99.5%,ICM-owned,2025,202512,1447,1111,484,242,225
Adventist Health System Florida,FL,ICM-owned,Initial ADR Count (HIGH) (2025),99.5%,ICM-owned,2026,202601,1490,1230,588,287,255
Adventist Health System Florida,FL,ICM-owned,Initial ADR Count (HIGH) (2025),99.5%,ICM-owned,2026,202602,1351,1122,601,290,276
Adventist Health System Florida,FL,ICM-owned,Initial ADR Count (HIGH) (2025),99.5%,ICM-owned,2026,202603,1504,1256,667,322,307
Adventist Health System Florida,FL,ICM-owned,Initial ADR Count (HIGH) (2025),99.5%,ICM-owned,2026,202604,1460,1226,639,320,285
Adventist Health System Florida,FL,ICM-owned,Initial ADR Count (HIGH) (2025),99.5%,ICM-owned,2026,202605,1410,1048,598,288,290
Adventist Health System Florida,FL,ICM-owned,Initial ADR Count (HIGH) (2025),99.5%,ICM-owned,2026,202606,941,699,416,225,168
Adventist Health System Florida,FL,ICM-owned,Initial ADR Count (HIGH) (2025),99.5%,Non-ICM,2025,202501,99,0,1,1,0
Adventist Health System Florida,FL,ICM-owned,Initial ADR Count (HIGH) (2025),99.5%,Non-ICM,2025,202502,132,0,2,1,0
Adventist Health System Florida,FL,ICM-owned,Initial ADR Count (HIGH) (2025),99.5%,Non-ICM,2025,202503,119,0,1,1,0
Adventist Health System Florida,FL,ICM-owned,Initial ADR Count (HIGH) (2025),99.5%,Non-ICM,2025,202504,128,0,4,0,0
Adventist Health System Florida,FL,ICM-owned,Initial ADR Count (HIGH) (2025),99.5%,Non-ICM,2025,202505,122,0,4,0,0
Adventist Health System Florida,FL,ICM-owned,Initial ADR Count (HIGH) (2025),99.5%,Non-ICM,2025,202506,131,0,3,0,0
Adventist Health System Florida,FL,ICM-owned,Initial ADR Count (HIGH) (2025),99.5%,Non-ICM,2025,202507,121,0,1,0,0
Adventist Health System Florida,FL,ICM-owned,Initial ADR Count (HIGH) (2025),99.5%,Non-ICM,2025,202508,138,0,1,1,0
Adventist Health System Florida,FL,ICM-owned,Initial ADR Count (HIGH) (2025),99.5%,Non-ICM,2025,202509,119,0,0,0,0
Adventist Health System Florida,FL,ICM-owned,Initial ADR Count (HIGH) (2025),99.5%,Non-ICM,2025,202510,133,0,1,0,0
Adventist Health System Florida,FL,ICM-owned,Initial ADR Count (HIGH) (2025),99.5%,Non-ICM,2025,202511,101,0,2,0,0
Adventist Health System Florida,FL,ICM-owned,Initial ADR Count (HIGH) (2025),99.5%,Non-ICM,2025,202512,133,0,2,1,0
Adventist Health System Florida,FL,ICM-owned,Initial ADR Count (HIGH) (2025),99.5%,Non-ICM,2026,202601,133,0,0,0,0
Adventist Health System Florida,FL,ICM-owned,Initial ADR Count (HIGH) (2025),99.5%,Non-ICM,2026,202602,129,0,1,0,0
Adventist Health System Florida,FL,ICM-owned,Initial ADR Count (HIGH) (2025),99.5%,Non-ICM,2026,202603,116,0,0,0,0
Adventist Health System Florida,FL,ICM-owned,Initial ADR Count (HIGH) (2025),99.5%,Non-ICM,2026,202604,120,0,2,0,0
Adventist Health System Florida,FL,ICM-owned,Initial ADR Count (HIGH) (2025),99.5%,Non-ICM,2026,202605,125,0,3,0,0
Adventist Health System Florida,FL,ICM-owned,Initial ADR Count (HIGH) (2025),99.5%,Non-ICM,2026,202606,80,0,0,0,0
Adventist Health System Florida,FL,ICM-owned,Initial ADR Count (HIGH) (2025),99.5%,,2025,202508,1,0,0,0,0
Adventist Health System Florida,FL,ICM-owned,Initial ADR Count (HIGH) (2025),99.5%,,2026,202606,69,10,2,2,0
Atrium Health System,NC,ICM-owned,Member Appeal Rate (HIGH) (2026),100.0%,ICM-owned,2025,202501,1198,886,396,178,196
Atrium Health System,SC,ICM-owned,Member Appeal Rate (HIGH) (2026),100.0%,ICM-owned,2025,202501,49,31,7,4,3
Atrium Health System,SC,ICM-owned,Member Appeal Rate (HIGH) (2026),100.0%,ICM-owned,2025,202502,50,39,19,7,12
Atrium Health System,NC,ICM-owned,Member Appeal Rate (HIGH) (2026),100.0%,ICM-owned,2025,202502,1183,898,373,165,196
Atrium Health System,SC,ICM-owned,Member Appeal Rate (HIGH) (2026),100.0%,ICM-owned,2025,202503,50,32,20,9,9
Atrium Health System,NC,ICM-owned,Member Appeal Rate (HIGH) (2026),100.0%,ICM-owned,2025,202503,1261,922,435,200,216
Atrium Health System,NC,ICM-owned,Member Appeal Rate (HIGH) (2026),100.0%,ICM-owned,2025,202504,1197,945,462,238,212
Atrium Health System,SC,ICM-owned,Member Appeal Rate (HIGH) (2026),100.0%,ICM-owned,2025,202504,40,27,11,4,7
Atrium Health System,SC,ICM-owned,Member Appeal Rate (HIGH) (2026),100.0%,ICM-owned,2025,202505,52,37,12,6,6
Atrium Health System,NC,ICM-owned,Member Appeal Rate (HIGH) (2026),100.0%,ICM-owned,2025,202505,1253,959,438,205,219
Atrium Health System,SC,ICM-owned,Member Appeal Rate (HIGH) (2026),100.0%,ICM-owned,2025,202506,59,41,17,11,6
Atrium Health System,NC,ICM-owned,Member Appeal Rate (HIGH) (2026),100.0%,ICM-owned,2025,202506,1170,887,351,195,144
Atrium Health System,NC,ICM-owned,Member Appeal Rate (HIGH) (2026),100.0%,ICM-owned,2025,202507,1202,905,425,219,195
Atrium Health System,SC,ICM-owned,Member Appeal Rate (HIGH) (2026),100.0%,ICM-owned,2025,202507,60,39,15,7,7
Atrium Health System,NC,ICM-owned,Member Appeal Rate (HIGH) (2026),100.0%,ICM-owned,2025,202508,1227,931,425,235,180
Atrium Health System,SC,ICM-owned,Member Appeal Rate (HIGH) (2026),100.0%,ICM-owned,2025,202508,57,41,17,10,7
Atrium Health System,SC,ICM-owned,Member Appeal Rate (HIGH) (2026),100.0%,ICM-owned,2025,202509,50,36,21,12,7
Atrium Health System,NC,ICM-owned,Member Appeal Rate (HIGH) (2026),100.0%,ICM-owned,2025,202509,1252,980,443,226,202
Atrium Health System,NC,ICM-owned,Member Appeal Rate (HIGH) (2026),100.0%,ICM-owned,2025,202510,1196,937,426,231,190
Atrium Health System,SC,ICM-owned,Member Appeal Rate (HIGH) (2026),100.0%,ICM-owned,2025,202510,56,43,16,10,6
Atrium Health System,NC,ICM-owned,Member Appeal Rate (HIGH) (2026),100.0%,ICM-owned,2025,202511,1239,983,363,183,171
Atrium Health System,SC,ICM-owned,Member Appeal Rate (HIGH) (2026),100.0%,ICM-owned,2025,202511,65,58,18,11,7
Atrium Health System,NC,ICM-owned,Member Appeal Rate (HIGH) (2026),100.0%,ICM-owned,2025,202512,1390,1078,361,199,151
Atrium Health System,SC,ICM-owned,Member Appeal Rate (HIGH) (2026),100.0%,ICM-owned,2025,202512,77,53,14,8,6
Atrium Health System,SC,ICM-owned,Member Appeal Rate (HIGH) (2026),100.0%,ICM-owned,2026,202601,50,37,8,2,4
Atrium Health System,NC,ICM-owned,Member Appeal Rate (HIGH) (2026),100.0%,ICM-owned,2026,202601,1129,914,363,121,159
Atrium Health System,NC,ICM-owned,Member Appeal Rate (HIGH) (2026),100.0%,ICM-owned,2026,202602,985,813,360,77,3
Atrium Health System,SC,ICM-owned,Member Appeal Rate (HIGH) (2026),100.0%,ICM-owned,2026,202602,49,43,14,1,0
Atrium Health System,SC,ICM-owned,Member Appeal Rate (HIGH) (2026),100.0%,ICM-owned,2026,202603,51,40,15,4,0
Atrium Health System,NC,ICM-owned,Member Appeal Rate (HIGH) (2026),100.0%,ICM-owned,2026,202603,1096,946,380,92,2
Atrium Health System,SC,ICM-owned,Member Appeal Rate (HIGH) (2026),100.0%,ICM-owned,2026,202604,42,32,8,3,0
Atrium Health System,NC,ICM-owned,Member Appeal Rate (HIGH) (2026),100.0%,ICM-owned,2026,202604,1036,956,403,90,1
Atrium Health System,SC,ICM-owned,Member Appeal Rate (HIGH) (2026),100.0%,ICM-owned,2026,202605,33,31,11,2,0
Atrium Health System,NC,ICM-owned,Member Appeal Rate (HIGH) (2026),100.0%,ICM-owned,2026,202605,1074,907,381,86,1
Atrium Health System,SC,ICM-owned,Member Appeal Rate (HIGH) (2026),100.0%,ICM-owned,2026,202606,30,16,7,2,0
Atrium Health System,NC,ICM-owned,Member Appeal Rate (HIGH) (2026),100.0%,ICM-owned,2026,202606,732,493,255,121,0
Atrium Health System,SC,ICM-owned,Member Appeal Rate (HIGH) (2026),100.0%,Non-ICM,2025,202501,6,0,0,0,0
Atrium Health System,NC,ICM-owned,Member Appeal Rate (HIGH) (2026),100.0%,Non-ICM,2025,202501,85,0,0,0,0
Atrium Health System,NC,ICM-owned,Member Appeal Rate (HIGH) (2026),100.0%,Non-ICM,2025,202502,83,0,0,0,0
Atrium Health System,SC,ICM-owned,Member Appeal Rate (HIGH) (2026),100.0%,Non-ICM,2025,202502,5,0,0,0,0
Atrium Health System,NC,ICM-owned,Member Appeal Rate (HIGH) (2026),100.0%,Non-ICM,2025,202503,88,0,0,0,0
Atrium Health System,SC,ICM-owned,Member Appeal Rate (HIGH) (2026),100.0%,Non-ICM,2025,202503,5,0,0,0,0
Atrium Health System,SC,ICM-owned,Member Appeal Rate (HIGH) (2026),100.0%,Non-ICM,2025,202504,2,0,0,0,0
Atrium Health System,NC,ICM-owned,Member Appeal Rate (HIGH) (2026),100.0%,Non-ICM,2025,202504,112,0,0,0,0
Atrium Health System,SC,ICM-owned,Member Appeal Rate (HIGH) (2026),100.0%,Non-ICM,2025,202505,5,0,0,0,0
Atrium Health System,NC,ICM-owned,Member Appeal Rate (HIGH) (2026),100.0%,Non-ICM,2025,202505,80,0,0,0,0
Atrium Health System,NC,ICM-owned,Member Appeal Rate (HIGH) (2026),100.0%,Non-ICM,2025,202506,83,0,0,0,0
Atrium Health System,SC,ICM-owned,Member Appeal Rate (HIGH) (2026),100.0%,Non-ICM,2025,202506,6,0,0,0,0
Atrium Health System,NC,ICM-owned,Member Appeal Rate (HIGH) (2026),100.0%,Non-ICM,2025,202507,118,0,0,0,0
Atrium Health System,SC,ICM-owned,Member Appeal Rate (HIGH) (2026),100.0%,Non-ICM,2025,202507,8,0,0,0,0
Atrium Health System,SC,ICM-owned,Member Appeal Rate (HIGH) (2026),100.0%,Non-ICM,2025,202508,15,0,0,0,0
Atrium Health System,NC,ICM-owned,Member Appeal Rate (HIGH) (2026),100.0%,Non-ICM,2025,202508,86,0,0,0,0
Atrium Health System,SC,ICM-owned,Member Appeal Rate (HIGH) (2026),100.0%,Non-ICM,2025,202509,1,0,0,0,0
Atrium Health System,NC,ICM-owned,Member Appeal Rate (HIGH) (2026),100.0%,Non-ICM,2025,202509,93,0,2,1,0
Atrium Health System,SC,ICM-owned,Member Appeal Rate (HIGH) (2026),100.0%,Non-ICM,2025,202510,1,0,0,0,0
Atrium Health System,NC,ICM-owned,Member Appeal Rate (HIGH) (2026),100.0%,Non-ICM,2025,202510,93,0,1,1,0
Atrium Health System,NC,ICM-owned,Member Appeal Rate (HIGH) (2026),100.0%,Non-ICM,2025,202511,91,0,0,0,0
Atrium Health System,SC,ICM-owned,Member Appeal Rate (HIGH) (2026),100.0%,Non-ICM,2025,202511,5,0,0,0,0
Atrium Health System,NC,ICM-owned,Member Appeal Rate (HIGH) (2026),100.0%,Non-ICM,2025,202512,98,0,1,1,0
Atrium Health System,SC,ICM-owned,Member Appeal Rate (HIGH) (2026),100.0%,Non-ICM,2025,202512,4,0,0,0,0
Atrium Health System,SC,ICM-owned,Member Appeal Rate (HIGH) (2026),100.0%,Non-ICM,2026,202601,5,0,0,0,0
Atrium Health System,NC,ICM-owned,Member Appeal Rate (HIGH) (2026),100.0%,Non-ICM,2026,202601,84,0,1,1,0
Atrium Health System,SC,ICM-owned,Member Appeal Rate (HIGH) (2026),100.0%,Non-ICM,2026,202602,2,0,0,0,0
Atrium Health System,NC,ICM-owned,Member Appeal Rate (HIGH) (2026),100.0%,Non-ICM,2026,202602,146,0,0,0,0
Atrium Health System,NC,ICM-owned,Member Appeal Rate (HIGH) (2026),100.0%,Non-ICM,2026,202603,117,0,1,1,0
Atrium Health System,SC,ICM-owned,Member Appeal Rate (HIGH) (2026),100.0%,Non-ICM,2026,202603,3,0,0,0,0
Atrium Health System,SC,ICM-owned,Member Appeal Rate (HIGH) (2026),100.0%,Non-ICM,2026,202604,4,0,0,0,0
Atrium Health System,NC,ICM-owned,Member Appeal Rate (HIGH) (2026),100.0%,Non-ICM,2026,202604,60,0,0,0,0
Atrium Health System,NC,ICM-owned,Member Appeal Rate (HIGH) (2026),100.0%,Non-ICM,2026,202605,47,0,0,0,0
Atrium Health System,SC,ICM-owned,Member Appeal Rate (HIGH) (2026),100.0%,Non-ICM,2026,202605,2,0,0,0,0
Atrium Health System,NC,ICM-owned,Member Appeal Rate (HIGH) (2026),100.0%,Non-ICM,2026,202606,47,1,0,0,0
Atrium Health System,SC,ICM-owned,Member Appeal Rate (HIGH) (2026),100.0%,Non-ICM,2026,202606,2,0,0,0,0
Atrium Health System,NC,ICM-owned,Member Appeal Rate (HIGH) (2026),100.0%,,2026,202606,63,4,0,0,0
Atrium Health System,SC,ICM-owned,Member Appeal Rate (HIGH) (2026),100.0%,,2026,202606,2,0,0,0,0
Novant Health System,NC,ICM-owned,Initial ADR Count (HIGH) (2025); Case Count (HIGH) (2026),100.0%; 50.5%,ICM-owned,2025,202501,1211,936,332,227,18
Novant Health System,NC,ICM-owned,Initial ADR Count (HIGH) (2025); Case Count (HIGH) (2026),100.0%; 50.5%,ICM-owned,2025,202502,1151,902,371,246,18
Novant Health System,NC,ICM-owned,Initial ADR Count (HIGH) (2025); Case Count (HIGH) (2026),100.0%; 50.5%,ICM-owned,2025,202503,1260,1000,360,275,16
Novant Health System,NC,ICM-owned,Initial ADR Count (HIGH) (2025); Case Count (HIGH) (2026),100.0%; 50.5%,ICM-owned,2025,202504,1164,989,360,231,23
Novant Health System,NC,ICM-owned,Initial ADR Count (HIGH) (2025); Case Count (HIGH) (2026),100.0%; 50.5%,ICM-owned,2025,202505,1266,1082,459,325,16
Novant Health System,NC,ICM-owned,Initial ADR Count (HIGH) (2025); Case Count (HIGH) (2026),100.0%; 50.5%,ICM-owned,2025,202506,1196,1026,455,330,26
Novant Health System,NC,ICM-owned,Initial ADR Count (HIGH) (2025); Case Count (HIGH) (2026),100.0%; 50.5%,ICM-owned,2025,202507,1211,1063,494,350,43
Novant Health System,NC,ICM-owned,Initial ADR Count (HIGH) (2025); Case Count (HIGH) (2026),100.0%; 50.5%,ICM-owned,2025,202508,1227,1064,543,383,50
Novant Health System,NC,ICM-owned,Initial ADR Count (HIGH) (2025); Case Count (HIGH) (2026),100.0%; 50.5%,ICM-owned,2025,202509,1228,1054,527,384,42
Novant Health System,NC,ICM-owned,Initial ADR Count (HIGH) (2025); Case Count (HIGH) (2026),100.0%; 50.5%,ICM-owned,2025,202510,1263,1069,514,346,38
Novant Health System,NC,ICM-owned,Initial ADR Count (HIGH) (2025); Case Count (HIGH) (2026),100.0%; 50.5%,ICM-owned,2025,202511,1171,995,391,272,25
Novant Health System,NC,ICM-owned,Initial ADR Count (HIGH) (2025); Case Count (HIGH) (2026),100.0%; 50.5%,ICM-owned,2025,202512,1320,1115,426,316,34
Novant Health System,NC,ICM-owned,Initial ADR Count (HIGH) (2025); Case Count (HIGH) (2026),100.0%; 50.5%,ICM-owned,2026,202601,1080,935,357,258,33
Novant Health System,NC,ICM-owned,Initial ADR Count (HIGH) (2025); Case Count (HIGH) (2026),100.0%; 50.5%,ICM-owned,2026,202602,1002,880,390,270,29
Novant Health System,NC,ICM-owned,Initial ADR Count (HIGH) (2025); Case Count (HIGH) (2026),100.0%; 50.5%,ICM-owned,2026,202603,1038,906,331,235,36
Novant Health System,NC,ICM-owned,Initial ADR Count (HIGH) (2025); Case Count (HIGH) (2026),100.0%; 50.5%,ICM-owned,2026,202604,1018,922,362,255,47
Novant Health System,NC,ICM-owned,Initial ADR Count (HIGH) (2025); Case Count (HIGH) (2026),100.0%; 50.5%,ICM-owned,2026,202605,1107,924,368,250,49
Novant Health System,NC,ICM-owned,Initial ADR Count (HIGH) (2025); Case Count (HIGH) (2026),100.0%; 50.5%,ICM-owned,2026,202606,801,619,244,180,19
Novant Health System,NC,ICM-owned,Initial ADR Count (HIGH) (2025); Case Count (HIGH) (2026),100.0%; 50.5%,Non-ICM,2025,202501,67,0,0,0,0
Novant Health System,NC,ICM-owned,Initial ADR Count (HIGH) (2025); Case Count (HIGH) (2026),100.0%; 50.5%,Non-ICM,2025,202502,113,0,1,0,0
Novant Health System,NC,ICM-owned,Initial ADR Count (HIGH) (2025); Case Count (HIGH) (2026),100.0%; 50.5%,Non-ICM,2025,202503,124,0,1,1,0
Novant Health System,NC,ICM-owned,Initial ADR Count (HIGH) (2025); Case Count (HIGH) (2026),100.0%; 50.5%,Non-ICM,2025,202504,126,0,2,2,0
Novant Health System,NC,ICM-owned,Initial ADR Count (HIGH) (2025); Case Count (HIGH) (2026),100.0%; 50.5%,Non-ICM,2025,202505,106,0,0,0,0
Novant Health System,NC,ICM-owned,Initial ADR Count (HIGH) (2025); Case Count (HIGH) (2026),100.0%; 50.5%,Non-ICM,2025,202506,104,0,2,2,0
Novant Health System,NC,ICM-owned,Initial ADR Count (HIGH) (2025); Case Count (HIGH) (2026),100.0%; 50.5%,Non-ICM,2025,202507,104,0,0,0,0
Novant Health System,NC,ICM-owned,Initial ADR Count (HIGH) (2025); Case Count (HIGH) (2026),100.0%; 50.5%,Non-ICM,2025,202508,100,0,3,2,0
Novant Health System,NC,ICM-owned,Initial ADR Count (HIGH) (2025); Case Count (HIGH) (2026),100.0%; 50.5%,Non-ICM,2025,202509,103,0,3,2,0
Novant Health System,NC,ICM-owned,Initial ADR Count (HIGH) (2025); Case Count (HIGH) (2026),100.0%; 50.5%,Non-ICM,2025,202510,96,0,2,1,0
Novant Health System,NC,ICM-owned,Initial ADR Count (HIGH) (2025); Case Count (HIGH) (2026),100.0%; 50.5%,Non-ICM,2025,202511,90,0,1,0,0
Novant Health System,NC,ICM-owned,Initial ADR Count (HIGH) (2025); Case Count (HIGH) (2026),100.0%; 50.5%,Non-ICM,2025,202512,112,0,1,0,0
Novant Health System,NC,ICM-owned,Initial ADR Count (HIGH) (2025); Case Count (HIGH) (2026),100.0%; 50.5%,Non-ICM,2026,202601,71,0,0,0,0
Novant Health System,NC,ICM-owned,Initial ADR Count (HIGH) (2025); Case Count (HIGH) (2026),100.0%; 50.5%,Non-ICM,2026,202602,80,0,1,1,0
Novant Health System,NC,ICM-owned,Initial ADR Count (HIGH) (2025); Case Count (HIGH) (2026),100.0%; 50.5%,Non-ICM,2026,202603,69,0,1,0,0
Novant Health System,NC,ICM-owned,Initial ADR Count (HIGH) (2025); Case Count (HIGH) (2026),100.0%; 50.5%,Non-ICM,2026,202604,79,0,2,1,0
Novant Health System,NC,ICM-owned,Initial ADR Count (HIGH) (2025); Case Count (HIGH) (2026),100.0%; 50.5%,Non-ICM,2026,202605,73,0,0,0,0
Novant Health System,NC,ICM-owned,Initial ADR Count (HIGH) (2025); Case Count (HIGH) (2026),100.0%; 50.5%,Non-ICM,2026,202606,56,0,1,0,0
Novant Health System,NC,ICM-owned,Initial ADR Count (HIGH) (2025); Case Count (HIGH) (2026),100.0%; 50.5%,,2026,202606,41,7,1,1,0
Mercy Health System (OH),OH,ICM-owned,Initial ADR Count (HIGH) (2025),80.0%,ICM-owned,2025,202501,870,726,366,189,168
Mercy Health System (OH),OH,ICM-owned,Initial ADR Count (HIGH) (2025),80.0%,ICM-owned,2025,202502,816,702,348,190,148
Mercy Health System (OH),OH,ICM-owned,Initial ADR Count (HIGH) (2025),80.0%,ICM-owned,2025,202503,860,766,343,178,155
Mercy Health System (OH),OH,ICM-owned,Initial ADR Count (HIGH) (2025),80.0%,ICM-owned,2025,202504,845,753,393,207,182
Mercy Health System (OH),OH,ICM-owned,Initial ADR Count (HIGH) (2025),80.0%,ICM-owned,2025,202505,841,740,372,191,171
Mercy Health System (OH),OH,ICM-owned,Initial ADR Count (HIGH) (2025),80.0%,ICM-owned,2025,202506,834,731,355,182,167
Mercy Health System (OH),OH,ICM-owned,Initial ADR Count (HIGH) (2025),80.0%,ICM-owned,2025,202507,683,578,346,153,182
Mercy Health System (OH),OH,ICM-owned,Initial ADR Count (HIGH) (2025),80.0%,ICM-owned,2025,202508,839,723,324,170,141
Mercy Health System (OH),OH,ICM-owned,Initial ADR Count (HIGH) (2025),80.0%,ICM-owned,2025,202509,874,797,342,182,116
Mercy Health System (OH),OH,ICM-owned,Initial ADR Count (HIGH) (2025),80.0%,ICM-owned,2025,202510,938,833,345,200,110
Mercy Health System (OH),OH,ICM-owned,Initial ADR Count (HIGH) (2025),80.0%,ICM-owned,2025,202511,885,752,278,174,81
Mercy Health System (OH),OH,ICM-owned,Initial ADR Count (HIGH) (2025),80.0%,ICM-owned,2025,202512,976,871,361,221,97
Mercy Health System (OH),OH,ICM-owned,Initial ADR Count (HIGH) (2025),80.0%,ICM-owned,2026,202601,988,876,353,187,127
Mercy Health System (OH),OH,ICM-owned,Initial ADR Count (HIGH) (2025),80.0%,ICM-owned,2026,202602,886,784,342,194,116
Mercy Health System (OH),OH,ICM-owned,Initial ADR Count (HIGH) (2025),80.0%,ICM-owned,2026,202603,858,729,325,209,95
Mercy Health System (OH),OH,ICM-owned,Initial ADR Count (HIGH) (2025),80.0%,ICM-owned,2026,202604,891,781,395,217,158
Mercy Health System (OH),OH,ICM-owned,Initial ADR Count (HIGH) (2025),80.0%,ICM-owned,2026,202605,952,804,399,286,109
Mercy Health System (OH),OH,ICM-owned,Initial ADR Count (HIGH) (2025),80.0%,ICM-owned,2026,202606,629,512,246,185,57
Mercy Health System (OH),OH,ICM-owned,Initial ADR Count (HIGH) (2025),80.0%,Non-ICM,2025,202501,31,0,1,1,0
Mercy Health System (OH),OH,ICM-owned,Initial ADR Count (HIGH) (2025),80.0%,Non-ICM,2025,202502,45,0,0,0,0
Mercy Health System (OH),OH,ICM-owned,Initial ADR Count (HIGH) (2025),80.0%,Non-ICM,2025,202503,30,0,0,0,0
Mercy Health System (OH),OH,ICM-owned,Initial ADR Count (HIGH) (2025),80.0%,Non-ICM,2025,202504,38,0,0,0,0
Mercy Health System (OH),OH,ICM-owned,Initial ADR Count (HIGH) (2025),80.0%,Non-ICM,2025,202505,83,0,0,0,0
Mercy Health System (OH),OH,ICM-owned,Initial ADR Count (HIGH) (2025),80.0%,Non-ICM,2025,202506,76,0,0,0,0
Mercy Health System (OH),OH,ICM-owned,Initial ADR Count (HIGH) (2025),80.0%,Non-ICM,2025,202507,143,0,0,0,0
Mercy Health System (OH),OH,ICM-owned,Initial ADR Count (HIGH) (2025),80.0%,Non-ICM,2025,202508,59,0,0,0,0
Mercy Health System (OH),OH,ICM-owned,Initial ADR Count (HIGH) (2025),80.0%,Non-ICM,2025,202509,33,0,2,2,0
Mercy Health System (OH),OH,ICM-owned,Initial ADR Count (HIGH) (2025),80.0%,Non-ICM,2025,202510,46,0,2,2,0
Mercy Health System (OH),OH,ICM-owned,Initial ADR Count (HIGH) (2025),80.0%,Non-ICM,2025,202511,28,0,0,0,0
Mercy Health System (OH),OH,ICM-owned,Initial ADR Count (HIGH) (2025),80.0%,Non-ICM,2025,202512,30,0,0,0,0
Mercy Health System (OH),OH,ICM-owned,Initial ADR Count (HIGH) (2025),80.0%,Non-ICM,2026,202601,99,0,0,0,0
Mercy Health System (OH),OH,ICM-owned,Initial ADR Count (HIGH) (2025),80.0%,Non-ICM,2026,202602,89,0,0,0,0
Mercy Health System (OH),OH,ICM-owned,Initial ADR Count (HIGH) (2025),80.0%,Non-ICM,2026,202603,122,0,0,0,0
Mercy Health System (OH),OH,ICM-owned,Initial ADR Count (HIGH) (2025),80.0%,Non-ICM,2026,202604,132,0,0,0,0
Mercy Health System (OH),OH,ICM-owned,Initial ADR Count (HIGH) (2025),80.0%,Non-ICM,2026,202605,128,0,0,0,0
Mercy Health System (OH),OH,ICM-owned,Initial ADR Count (HIGH) (2025),80.0%,Non-ICM,2026,202606,89,3,3,3,0
Mercy Health System (OH),OH,ICM-owned,Initial ADR Count (HIGH) (2025),80.0%,,2026,202606,35,3,0,0,0
Baptist SFL,FL,ICM-owned,MD Escalation Rate (LOW) (2026),80.5%,ICM-owned,2025,202501,591,177,157,62,74
Baptist SFL,FL,ICM-owned,MD Escalation Rate (LOW) (2026),80.5%,ICM-owned,2025,202502,516,187,147,58,65
Baptist SFL,FL,ICM-owned,MD Escalation Rate (LOW) (2026),80.5%,ICM-owned,2025,202503,542,248,157,54,85
Baptist SFL,FL,ICM-owned,MD Escalation Rate (LOW) (2026),80.5%,ICM-owned,2025,202504,579,358,184,62,98
Baptist SFL,FL,ICM-owned,MD Escalation Rate (LOW) (2026),80.5%,ICM-owned,2025,202505,559,356,153,60,70
Baptist SFL,FL,ICM-owned,MD Escalation Rate (LOW) (2026),80.5%,ICM-owned,2025,202506,570,384,179,72,83
Baptist SFL,FL,ICM-owned,MD Escalation Rate (LOW) (2026),80.5%,ICM-owned,2025,202507,586,392,175,60,97
Baptist SFL,FL,ICM-owned,MD Escalation Rate (LOW) (2026),80.5%,ICM-owned,2025,202508,655,414,170,79,72
Baptist SFL,FL,ICM-owned,MD Escalation Rate (LOW) (2026),80.5%,ICM-owned,2025,202509,612,375,155,64,79
Baptist SFL,FL,ICM-owned,MD Escalation Rate (LOW) (2026),80.5%,ICM-owned,2025,202510,607,347,171,74,82
Baptist SFL,FL,ICM-owned,MD Escalation Rate (LOW) (2026),80.5%,ICM-owned,2025,202511,582,314,134,54,66
Baptist SFL,FL,ICM-owned,MD Escalation Rate (LOW) (2026),80.5%,ICM-owned,2025,202512,698,447,128,64,45
Baptist SFL,FL,ICM-owned,MD Escalation Rate (LOW) (2026),80.5%,ICM-owned,2026,202601,748,522,164,76,64
Baptist SFL,FL,ICM-owned,MD Escalation Rate (LOW) (2026),80.5%,ICM-owned,2026,202602,668,451,156,68,76
Baptist SFL,FL,ICM-owned,MD Escalation Rate (LOW) (2026),80.5%,ICM-owned,2026,202603,712,305,185,59,112
Baptist SFL,FL,ICM-owned,MD Escalation Rate (LOW) (2026),80.5%,ICM-owned,2026,202604,738,284,212,86,118
Baptist SFL,FL,ICM-owned,MD Escalation Rate (LOW) (2026),80.5%,ICM-owned,2026,202605,725,263,209,89,111
Baptist SFL,FL,ICM-owned,MD Escalation Rate (LOW) (2026),80.5%,ICM-owned,2026,202606,517,158,119,61,48
Baptist SFL,FL,ICM-owned,MD Escalation Rate (LOW) (2026),80.5%,Non-ICM,2025,202501,235,0,1,1,0
Baptist SFL,FL,ICM-owned,MD Escalation Rate (LOW) (2026),80.5%,Non-ICM,2025,202502,187,0,1,0,0
Baptist SFL,FL,ICM-owned,MD Escalation Rate (LOW) (2026),80.5%,Non-ICM,2025,202503,204,0,2,2,0
Baptist SFL,FL,ICM-owned,MD Escalation Rate (LOW) (2026),80.5%,Non-ICM,2025,202504,245,0,0,0,0
Baptist SFL,FL,ICM-owned,MD Escalation Rate (LOW) (2026),80.5%,Non-ICM,2025,202505,253,0,3,0,0
Baptist SFL,FL,ICM-owned,MD Escalation Rate (LOW) (2026),80.5%,Non-ICM,2025,202506,250,0,2,1,0
Baptist SFL,FL,ICM-owned,MD Escalation Rate (LOW) (2026),80.5%,Non-ICM,2025,202507,288,0,0,0,0
Baptist SFL,FL,ICM-owned,MD Escalation Rate (LOW) (2026),80.5%,Non-ICM,2025,202508,262,0,0,0,0
Baptist SFL,FL,ICM-owned,MD Escalation Rate (LOW) (2026),80.5%,Non-ICM,2025,202509,261,0,0,0,0
Baptist SFL,FL,ICM-owned,MD Escalation Rate (LOW) (2026),80.5%,Non-ICM,2025,202510,273,0,1,1,0
Baptist SFL,FL,ICM-owned,MD Escalation Rate (LOW) (2026),80.5%,Non-ICM,2025,202511,283,0,0,0,0
Baptist SFL,FL,ICM-owned,MD Escalation Rate (LOW) (2026),80.5%,Non-ICM,2025,202512,264,0,2,0,0
Baptist SFL,FL,ICM-owned,MD Escalation Rate (LOW) (2026),80.5%,Non-ICM,2026,202601,264,0,0,0,0
Baptist SFL,FL,ICM-owned,MD Escalation Rate (LOW) (2026),80.5%,Non-ICM,2026,202602,243,0,0,0,0
Baptist SFL,FL,ICM-owned,MD Escalation Rate (LOW) (2026),80.5%,Non-ICM,2026,202603,260,0,0,0,0
Baptist SFL,FL,ICM-owned,MD Escalation Rate (LOW) (2026),80.5%,Non-ICM,2026,202604,287,0,1,0,0
Baptist SFL,FL,ICM-owned,MD Escalation Rate (LOW) (2026),80.5%,Non-ICM,2026,202605,288,0,0,0,0
Baptist SFL,FL,ICM-owned,MD Escalation Rate (LOW) (2026),80.5%,Non-ICM,2026,202606,189,0,0,0,0
Baptist SFL,FL,ICM-owned,MD Escalation Rate (LOW) (2026),80.5%,,2026,202606,25,1,0,0,0
UNC Health System,NC,ICM-owned,Member Appeal Rate (HIGH) (2026),100.0%,ICM-owned,2025,202501,598,442,172,73,84
UNC Health System,NC,ICM-owned,Member Appeal Rate (HIGH) (2026),100.0%,ICM-owned,2025,202502,567,441,160,73,79
UNC Health System,NC,ICM-owned,Member Appeal Rate (HIGH) (2026),100.0%,ICM-owned,2025,202503,614,488,160,73,81
UNC Health System,NC,ICM-owned,Member Appeal Rate (HIGH) (2026),100.0%,ICM-owned,2025,202504,603,491,205,100,92
UNC Health System,NC,ICM-owned,Member Appeal Rate (HIGH) (2026),100.0%,ICM-owned,2025,202505,622,505,168,75,85
UNC Health System,NC,ICM-owned,Member Appeal Rate (HIGH) (2026),100.0%,ICM-owned,2025,202506,624,495,174,81,84
UNC Health System,NC,ICM-owned,Member Appeal Rate (HIGH) (2026),100.0%,ICM-owned,2025,202507,544,435,157,80,73
UNC Health System,NC,ICM-owned,Member Appeal Rate (HIGH) (2026),100.0%,ICM-owned,2025,202508,592,481,177,75,94
UNC Health System,NC,ICM-owned,Member Appeal Rate (HIGH) (2026),100.0%,ICM-owned,2025,202509,653,543,197,90,92
UNC Health System,NC,ICM-owned,Member Appeal Rate (HIGH) (2026),100.0%,ICM-owned,2025,202510,633,511,186,76,98
UNC Health System,NC,ICM-owned,Member Appeal Rate (HIGH) (2026),100.0%,ICM-owned,2025,202511,650,510,143,59,75
UNC Health System,NC,ICM-owned,Member Appeal Rate (HIGH) (2026),100.0%,ICM-owned,2025,202512,761,618,151,77,66
UNC Health System,NC,ICM-owned,Member Appeal Rate (HIGH) (2026),100.0%,ICM-owned,2026,202601,808,696,201,82,95
UNC Health System,NC,ICM-owned,Member Appeal Rate (HIGH) (2026),100.0%,ICM-owned,2026,202602,775,669,195,67,85
UNC Health System,NC,ICM-owned,Member Appeal Rate (HIGH) (2026),100.0%,ICM-owned,2026,202603,880,751,206,65,72
UNC Health System,NC,ICM-owned,Member Appeal Rate (HIGH) (2026),100.0%,ICM-owned,2026,202604,887,771,206,68,64
UNC Health System,NC,ICM-owned,Member Appeal Rate (HIGH) (2026),100.0%,ICM-owned,2026,202605,834,650,193,69,50
UNC Health System,NC,ICM-owned,Member Appeal Rate (HIGH) (2026),100.0%,ICM-owned,2026,202606,651,431,164,77,54
UNC Health System,NC,ICM-owned,Member Appeal Rate (HIGH) (2026),100.0%,Non-ICM,2025,202501,49,0,0,0,0
UNC Health System,NC,ICM-owned,Member Appeal Rate (HIGH) (2026),100.0%,Non-ICM,2025,202502,59,0,1,1,0
UNC Health System,NC,ICM-owned,Member Appeal Rate (HIGH) (2026),100.0%,Non-ICM,2025,202503,52,0,0,0,0
UNC Health System,NC,ICM-owned,Member Appeal Rate (HIGH) (2026),100.0%,Non-ICM,2025,202504,56,0,1,0,0
UNC Health System,NC,ICM-owned,Member Appeal Rate (HIGH) (2026),100.0%,Non-ICM,2025,202505,57,0,0,0,0
UNC Health System,NC,ICM-owned,Member Appeal Rate (HIGH) (2026),100.0%,Non-ICM,2025,202506,57,0,0,0,0
UNC Health System,NC,ICM-owned,Member Appeal Rate (HIGH) (2026),100.0%,Non-ICM,2025,202507,57,0,0,0,0
UNC Health System,NC,ICM-owned,Member Appeal Rate (HIGH) (2026),100.0%,Non-ICM,2025,202508,66,0,0,0,0
UNC Health System,NC,ICM-owned,Member Appeal Rate (HIGH) (2026),100.0%,Non-ICM,2025,202509,59,0,1,0,0
UNC Health System,NC,ICM-owned,Member Appeal Rate (HIGH) (2026),100.0%,Non-ICM,2025,202510,76,0,1,0,0
UNC Health System,NC,ICM-owned,Member Appeal Rate (HIGH) (2026),100.0%,Non-ICM,2025,202511,62,0,1,1,0
UNC Health System,NC,ICM-owned,Member Appeal Rate (HIGH) (2026),100.0%,Non-ICM,2025,202512,48,0,1,0,0
UNC Health System,NC,ICM-owned,Member Appeal Rate (HIGH) (2026),100.0%,Non-ICM,2026,202601,66,0,0,0,0
UNC Health System,NC,ICM-owned,Member Appeal Rate (HIGH) (2026),100.0%,Non-ICM,2026,202602,52,0,0,0,0
UNC Health System,NC,ICM-owned,Member Appeal Rate (HIGH) (2026),100.0%,Non-ICM,2026,202603,69,0,0,0,0
UNC Health System,NC,ICM-owned,Member Appeal Rate (HIGH) (2026),100.0%,Non-ICM,2026,202604,124,0,0,0,0
UNC Health System,NC,ICM-owned,Member Appeal Rate (HIGH) (2026),100.0%,Non-ICM,2026,202605,111,0,0,0,0
UNC Health System,NC,ICM-owned,Member Appeal Rate (HIGH) (2026),100.0%,Non-ICM,2026,202606,94,1,1,0,0
UNC Health System,NC,ICM-owned,Member Appeal Rate (HIGH) (2026),100.0%,,2026,202606,25,3,0,0,0
NORTH CAROLINA BAPTIST HOSPITAL SYSTEM,NC,ICM-owned,Member Appeal Rate (HIGH) (2026),100.0%,ICM-owned,2025,202501,587,359,138,86,40
NORTH CAROLINA BAPTIST HOSPITAL SYSTEM,NC,ICM-owned,Member Appeal Rate (HIGH) (2026),100.0%,ICM-owned,2025,202502,586,346,112,72,32
NORTH CAROLINA BAPTIST HOSPITAL SYSTEM,NC,ICM-owned,Member Appeal Rate (HIGH) (2026),100.0%,ICM-owned,2025,202503,675,449,146,88,44
NORTH CAROLINA BAPTIST HOSPITAL SYSTEM,NC,ICM-owned,Member Appeal Rate (HIGH) (2026),100.0%,ICM-owned,2025,202504,582,335,140,87,48
NORTH CAROLINA BAPTIST HOSPITAL SYSTEM,NC,ICM-owned,Member Appeal Rate (HIGH) (2026),100.0%,ICM-owned,2025,202505,590,322,118,71,37
NORTH CAROLINA BAPTIST HOSPITAL SYSTEM,NC,ICM-owned,Member Appeal Rate (HIGH) (2026),100.0%,ICM-owned,2025,202506,652,429,155,102,36
NORTH CAROLINA BAPTIST HOSPITAL SYSTEM,NC,ICM-owned,Member Appeal Rate (HIGH) (2026),100.0%,ICM-owned,2025,202507,693,491,202,137,46
NORTH CAROLINA BAPTIST HOSPITAL SYSTEM,NC,ICM-owned,Member Appeal Rate (HIGH) (2026),100.0%,ICM-owned,2025,202508,675,442,188,139,36
NORTH CAROLINA BAPTIST HOSPITAL SYSTEM,NC,ICM-owned,Member Appeal Rate (HIGH) (2026),100.0%,ICM-owned,2025,202509,627,409,137,90,37
NORTH CAROLINA BAPTIST HOSPITAL SYSTEM,NC,ICM-owned,Member Appeal Rate (HIGH) (2026),100.0%,ICM-owned,2025,202510,681,418,118,88,23
NORTH CAROLINA BAPTIST HOSPITAL SYSTEM,NC,ICM-owned,Member Appeal Rate (HIGH) (2026),100.0%,ICM-owned,2025,202511,622,369,115,78,27
NORTH CAROLINA BAPTIST HOSPITAL SYSTEM,NC,ICM-owned,Member Appeal Rate (HIGH) (2026),100.0%,ICM-owned,2025,202512,756,522,149,92,44
NORTH CAROLINA BAPTIST HOSPITAL SYSTEM,NC,ICM-owned,Member Appeal Rate (HIGH) (2026),100.0%,ICM-owned,2026,202601,705,517,152,72,7
NORTH CAROLINA BAPTIST HOSPITAL SYSTEM,NC,ICM-owned,Member Appeal Rate (HIGH) (2026),100.0%,ICM-owned,2026,202602,575,428,175,59,0
NORTH CAROLINA BAPTIST HOSPITAL SYSTEM,NC,ICM-owned,Member Appeal Rate (HIGH) (2026),100.0%,ICM-owned,2026,202603,629,487,165,50,0
NORTH CAROLINA BAPTIST HOSPITAL SYSTEM,NC,ICM-owned,Member Appeal Rate (HIGH) (2026),100.0%,ICM-owned,2026,202604,659,541,226,72,0
NORTH CAROLINA BAPTIST HOSPITAL SYSTEM,NC,ICM-owned,Member Appeal Rate (HIGH) (2026),100.0%,ICM-owned,2026,202605,668,541,231,81,0
NORTH CAROLINA BAPTIST HOSPITAL SYSTEM,NC,ICM-owned,Member Appeal Rate (HIGH) (2026),100.0%,ICM-owned,2026,202606,468,303,139,61,0
NORTH CAROLINA BAPTIST HOSPITAL SYSTEM,NC,ICM-owned,Member Appeal Rate (HIGH) (2026),100.0%,Non-ICM,2025,202501,12,0,0,0,0
NORTH CAROLINA BAPTIST HOSPITAL SYSTEM,NC,ICM-owned,Member Appeal Rate (HIGH) (2026),100.0%,Non-ICM,2025,202502,18,0,1,1,0
NORTH CAROLINA BAPTIST HOSPITAL SYSTEM,NC,ICM-owned,Member Appeal Rate (HIGH) (2026),100.0%,Non-ICM,2025,202503,58,0,4,2,0
NORTH CAROLINA BAPTIST HOSPITAL SYSTEM,NC,ICM-owned,Member Appeal Rate (HIGH) (2026),100.0%,Non-ICM,2025,202504,64,0,1,1,0
NORTH CAROLINA BAPTIST HOSPITAL SYSTEM,NC,ICM-owned,Member Appeal Rate (HIGH) (2026),100.0%,Non-ICM,2025,202505,57,0,1,0,0
NORTH CAROLINA BAPTIST HOSPITAL SYSTEM,NC,ICM-owned,Member Appeal Rate (HIGH) (2026),100.0%,Non-ICM,2025,202506,61,0,0,0,0
NORTH CAROLINA BAPTIST HOSPITAL SYSTEM,NC,ICM-owned,Member Appeal Rate (HIGH) (2026),100.0%,Non-ICM,2025,202507,54,0,1,0,0
NORTH CAROLINA BAPTIST HOSPITAL SYSTEM,NC,ICM-owned,Member Appeal Rate (HIGH) (2026),100.0%,Non-ICM,2025,202508,65,0,0,0,0
NORTH CAROLINA BAPTIST HOSPITAL SYSTEM,NC,ICM-owned,Member Appeal Rate (HIGH) (2026),100.0%,Non-ICM,2025,202509,54,0,0,0,0
NORTH CAROLINA BAPTIST HOSPITAL SYSTEM,NC,ICM-owned,Member Appeal Rate (HIGH) (2026),100.0%,Non-ICM,2025,202510,58,0,0,0,0
NORTH CAROLINA BAPTIST HOSPITAL SYSTEM,NC,ICM-owned,Member Appeal Rate (HIGH) (2026),100.0%,Non-ICM,2025,202511,52,0,0,0,0
NORTH CAROLINA BAPTIST HOSPITAL SYSTEM,NC,ICM-owned,Member Appeal Rate (HIGH) (2026),100.0%,Non-ICM,2025,202512,58,0,2,1,0
NORTH CAROLINA BAPTIST HOSPITAL SYSTEM,NC,ICM-owned,Member Appeal Rate (HIGH) (2026),100.0%,Non-ICM,2026,202601,44,0,0,0,0
NORTH CAROLINA BAPTIST HOSPITAL SYSTEM,NC,ICM-owned,Member Appeal Rate (HIGH) (2026),100.0%,Non-ICM,2026,202602,51,0,0,0,0
NORTH CAROLINA BAPTIST HOSPITAL SYSTEM,NC,ICM-owned,Member Appeal Rate (HIGH) (2026),100.0%,Non-ICM,2026,202603,51,0,0,0,0
NORTH CAROLINA BAPTIST HOSPITAL SYSTEM,NC,ICM-owned,Member Appeal Rate (HIGH) (2026),100.0%,Non-ICM,2026,202604,52,0,0,0,0
NORTH CAROLINA BAPTIST HOSPITAL SYSTEM,NC,ICM-owned,Member Appeal Rate (HIGH) (2026),100.0%,Non-ICM,2026,202605,39,0,0,0,0
NORTH CAROLINA BAPTIST HOSPITAL SYSTEM,NC,ICM-owned,Member Appeal Rate (HIGH) (2026),100.0%,Non-ICM,2026,202606,42,0,0,0,0
NORTH CAROLINA BAPTIST HOSPITAL SYSTEM,NC,ICM-owned,Member Appeal Rate (HIGH) (2026),100.0%,,2026,202606,25,4,1,1,0
Froedtert,WI,ICM-owned,P2P Overturn Rate (LOW) (2025),95.5%,ICM-owned,2025,202501,617,411,190,60,0
Froedtert,WI,ICM-owned,P2P Overturn Rate (LOW) (2025),95.5%,ICM-owned,2025,202502,633,413,201,92,0
Froedtert,WI,ICM-owned,P2P Overturn Rate (LOW) (2025),95.5%,ICM-owned,2025,202503,615,435,221,85,0
Froedtert,WI,ICM-owned,P2P Overturn Rate (LOW) (2025),95.5%,ICM-owned,2025,202504,634,433,202,80,0
Froedtert,WI,ICM-owned,P2P Overturn Rate (LOW) (2025),95.5%,ICM-owned,2025,202505,573,412,193,76,0
Froedtert,WI,ICM-owned,P2P Overturn Rate (LOW) (2025),95.5%,ICM-owned,2025,202506,553,354,167,52,0
Froedtert,WI,ICM-owned,P2P Overturn Rate (LOW) (2025),95.5%,ICM-owned,2025,202507,610,447,191,88,0
Froedtert,WI,ICM-owned,P2P Overturn Rate (LOW) (2025),95.5%,ICM-owned,2025,202508,587,419,179,80,0
Froedtert,WI,ICM-owned,P2P Overturn Rate (LOW) (2025),95.5%,ICM-owned,2025,202509,587,390,179,96,0
Froedtert,WI,ICM-owned,P2P Overturn Rate (LOW) (2025),95.5%,ICM-owned,2025,202510,633,466,160,89,0
Froedtert,WI,ICM-owned,P2P Overturn Rate (LOW) (2025),95.5%,ICM-owned,2025,202511,584,408,166,117,0
Froedtert,WI,ICM-owned,P2P Overturn Rate (LOW) (2025),95.5%,ICM-owned,2025,202512,651,506,198,133,0
Froedtert,WI,ICM-owned,P2P Overturn Rate (LOW) (2025),95.5%,ICM-owned,2026,202601,606,491,191,129,0
Froedtert,WI,ICM-owned,P2P Overturn Rate (LOW) (2025),95.5%,ICM-owned,2026,202602,580,481,200,140,0
Froedtert,WI,ICM-owned,P2P Overturn Rate (LOW) (2025),95.5%,ICM-owned,2026,202603,622,521,230,193,0
Froedtert,WI,ICM-owned,P2P Overturn Rate (LOW) (2025),95.5%,ICM-owned,2026,202604,634,549,285,237,0
Froedtert,WI,ICM-owned,P2P Overturn Rate (LOW) (2025),95.5%,ICM-owned,2026,202605,624,544,295,261,0
Froedtert,WI,ICM-owned,P2P Overturn Rate (LOW) (2025),95.5%,ICM-owned,2026,202606,370,309,163,146,0
Froedtert,WI,ICM-owned,P2P Overturn Rate (LOW) (2025),95.5%,Non-ICM,2025,202501,48,0,0,0,0
Froedtert,WI,ICM-owned,P2P Overturn Rate (LOW) (2025),95.5%,Non-ICM,2025,202502,79,1,2,2,0
Froedtert,WI,ICM-owned,P2P Overturn Rate (LOW) (2025),95.5%,Non-ICM,2025,202503,84,0,3,0,0
Froedtert,WI,ICM-owned,P2P Overturn Rate (LOW) (2025),95.5%,Non-ICM,2025,202504,80,0,4,2,0
Froedtert,WI,ICM-owned,P2P Overturn Rate (LOW) (2025),95.5%,Non-ICM,2025,202505,85,0,1,1,0
Froedtert,WI,ICM-owned,P2P Overturn Rate (LOW) (2025),95.5%,Non-ICM,2025,202506,107,0,1,0,0
Froedtert,WI,ICM-owned,P2P Overturn Rate (LOW) (2025),95.5%,Non-ICM,2025,202507,88,0,2,0,0
Froedtert,WI,ICM-owned,P2P Overturn Rate (LOW) (2025),95.5%,Non-ICM,2025,202508,100,1,2,1,0
Froedtert,WI,ICM-owned,P2P Overturn Rate (LOW) (2025),95.5%,Non-ICM,2025,202509,79,0,2,0,0
Froedtert,WI,ICM-owned,P2P Overturn Rate (LOW) (2025),95.5%,Non-ICM,2025,202510,84,0,0,0,0
Froedtert,WI,ICM-owned,P2P Overturn Rate (LOW) (2025),95.5%,Non-ICM,2025,202511,91,0,0,0,0
Froedtert,WI,ICM-owned,P2P Overturn Rate (LOW) (2025),95.5%,Non-ICM,2025,202512,86,0,1,0,0
Froedtert,WI,ICM-owned,P2P Overturn Rate (LOW) (2025),95.5%,Non-ICM,2026,202601,89,0,1,0,0
Froedtert,WI,ICM-owned,P2P Overturn Rate (LOW) (2025),95.5%,Non-ICM,2026,202602,76,0,0,0,0
Froedtert,WI,ICM-owned,P2P Overturn Rate (LOW) (2025),95.5%,Non-ICM,2026,202603,96,0,1,0,0
Froedtert,WI,ICM-owned,P2P Overturn Rate (LOW) (2025),95.5%,Non-ICM,2026,202604,77,0,1,0,0
Froedtert,WI,ICM-owned,P2P Overturn Rate (LOW) (2025),95.5%,Non-ICM,2026,202605,73,0,1,1,0
Froedtert,WI,ICM-owned,P2P Overturn Rate (LOW) (2025),95.5%,Non-ICM,2026,202606,77,0,1,1,0
Froedtert,WI,ICM-owned,P2P Overturn Rate (LOW) (2025),95.5%,,2026,202606,13,0,0,0,0
ADVOCATE HEALTH & HOSPITALS IL,IL,ICM-owned,MD Escalation Rate (LOW) (2025); MD Escalation Rate (LOW) (2026),100.0%; 100.0%,ICM-owned,2025,202501,58,18,7,3,4
ADVOCATE HEALTH & HOSPITALS IL,IL,ICM-owned,MD Escalation Rate (LOW) (2025); MD Escalation Rate (LOW) (2026),100.0%; 100.0%,ICM-owned,2025,202502,51,18,9,4,5
ADVOCATE HEALTH & HOSPITALS IL,IL,ICM-owned,MD Escalation Rate (LOW) (2025); MD Escalation Rate (LOW) (2026),100.0%; 100.0%,ICM-owned,2025,202503,67,17,6,3,3
ADVOCATE HEALTH & HOSPITALS IL,IL,ICM-owned,MD Escalation Rate (LOW) (2025); MD Escalation Rate (LOW) (2026),100.0%; 100.0%,ICM-owned,2025,202504,80,9,5,3,2
ADVOCATE HEALTH & HOSPITALS IL,IL,ICM-owned,MD Escalation Rate (LOW) (2025); MD Escalation Rate (LOW) (2026),100.0%; 100.0%,ICM-owned,2025,202505,289,16,10,5,3
ADVOCATE HEALTH & HOSPITALS IL,IL,ICM-owned,MD Escalation Rate (LOW) (2025); MD Escalation Rate (LOW) (2026),100.0%; 100.0%,ICM-owned,2025,202506,41,13,2,2,0
ADVOCATE HEALTH & HOSPITALS IL,IL,ICM-owned,MD Escalation Rate (LOW) (2025); MD Escalation Rate (LOW) (2026),100.0%; 100.0%,ICM-owned,2025,202507,60,20,11,5,5
ADVOCATE HEALTH & HOSPITALS IL,IL,ICM-owned,MD Escalation Rate (LOW) (2025); MD Escalation Rate (LOW) (2026),100.0%; 100.0%,ICM-owned,2025,202508,49,13,6,3,1
ADVOCATE HEALTH & HOSPITALS IL,IL,ICM-owned,MD Escalation Rate (LOW) (2025); MD Escalation Rate (LOW) (2026),100.0%; 100.0%,ICM-owned,2025,202509,63,16,7,5,2
ADVOCATE HEALTH & HOSPITALS IL,IL,ICM-owned,MD Escalation Rate (LOW) (2025); MD Escalation Rate (LOW) (2026),100.0%; 100.0%,ICM-owned,2025,202510,48,13,7,4,2
ADVOCATE HEALTH & HOSPITALS IL,IL,ICM-owned,MD Escalation Rate (LOW) (2025); MD Escalation Rate (LOW) (2026),100.0%; 100.0%,ICM-owned,2025,202511,44,11,4,4,0
ADVOCATE HEALTH & HOSPITALS IL,IL,ICM-owned,MD Escalation Rate (LOW) (2025); MD Escalation Rate (LOW) (2026),100.0%; 100.0%,ICM-owned,2025,202512,73,5,2,1,0
ADVOCATE HEALTH & HOSPITALS IL,IL,ICM-owned,MD Escalation Rate (LOW) (2025); MD Escalation Rate (LOW) (2026),100.0%; 100.0%,ICM-owned,2026,202601,76,14,9,8,0
ADVOCATE HEALTH & HOSPITALS IL,IL,ICM-owned,MD Escalation Rate (LOW) (2025); MD Escalation Rate (LOW) (2026),100.0%; 100.0%,ICM-owned,2026,202602,60,9,7,6,0
ADVOCATE HEALTH & HOSPITALS IL,IL,ICM-owned,MD Escalation Rate (LOW) (2025); MD Escalation Rate (LOW) (2026),100.0%; 100.0%,ICM-owned,2026,202603,41,12,6,4,0
ADVOCATE HEALTH & HOSPITALS IL,IL,ICM-owned,MD Escalation Rate (LOW) (2025); MD Escalation Rate (LOW) (2026),100.0%; 100.0%,ICM-owned,2026,202604,55,9,5,4,0
ADVOCATE HEALTH & HOSPITALS IL,IL,ICM-owned,MD Escalation Rate (LOW) (2025); MD Escalation Rate (LOW) (2026),100.0%; 100.0%,ICM-owned,2026,202605,65,6,3,2,1
ADVOCATE HEALTH & HOSPITALS IL,IL,ICM-owned,MD Escalation Rate (LOW) (2025); MD Escalation Rate (LOW) (2026),100.0%; 100.0%,ICM-owned,2026,202606,49,6,3,3,0
ADVOCATE HEALTH & HOSPITALS IL,IL,ICM-owned,MD Escalation Rate (LOW) (2025); MD Escalation Rate (LOW) (2026),100.0%; 100.0%,Non-ICM,2025,202501,546,0,0,0,0
ADVOCATE HEALTH & HOSPITALS IL,IL,ICM-owned,MD Escalation Rate (LOW) (2025); MD Escalation Rate (LOW) (2026),100.0%; 100.0%,Non-ICM,2025,202502,515,0,0,0,0
ADVOCATE HEALTH & HOSPITALS IL,IL,ICM-owned,MD Escalation Rate (LOW) (2025); MD Escalation Rate (LOW) (2026),100.0%; 100.0%,Non-ICM,2025,202503,521,0,0,0,0
ADVOCATE HEALTH & HOSPITALS IL,IL,ICM-owned,MD Escalation Rate (LOW) (2025); MD Escalation Rate (LOW) (2026),100.0%; 100.0%,Non-ICM,2025,202504,522,0,1,0,0
ADVOCATE HEALTH & HOSPITALS IL,IL,ICM-owned,MD Escalation Rate (LOW) (2025); MD Escalation Rate (LOW) (2026),100.0%; 100.0%,Non-ICM,2025,202505,318,0,0,0,0
ADVOCATE HEALTH & HOSPITALS IL,IL,ICM-owned,MD Escalation Rate (LOW) (2025); MD Escalation Rate (LOW) (2026),100.0%; 100.0%,Non-ICM,2025,202506,516,0,1,0,0
ADVOCATE HEALTH & HOSPITALS IL,IL,ICM-owned,MD Escalation Rate (LOW) (2025); MD Escalation Rate (LOW) (2026),100.0%; 100.0%,Non-ICM,2025,202507,580,0,0,0,0
ADVOCATE HEALTH & HOSPITALS IL,IL,ICM-owned,MD Escalation Rate (LOW) (2025); MD Escalation Rate (LOW) (2026),100.0%; 100.0%,Non-ICM,2025,202508,565,0,0,0,0
ADVOCATE HEALTH & HOSPITALS IL,IL,ICM-owned,MD Escalation Rate (LOW) (2025); MD Escalation Rate (LOW) (2026),100.0%; 100.0%,Non-ICM,2025,202509,621,0,0,0,0
ADVOCATE HEALTH & HOSPITALS IL,IL,ICM-owned,MD Escalation Rate (LOW) (2025); MD Escalation Rate (LOW) (2026),100.0%; 100.0%,Non-ICM,2025,202510,626,0,0,0,0
ADVOCATE HEALTH & HOSPITALS IL,IL,ICM-owned,MD Escalation Rate (LOW) (2025); MD Escalation Rate (LOW) (2026),100.0%; 100.0%,Non-ICM,2025,202511,575,0,0,0,0
ADVOCATE HEALTH & HOSPITALS IL,IL,ICM-owned,MD Escalation Rate (LOW) (2025); MD Escalation Rate (LOW) (2026),100.0%; 100.0%,Non-ICM,2025,202512,567,0,0,0,0
ADVOCATE HEALTH & HOSPITALS IL,IL,ICM-owned,MD Escalation Rate (LOW) (2025); MD Escalation Rate (LOW) (2026),100.0%; 100.0%,Non-ICM,2026,202601,604,0,1,0,0
ADVOCATE HEALTH & HOSPITALS IL,IL,ICM-owned,MD Escalation Rate (LOW) (2025); MD Escalation Rate (LOW) (2026),100.0%; 100.0%,Non-ICM,2026,202602,552,0,0,0,0
ADVOCATE HEALTH & HOSPITALS IL,IL,ICM-owned,MD Escalation Rate (LOW) (2025); MD Escalation Rate (LOW) (2026),100.0%; 100.0%,Non-ICM,2026,202603,599,0,1,0,0
ADVOCATE HEALTH & HOSPITALS IL,IL,ICM-owned,MD Escalation Rate (LOW) (2025); MD Escalation Rate (LOW) (2026),100.0%; 100.0%,Non-ICM,2026,202604,568,0,0,0,0
ADVOCATE HEALTH & HOSPITALS IL,IL,ICM-owned,MD Escalation Rate (LOW) (2025); MD Escalation Rate (LOW) (2026),100.0%; 100.0%,Non-ICM,2026,202605,592,0,1,0,0
ADVOCATE HEALTH & HOSPITALS IL,IL,ICM-owned,MD Escalation Rate (LOW) (2025); MD Escalation Rate (LOW) (2026),100.0%; 100.0%,Non-ICM,2026,202606,429,0,0,0,0
ADVOCATE HEALTH & HOSPITALS IL,IL,ICM-owned,MD Escalation Rate (LOW) (2025); MD Escalation Rate (LOW) (2026),100.0%; 100.0%,,2026,202606,22,0,0,0,0
SHANDS JACKSONVILLE,FL,ICM-owned,Initial ADR Count (HIGH) (2025),63.5%,ICM-owned,2025,202501,525,311,243,102,123
SHANDS JACKSONVILLE,FL,ICM-owned,Initial ADR Count (HIGH) (2025),63.5%,ICM-owned,2025,202502,484,230,195,85,95
SHANDS JACKSONVILLE,FL,ICM-owned,Initial ADR Count (HIGH) (2025),63.5%,ICM-owned,2025,202503,555,324,256,113,130
SHANDS JACKSONVILLE,FL,ICM-owned,Initial ADR Count (HIGH) (2025),63.5%,ICM-owned,2025,202504,476,277,238,107,114
SHANDS JACKSONVILLE,FL,ICM-owned,Initial ADR Count (HIGH) (2025),63.5%,ICM-owned,2025,202505,472,298,198,105,83
SHANDS JACKSONVILLE,FL,ICM-owned,Initial ADR Count (HIGH) (2025),63.5%,ICM-owned,2025,202506,475,298,228,109,110
SHANDS JACKSONVILLE,FL,ICM-owned,Initial ADR Count (HIGH) (2025),63.5%,ICM-owned,2025,202507,505,300,220,87,115
SHANDS JACKSONVILLE,FL,ICM-owned,Initial ADR Count (HIGH) (2025),63.5%,ICM-owned,2025,202508,522,360,237,96,133
SHANDS JACKSONVILLE,FL,ICM-owned,Initial ADR Count (HIGH) (2025),63.5%,ICM-owned,2025,202509,542,347,259,123,120
SHANDS JACKSONVILLE,FL,ICM-owned,Initial ADR Count (HIGH) (2025),63.5%,ICM-owned,2025,202510,561,344,228,88,125
SHANDS JACKSONVILLE,FL,ICM-owned,Initial ADR Count (HIGH) (2025),63.5%,ICM-owned,2025,202511,505,286,184,89,88
SHANDS JACKSONVILLE,FL,ICM-owned,Initial ADR Count (HIGH) (2025),63.5%,ICM-owned,2025,202512,506,411,208,87,111
SHANDS JACKSONVILLE,FL,ICM-owned,Initial ADR Count (HIGH) (2025),63.5%,ICM-owned,2026,202601,527,478,271,112,149
SHANDS JACKSONVILLE,FL,ICM-owned,Initial ADR Count (HIGH) (2025),63.5%,ICM-owned,2026,202602,528,457,272,90,172
SHANDS JACKSONVILLE,FL,ICM-owned,Initial ADR Count (HIGH) (2025),63.5%,ICM-owned,2026,202603,555,493,276,134,139
SHANDS JACKSONVILLE,FL,ICM-owned,Initial ADR Count (HIGH) (2025),63.5%,ICM-owned,2026,202604,555,480,266,126,135
SHANDS JACKSONVILLE,FL,ICM-owned,Initial ADR Count (HIGH) (2025),63.5%,ICM-owned,2026,202605,576,503,298,141,156
SHANDS JACKSONVILLE,FL,ICM-owned,Initial ADR Count (HIGH) (2025),63.5%,ICM-owned,2026,202606,368,317,161,93,66
SHANDS JACKSONVILLE,FL,ICM-owned,Initial ADR Count (HIGH) (2025),63.5%,Non-ICM,2025,202501,48,0,0,0,0
SHANDS JACKSONVILLE,FL,ICM-owned,Initial ADR Count (HIGH) (2025),63.5%,Non-ICM,2025,202502,64,0,0,0,0
SHANDS JACKSONVILLE,FL,ICM-owned,Initial ADR Count (HIGH) (2025),63.5%,Non-ICM,2025,202503,52,0,2,1,0
SHANDS JACKSONVILLE,FL,ICM-owned,Initial ADR Count (HIGH) (2025),63.5%,Non-ICM,2025,202504,63,0,0,0,0
SHANDS JACKSONVILLE,FL,ICM-owned,Initial ADR Count (HIGH) (2025),63.5%,Non-ICM,2025,202505,70,0,1,0,0
SHANDS JACKSONVILLE,FL,ICM-owned,Initial ADR Count (HIGH) (2025),63.5%,Non-ICM,2025,202506,62,0,0,0,0
SHANDS JACKSONVILLE,FL,ICM-owned,Initial ADR Count (HIGH) (2025),63.5%,Non-ICM,2025,202507,67,0,0,0,0
SHANDS JACKSONVILLE,FL,ICM-owned,Initial ADR Count (HIGH) (2025),63.5%,Non-ICM,2025,202508,56,0,1,0,0
SHANDS JACKSONVILLE,FL,ICM-owned,Initial ADR Count (HIGH) (2025),63.5%,Non-ICM,2025,202509,66,0,3,0,0
SHANDS JACKSONVILLE,FL,ICM-owned,Initial ADR Count (HIGH) (2025),63.5%,Non-ICM,2025,202510,85,0,0,0,0
SHANDS JACKSONVILLE,FL,ICM-owned,Initial ADR Count (HIGH) (2025),63.5%,Non-ICM,2025,202511,63,0,1,1,0
SHANDS JACKSONVILLE,FL,ICM-owned,Initial ADR Count (HIGH) (2025),63.5%,Non-ICM,2025,202512,69,0,0,0,0
SHANDS JACKSONVILLE,FL,ICM-owned,Initial ADR Count (HIGH) (2025),63.5%,Non-ICM,2026,202601,63,0,1,1,0
SHANDS JACKSONVILLE,FL,ICM-owned,Initial ADR Count (HIGH) (2025),63.5%,Non-ICM,2026,202602,56,0,1,1,0
SHANDS JACKSONVILLE,FL,ICM-owned,Initial ADR Count (HIGH) (2025),63.5%,Non-ICM,2026,202603,63,0,0,0,0
SHANDS JACKSONVILLE,FL,ICM-owned,Initial ADR Count (HIGH) (2025),63.5%,Non-ICM,2026,202604,58,0,0,0,0
SHANDS JACKSONVILLE,FL,ICM-owned,Initial ADR Count (HIGH) (2025),63.5%,Non-ICM,2026,202605,62,0,1,1,0
SHANDS JACKSONVILLE,FL,ICM-owned,Initial ADR Count (HIGH) (2025),63.5%,Non-ICM,2026,202606,48,7,1,1,0
SHANDS JACKSONVILLE,FL,ICM-owned,Initial ADR Count (HIGH) (2025),63.5%,,2026,202606,21,5,1,1,0
Atlantic Health System,NJ,ICM-owned,MD Escalation Rate (LOW) (2025),96.0%,ICM-owned,2025,202501,461,128,203,104,50
Atlantic Health System,NJ,ICM-owned,MD Escalation Rate (LOW) (2025),96.0%,ICM-owned,2025,202502,430,129,175,92,60
Atlantic Health System,NJ,ICM-owned,MD Escalation Rate (LOW) (2025),96.0%,ICM-owned,2025,202503,453,121,167,102,41
Atlantic Health System,NJ,ICM-owned,MD Escalation Rate (LOW) (2025),96.0%,ICM-owned,2025,202504,441,148,155,82,56
Atlantic Health System,NJ,ICM-owned,MD Escalation Rate (LOW) (2025),96.0%,ICM-owned,2025,202505,456,131,170,94,59
Atlantic Health System,NJ,ICM-owned,MD Escalation Rate (LOW) (2025),96.0%,ICM-owned,2025,202506,445,126,184,85,79
Atlantic Health System,NJ,ICM-owned,MD Escalation Rate (LOW) (2025),96.0%,ICM-owned,2025,202507,432,114,141,77,59
Atlantic Health System,NJ,ICM-owned,MD Escalation Rate (LOW) (2025),96.0%,ICM-owned,2025,202508,491,155,171,82,86
Atlantic Health System,NJ,ICM-owned,MD Escalation Rate (LOW) (2025),96.0%,ICM-owned,2025,202509,462,122,178,87,77
Atlantic Health System,NJ,ICM-owned,MD Escalation Rate (LOW) (2025),96.0%,ICM-owned,2025,202510,475,354,184,90,89
Atlantic Health System,NJ,ICM-owned,MD Escalation Rate (LOW) (2025),96.0%,ICM-owned,2025,202511,469,326,183,85,86
Atlantic Health System,NJ,ICM-owned,MD Escalation Rate (LOW) (2025),96.0%,ICM-owned,2025,202512,486,378,203,82,108
Atlantic Health System,NJ,ICM-owned,MD Escalation Rate (LOW) (2025),96.0%,ICM-owned,2026,202601,479,381,235,97,123
Atlantic Health System,NJ,ICM-owned,MD Escalation Rate (LOW) (2025),96.0%,ICM-owned,2026,202602,471,369,280,111,143
Atlantic Health System,NJ,ICM-owned,MD Escalation Rate (LOW) (2025),96.0%,ICM-owned,2026,202603,435,327,222,92,116
Atlantic Health System,NJ,ICM-owned,MD Escalation Rate (LOW) (2025),96.0%,ICM-owned,2026,202604,480,346,259,122,114
Atlantic Health System,NJ,ICM-owned,MD Escalation Rate (LOW) (2025),96.0%,ICM-owned,2026,202605,445,323,261,115,126
Atlantic Health System,NJ,ICM-owned,MD Escalation Rate (LOW) (2025),96.0%,ICM-owned,2026,202606,280,206,149,95,45
Atlantic Health System,NJ,ICM-owned,MD Escalation Rate (LOW) (2025),96.0%,Non-ICM,2025,202501,33,0,1,1,0
Atlantic Health System,NJ,ICM-owned,MD Escalation Rate (LOW) (2025),96.0%,Non-ICM,2025,202502,46,0,0,0,0
Atlantic Health System,NJ,ICM-owned,MD Escalation Rate (LOW) (2025),96.0%,Non-ICM,2025,202503,47,0,2,1,0
Atlantic Health System,NJ,ICM-owned,MD Escalation Rate (LOW) (2025),96.0%,Non-ICM,2025,202504,45,0,0,0,0
Atlantic Health System,NJ,ICM-owned,MD Escalation Rate (LOW) (2025),96.0%,Non-ICM,2025,202505,43,0,0,0,0
Atlantic Health System,NJ,ICM-owned,MD Escalation Rate (LOW) (2025),96.0%,Non-ICM,2025,202506,41,0,0,0,0
Atlantic Health System,NJ,ICM-owned,MD Escalation Rate (LOW) (2025),96.0%,Non-ICM,2025,202507,47,0,0,0,0
Atlantic Health System,NJ,ICM-owned,MD Escalation Rate (LOW) (2025),96.0%,Non-ICM,2025,202508,36,0,0,0,0
Atlantic Health System,NJ,ICM-owned,MD Escalation Rate (LOW) (2025),96.0%,Non-ICM,2025,202509,45,0,0,0,0
Atlantic Health System,NJ,ICM-owned,MD Escalation Rate (LOW) (2025),96.0%,Non-ICM,2025,202510,64,0,0,0,0
Atlantic Health System,NJ,ICM-owned,MD Escalation Rate (LOW) (2025),96.0%,Non-ICM,2025,202511,37,0,0,0,0
Atlantic Health System,NJ,ICM-owned,MD Escalation Rate (LOW) (2025),96.0%,Non-ICM,2025,202512,28,0,0,0,0
Atlantic Health System,NJ,ICM-owned,MD Escalation Rate (LOW) (2025),96.0%,Non-ICM,2026,202601,39,0,0,0,0
Atlantic Health System,NJ,ICM-owned,MD Escalation Rate (LOW) (2025),96.0%,Non-ICM,2026,202602,44,0,0,0,0
Atlantic Health System,NJ,ICM-owned,MD Escalation Rate (LOW) (2025),96.0%,Non-ICM,2026,202603,47,0,0,0,0
Atlantic Health System,NJ,ICM-owned,MD Escalation Rate (LOW) (2025),96.0%,Non-ICM,2026,202604,45,0,0,0,0
Atlantic Health System,NJ,ICM-owned,MD Escalation Rate (LOW) (2025),96.0%,Non-ICM,2026,202605,38,0,0,0,0
Atlantic Health System,NJ,ICM-owned,MD Escalation Rate (LOW) (2025),96.0%,Non-ICM,2026,202606,43,4,1,1,0
Atlantic Health System,NJ,ICM-owned,MD Escalation Rate (LOW) (2025),96.0%,,2026,202606,15,0,0,0,0
BAPTIST HEALTH_NORTH FLORIDA,FL,ICM-owned,Persistent ADR Rate (HIGH) (2025),85.5%,ICM-owned,2025,202501,470,329,200,145,47
BAPTIST HEALTH_NORTH FLORIDA,FL,ICM-owned,Persistent ADR Rate (HIGH) (2025),85.5%,ICM-owned,2025,202502,411,310,192,133,36
BAPTIST HEALTH_NORTH FLORIDA,FL,ICM-owned,Persistent ADR Rate (HIGH) (2025),85.5%,ICM-owned,2025,202503,466,356,239,173,56
BAPTIST HEALTH_NORTH FLORIDA,FL,ICM-owned,Persistent ADR Rate (HIGH) (2025),85.5%,ICM-owned,2025,202504,464,371,235,170,56
BAPTIST HEALTH_NORTH FLORIDA,FL,ICM-owned,Persistent ADR Rate (HIGH) (2025),85.5%,ICM-owned,2025,202505,433,344,207,145,58
BAPTIST HEALTH_NORTH FLORIDA,FL,ICM-owned,Persistent ADR Rate (HIGH) (2025),85.5%,ICM-owned,2025,202506,351,296,168,116,43
BAPTIST HEALTH_NORTH FLORIDA,FL,ICM-owned,Persistent ADR Rate (HIGH) (2025),85.5%,ICM-owned,2025,202507,363,300,159,111,42
BAPTIST HEALTH_NORTH FLORIDA,FL,ICM-owned,Persistent ADR Rate (HIGH) (2025),85.5%,ICM-owned,2025,202508,282,238,139,101,35
BAPTIST HEALTH_NORTH FLORIDA,FL,ICM-owned,Persistent ADR Rate (HIGH) (2025),85.5%,ICM-owned,2025,202509,385,325,170,114,43
BAPTIST HEALTH_NORTH FLORIDA,FL,ICM-owned,Persistent ADR Rate (HIGH) (2025),85.5%,ICM-owned,2025,202510,361,314,187,143,26
BAPTIST HEALTH_NORTH FLORIDA,FL,ICM-owned,Persistent ADR Rate (HIGH) (2025),85.5%,ICM-owned,2025,202511,340,264,136,83,46
BAPTIST HEALTH_NORTH FLORIDA,FL,ICM-owned,Persistent ADR Rate (HIGH) (2025),85.5%,ICM-owned,2025,202512,376,318,147,100,40
BAPTIST HEALTH_NORTH FLORIDA,FL,ICM-owned,Persistent ADR Rate (HIGH) (2025),85.5%,ICM-owned,2026,202601,418,381,165,108,44
BAPTIST HEALTH_NORTH FLORIDA,FL,ICM-owned,Persistent ADR Rate (HIGH) (2025),85.5%,ICM-owned,2026,202602,380,345,164,108,50
BAPTIST HEALTH_NORTH FLORIDA,FL,ICM-owned,Persistent ADR Rate (HIGH) (2025),85.5%,ICM-owned,2026,202603,437,398,195,144,47
BAPTIST HEALTH_NORTH FLORIDA,FL,ICM-owned,Persistent ADR Rate (HIGH) (2025),85.5%,ICM-owned,2026,202604,514,467,223,173,46
BAPTIST HEALTH_NORTH FLORIDA,FL,ICM-owned,Persistent ADR Rate (HIGH) (2025),85.5%,ICM-owned,2026,202605,517,460,205,146,58
BAPTIST HEALTH_NORTH FLORIDA,FL,ICM-owned,Persistent ADR Rate (HIGH) (2025),85.5%,ICM-owned,2026,202606,353,303,109,83,22
BAPTIST HEALTH_NORTH FLORIDA,FL,ICM-owned,Persistent ADR Rate (HIGH) (2025),85.5%,Non-ICM,2025,202501,20,0,0,0,0
BAPTIST HEALTH_NORTH FLORIDA,FL,ICM-owned,Persistent ADR Rate (HIGH) (2025),85.5%,Non-ICM,2025,202502,18,0,0,0,0
BAPTIST HEALTH_NORTH FLORIDA,FL,ICM-owned,Persistent ADR Rate (HIGH) (2025),85.5%,Non-ICM,2025,202503,21,0,0,0,0
BAPTIST HEALTH_NORTH FLORIDA,FL,ICM-owned,Persistent ADR Rate (HIGH) (2025),85.5%,Non-ICM,2025,202504,34,0,0,0,0
BAPTIST HEALTH_NORTH FLORIDA,FL,ICM-owned,Persistent ADR Rate (HIGH) (2025),85.5%,Non-ICM,2025,202505,33,0,0,0,0
BAPTIST HEALTH_NORTH FLORIDA,FL,ICM-owned,Persistent ADR Rate (HIGH) (2025),85.5%,Non-ICM,2025,202506,113,0,0,0,0
BAPTIST HEALTH_NORTH FLORIDA,FL,ICM-owned,Persistent ADR Rate (HIGH) (2025),85.5%,Non-ICM,2025,202507,131,0,0,0,0
BAPTIST HEALTH_NORTH FLORIDA,FL,ICM-owned,Persistent ADR Rate (HIGH) (2025),85.5%,Non-ICM,2025,202508,220,0,0,0,0
BAPTIST HEALTH_NORTH FLORIDA,FL,ICM-owned,Persistent ADR Rate (HIGH) (2025),85.5%,Non-ICM,2025,202509,127,0,0,0,0
BAPTIST HEALTH_NORTH FLORIDA,FL,ICM-owned,Persistent ADR Rate (HIGH) (2025),85.5%,Non-ICM,2025,202510,160,0,1,1,0
BAPTIST HEALTH_NORTH FLORIDA,FL,ICM-owned,Persistent ADR Rate (HIGH) (2025),85.5%,Non-ICM,2025,202511,125,0,0,0,0
BAPTIST HEALTH_NORTH FLORIDA,FL,ICM-owned,Persistent ADR Rate (HIGH) (2025),85.5%,Non-ICM,2025,202512,127,0,0,0,0
BAPTIST HEALTH_NORTH FLORIDA,FL,ICM-owned,Persistent ADR Rate (HIGH) (2025),85.5%,Non-ICM,2026,202601,133,0,0,0,0
BAPTIST HEALTH_NORTH FLORIDA,FL,ICM-owned,Persistent ADR Rate (HIGH) (2025),85.5%,Non-ICM,2026,202602,84,0,0,0,0
BAPTIST HEALTH_NORTH FLORIDA,FL,ICM-owned,Persistent ADR Rate (HIGH) (2025),85.5%,Non-ICM,2026,202603,93,0,0,0,0
BAPTIST HEALTH_NORTH FLORIDA,FL,ICM-owned,Persistent ADR Rate (HIGH) (2025),85.5%,Non-ICM,2026,202604,17,0,0,0,0
BAPTIST HEALTH_NORTH FLORIDA,FL,ICM-owned,Persistent ADR Rate (HIGH) (2025),85.5%,Non-ICM,2026,202605,45,0,0,0,0
BAPTIST HEALTH_NORTH FLORIDA,FL,ICM-owned,Persistent ADR Rate (HIGH) (2025),85.5%,Non-ICM,2026,202606,17,0,0,0,0
BAPTIST HEALTH_NORTH FLORIDA,FL,ICM-owned,Persistent ADR Rate (HIGH) (2025),85.5%,,2026,202606,15,4,0,0,0
Orlando Health,FL,ICM-owned,Initial ADR Count (HIGH) (2025),94.5%,ICM-owned,2025,202501,433,267,180,105,51
Orlando Health,FL,ICM-owned,Initial ADR Count (HIGH) (2025),94.5%,ICM-owned,2025,202502,385,247,209,145,43
Orlando Health,FL,ICM-owned,Initial ADR Count (HIGH) (2025),94.5%,ICM-owned,2025,202503,397,239,178,112,53
Orlando Health,FL,ICM-owned,Initial ADR Count (HIGH) (2025),94.5%,ICM-owned,2025,202504,421,270,195,118,51
Orlando Health,FL,ICM-owned,Initial ADR Count (HIGH) (2025),94.5%,ICM-owned,2025,202505,401,273,190,122,43
Orlando Health,FL,ICM-owned,Initial ADR Count (HIGH) (2025),94.5%,ICM-owned,2025,202506,424,301,202,126,54
Orlando Health,FL,ICM-owned,Initial ADR Count (HIGH) (2025),94.5%,ICM-owned,2025,202507,434,303,206,155,35
Orlando Health,FL,ICM-owned,Initial ADR Count (HIGH) (2025),94.5%,ICM-owned,2025,202508,440,311,206,141,41
Orlando Health,FL,ICM-owned,Initial ADR Count (HIGH) (2025),94.5%,ICM-owned,2025,202509,420,278,171,120,27
Orlando Health,FL,ICM-owned,Initial ADR Count (HIGH) (2025),94.5%,ICM-owned,2025,202510,452,296,193,127,49
Orlando Health,FL,ICM-owned,Initial ADR Count (HIGH) (2025),94.5%,ICM-owned,2025,202511,429,206,142,104,31
Orlando Health,FL,ICM-owned,Initial ADR Count (HIGH) (2025),94.5%,ICM-owned,2025,202512,486,362,152,113,27
Orlando Health,FL,ICM-owned,Initial ADR Count (HIGH) (2025),94.5%,ICM-owned,2026,202601,449,353,155,110,35
Orlando Health,FL,ICM-owned,Initial ADR Count (HIGH) (2025),94.5%,ICM-owned,2026,202602,433,351,187,120,52
Orlando Health,FL,ICM-owned,Initial ADR Count (HIGH) (2025),94.5%,ICM-owned,2026,202603,522,437,223,145,61
Orlando Health,FL,ICM-owned,Initial ADR Count (HIGH) (2025),94.5%,ICM-owned,2026,202604,471,409,208,135,63
Orlando Health,FL,ICM-owned,Initial ADR Count (HIGH) (2025),94.5%,ICM-owned,2026,202605,461,339,209,152,54
Orlando Health,FL,ICM-owned,Initial ADR Count (HIGH) (2025),94.5%,ICM-owned,2026,202606,371,283,148,105,38
Orlando Health,FL,ICM-owned,Initial ADR Count (HIGH) (2025),94.5%,Non-ICM,2025,202501,26,0,1,0,0
Orlando Health,FL,ICM-owned,Initial ADR Count (HIGH) (2025),94.5%,Non-ICM,2025,202502,40,0,1,0,0
Orlando Health,FL,ICM-owned,Initial ADR Count (HIGH) (2025),94.5%,Non-ICM,2025,202503,71,0,2,0,0
Orlando Health,FL,ICM-owned,Initial ADR Count (HIGH) (2025),94.5%,Non-ICM,2025,202504,70,0,3,0,0
Orlando Health,FL,ICM-owned,Initial ADR Count (HIGH) (2025),94.5%,Non-ICM,2025,202505,58,0,0,0,0
Orlando Health,FL,ICM-owned,Initial ADR Count (HIGH) (2025),94.5%,Non-ICM,2025,202506,46,0,1,0,0
Orlando Health,FL,ICM-owned,Initial ADR Count (HIGH) (2025),94.5%,Non-ICM,2025,202507,67,0,0,0,0
Orlando Health,FL,ICM-owned,Initial ADR Count (HIGH) (2025),94.5%,Non-ICM,2025,202508,53,0,0,0,0
Orlando Health,FL,ICM-owned,Initial ADR Count (HIGH) (2025),94.5%,Non-ICM,2025,202509,80,0,0,0,0
Orlando Health,FL,ICM-owned,Initial ADR Count (HIGH) (2025),94.5%,Non-ICM,2025,202510,69,0,0,0,0
Orlando Health,FL,ICM-owned,Initial ADR Count (HIGH) (2025),94.5%,Non-ICM,2025,202511,42,0,0,0,0
Orlando Health,FL,ICM-owned,Initial ADR Count (HIGH) (2025),94.5%,Non-ICM,2025,202512,72,0,1,0,0
Orlando Health,FL,ICM-owned,Initial ADR Count (HIGH) (2025),94.5%,Non-ICM,2026,202601,71,0,1,0,0
Orlando Health,FL,ICM-owned,Initial ADR Count (HIGH) (2025),94.5%,Non-ICM,2026,202602,38,0,1,0,0
Orlando Health,FL,ICM-owned,Initial ADR Count (HIGH) (2025),94.5%,Non-ICM,2026,202603,36,0,0,0,0
Orlando Health,FL,ICM-owned,Initial ADR Count (HIGH) (2025),94.5%,Non-ICM,2026,202604,47,0,0,0,0
Orlando Health,FL,ICM-owned,Initial ADR Count (HIGH) (2025),94.5%,Non-ICM,2026,202605,46,0,0,0,0
Orlando Health,FL,ICM-owned,Initial ADR Count (HIGH) (2025),94.5%,Non-ICM,2026,202606,33,0,0,0,0
Orlando Health,FL,ICM-owned,Initial ADR Count (HIGH) (2025),94.5%,,2026,202606,15,2,1,1,0
HEALTH SERVICES OF CENTRAL GA,GA,ICM-owned,Member Appeal Rate (HIGH) (2026),100.0%,ICM-owned,2025,202501,229,185,92,40,48
HEALTH SERVICES OF CENTRAL GA,GA,ICM-owned,Member Appeal Rate (HIGH) (2026),100.0%,ICM-owned,2025,202502,216,181,112,47,60
HEALTH SERVICES OF CENTRAL GA,GA,ICM-owned,Member Appeal Rate (HIGH) (2026),100.0%,ICM-owned,2025,202503,221,177,91,37,51
HEALTH SERVICES OF CENTRAL GA,GA,ICM-owned,Member Appeal Rate (HIGH) (2026),100.0%,ICM-owned,2025,202504,206,160,81,41,36
HEALTH SERVICES OF CENTRAL GA,GA,ICM-owned,Member Appeal Rate (HIGH) (2026),100.0%,ICM-owned,2025,202505,229,186,111,49,61
HEALTH SERVICES OF CENTRAL GA,GA,ICM-owned,Member Appeal Rate (HIGH) (2026),100.0%,ICM-owned,2025,202506,226,186,97,36,59
HEALTH SERVICES OF CENTRAL GA,GA,ICM-owned,Member Appeal Rate (HIGH) (2026),100.0%,ICM-owned,2025,202507,221,181,85,37,48
HEALTH SERVICES OF CENTRAL GA,GA,ICM-owned,Member Appeal Rate (HIGH) (2026),100.0%,ICM-owned,2025,202508,241,193,81,47,33
HEALTH SERVICES OF CENTRAL GA,GA,ICM-owned,Member Appeal Rate (HIGH) (2026),100.0%,ICM-owned,2025,202509,232,178,78,33,44
HEALTH SERVICES OF CENTRAL GA,GA,ICM-owned,Member Appeal Rate (HIGH) (2026),100.0%,ICM-owned,2025,202510,231,182,72,20,49
HEALTH SERVICES OF CENTRAL GA,GA,ICM-owned,Member Appeal Rate (HIGH) (2026),100.0%,ICM-owned,2025,202511,217,162,59,26,29
HEALTH SERVICES OF CENTRAL GA,GA,ICM-owned,Member Appeal Rate (HIGH) (2026),100.0%,ICM-owned,2025,202512,231,185,65,29,30
HEALTH SERVICES OF CENTRAL GA,GA,ICM-owned,Member Appeal Rate (HIGH) (2026),100.0%,ICM-owned,2026,202601,201,169,59,24,24
HEALTH SERVICES OF CENTRAL GA,GA,ICM-owned,Member Appeal Rate (HIGH) (2026),100.0%,ICM-owned,2026,202602,180,152,54,12,0
HEALTH SERVICES OF CENTRAL GA,GA,ICM-owned,Member Appeal Rate (HIGH) (2026),100.0%,ICM-owned,2026,202603,204,175,73,25,0
HEALTH SERVICES OF CENTRAL GA,GA,ICM-owned,Member Appeal Rate (HIGH) (2026),100.0%,ICM-owned,2026,202604,188,171,57,11,0
HEALTH SERVICES OF CENTRAL GA,GA,ICM-owned,Member Appeal Rate (HIGH) (2026),100.0%,ICM-owned,2026,202605,181,156,56,13,0
HEALTH SERVICES OF CENTRAL GA,GA,ICM-owned,Member Appeal Rate (HIGH) (2026),100.0%,ICM-owned,2026,202606,184,157,62,23,0
HEALTH SERVICES OF CENTRAL GA,GA,ICM-owned,Member Appeal Rate (HIGH) (2026),100.0%,Non-ICM,2025,202501,14,0,0,0,0
HEALTH SERVICES OF CENTRAL GA,GA,ICM-owned,Member Appeal Rate (HIGH) (2026),100.0%,Non-ICM,2025,202502,14,0,0,0,0
HEALTH SERVICES OF CENTRAL GA,GA,ICM-owned,Member Appeal Rate (HIGH) (2026),100.0%,Non-ICM,2025,202503,23,0,0,0,0
HEALTH SERVICES OF CENTRAL GA,GA,ICM-owned,Member Appeal Rate (HIGH) (2026),100.0%,Non-ICM,2025,202504,23,0,0,0,0
HEALTH SERVICES OF CENTRAL GA,GA,ICM-owned,Member Appeal Rate (HIGH) (2026),100.0%,Non-ICM,2025,202505,8,0,0,0,0
HEALTH SERVICES OF CENTRAL GA,GA,ICM-owned,Member Appeal Rate (HIGH) (2026),100.0%,Non-ICM,2025,202506,16,0,0,0,0
HEALTH SERVICES OF CENTRAL GA,GA,ICM-owned,Member Appeal Rate (HIGH) (2026),100.0%,Non-ICM,2025,202507,19,0,0,0,0
HEALTH SERVICES OF CENTRAL GA,GA,ICM-owned,Member Appeal Rate (HIGH) (2026),100.0%,Non-ICM,2025,202508,22,0,0,0,0
HEALTH SERVICES OF CENTRAL GA,GA,ICM-owned,Member Appeal Rate (HIGH) (2026),100.0%,Non-ICM,2025,202509,20,0,0,0,0
HEALTH SERVICES OF CENTRAL GA,GA,ICM-owned,Member Appeal Rate (HIGH) (2026),100.0%,Non-ICM,2025,202510,17,0,0,0,0
HEALTH SERVICES OF CENTRAL GA,GA,ICM-owned,Member Appeal Rate (HIGH) (2026),100.0%,Non-ICM,2025,202511,13,0,0,0,0
HEALTH SERVICES OF CENTRAL GA,GA,ICM-owned,Member Appeal Rate (HIGH) (2026),100.0%,Non-ICM,2025,202512,20,0,0,0,0
HEALTH SERVICES OF CENTRAL GA,GA,ICM-owned,Member Appeal Rate (HIGH) (2026),100.0%,Non-ICM,2026,202601,17,0,0,0,0
HEALTH SERVICES OF CENTRAL GA,GA,ICM-owned,Member Appeal Rate (HIGH) (2026),100.0%,Non-ICM,2026,202602,12,0,0,0,0
HEALTH SERVICES OF CENTRAL GA,GA,ICM-owned,Member Appeal Rate (HIGH) (2026),100.0%,Non-ICM,2026,202603,12,0,0,0,0
HEALTH SERVICES OF CENTRAL GA,GA,ICM-owned,Member Appeal Rate (HIGH) (2026),100.0%,Non-ICM,2026,202604,17,0,0,0,0
HEALTH SERVICES OF CENTRAL GA,GA,ICM-owned,Member Appeal Rate (HIGH) (2026),100.0%,Non-ICM,2026,202605,10,0,0,0,0
HEALTH SERVICES OF CENTRAL GA,GA,ICM-owned,Member Appeal Rate (HIGH) (2026),100.0%,Non-ICM,2026,202606,7,0,0,0,0
HEALTH SERVICES OF CENTRAL GA,GA,ICM-owned,Member Appeal Rate (HIGH) (2026),100.0%,,2026,202606,13,4,0,0,0
Virtua Hospital,PA,ICM-owned,Persistent ADR Rate (HIGH) (2025),68.5%,ICM-owned,2025,202501,244,189,81,69,16
Virtua Hospital,PA,ICM-owned,Persistent ADR Rate (HIGH) (2025),68.5%,ICM-owned,2025,202502,201,154,63,64,6
Virtua Hospital,PA,ICM-owned,Persistent ADR Rate (HIGH) (2025),68.5%,ICM-owned,2025,202503,202,156,76,61,11
Virtua Hospital,PA,ICM-owned,Persistent ADR Rate (HIGH) (2025),68.5%,ICM-owned,2025,202504,195,148,93,72,21
Virtua Hospital,PA,ICM-owned,Persistent ADR Rate (HIGH) (2025),68.5%,ICM-owned,2025,202505,218,157,129,98,29
Virtua Hospital,PA,ICM-owned,Persistent ADR Rate (HIGH) (2025),68.5%,ICM-owned,2025,202506,218,161,116,74,37
Virtua Hospital,PA,ICM-owned,Persistent ADR Rate (HIGH) (2025),68.5%,ICM-owned,2025,202507,219,161,109,82,26
Virtua Hospital,PA,ICM-owned,Persistent ADR Rate (HIGH) (2025),68.5%,ICM-owned,2025,202508,204,151,107,76,30
Virtua Hospital,PA,ICM-owned,Persistent ADR Rate (HIGH) (2025),68.5%,ICM-owned,2025,202509,201,157,115,87,26
Virtua Hospital,PA,ICM-owned,Persistent ADR Rate (HIGH) (2025),68.5%,ICM-owned,2025,202510,207,155,112,93,17
Virtua Hospital,PA,ICM-owned,Persistent ADR Rate (HIGH) (2025),68.5%,ICM-owned,2025,202511,213,164,102,76,23
Virtua Hospital,PA,ICM-owned,Persistent ADR Rate (HIGH) (2025),68.5%,ICM-owned,2025,202512,228,200,97,76,18
Virtua Hospital,PA,ICM-owned,Persistent ADR Rate (HIGH) (2025),68.5%,ICM-owned,2026,202601,209,170,100,66,26
Virtua Hospital,PA,ICM-owned,Persistent ADR Rate (HIGH) (2025),68.5%,ICM-owned,2026,202602,192,155,87,67,18
Virtua Hospital,PA,ICM-owned,Persistent ADR Rate (HIGH) (2025),68.5%,ICM-owned,2026,202603,213,172,106,72,20
Virtua Hospital,PA,ICM-owned,Persistent ADR Rate (HIGH) (2025),68.5%,ICM-owned,2026,202604,188,141,105,66,29
Virtua Hospital,PA,ICM-owned,Persistent ADR Rate (HIGH) (2025),68.5%,ICM-owned,2026,202605,202,146,113,75,22
Virtua Hospital,PA,ICM-owned,Persistent ADR Rate (HIGH) (2025),68.5%,ICM-owned,2026,202606,141,105,68,49,9
Virtua Hospital,PA,ICM-owned,Persistent ADR Rate (HIGH) (2025),68.5%,Non-ICM,2025,202501,6,0,0,0,0
Virtua Hospital,PA,ICM-owned,Persistent ADR Rate (HIGH) (2025),68.5%,Non-ICM,2025,202502,13,0,0,0,0
Virtua Hospital,PA,ICM-owned,Persistent ADR Rate (HIGH) (2025),68.5%,Non-ICM,2025,202503,11,0,0,0,0
Virtua Hospital,PA,ICM-owned,Persistent ADR Rate (HIGH) (2025),68.5%,Non-ICM,2025,202504,17,0,0,0,0
Virtua Hospital,PA,ICM-owned,Persistent ADR Rate (HIGH) (2025),68.5%,Non-ICM,2025,202505,14,0,0,0,0
Virtua Hospital,PA,ICM-owned,Persistent ADR Rate (HIGH) (2025),68.5%,Non-ICM,2025,202506,9,0,0,0,0
Virtua Hospital,PA,ICM-owned,Persistent ADR Rate (HIGH) (2025),68.5%,Non-ICM,2025,202507,10,0,0,0,0
Virtua Hospital,PA,ICM-owned,Persistent ADR Rate (HIGH) (2025),68.5%,Non-ICM,2025,202508,11,0,1,1,0
Virtua Hospital,PA,ICM-owned,Persistent ADR Rate (HIGH) (2025),68.5%,Non-ICM,2025,202509,12,0,0,0,0
Virtua Hospital,PA,ICM-owned,Persistent ADR Rate (HIGH) (2025),68.5%,Non-ICM,2025,202510,15,0,1,0,0
Virtua Hospital,PA,ICM-owned,Persistent ADR Rate (HIGH) (2025),68.5%,Non-ICM,2025,202511,15,0,0,0,0
Virtua Hospital,PA,ICM-owned,Persistent ADR Rate (HIGH) (2025),68.5%,Non-ICM,2025,202512,15,0,0,0,0
Virtua Hospital,PA,ICM-owned,Persistent ADR Rate (HIGH) (2025),68.5%,Non-ICM,2026,202601,9,0,0,0,0
Virtua Hospital,PA,ICM-owned,Persistent ADR Rate (HIGH) (2025),68.5%,Non-ICM,2026,202602,9,0,0,0,0
Virtua Hospital,PA,ICM-owned,Persistent ADR Rate (HIGH) (2025),68.5%,Non-ICM,2026,202603,11,0,0,0,0
Virtua Hospital,PA,ICM-owned,Persistent ADR Rate (HIGH) (2025),68.5%,Non-ICM,2026,202604,13,0,0,0,0
Virtua Hospital,PA,ICM-owned,Persistent ADR Rate (HIGH) (2025),68.5%,Non-ICM,2026,202605,10,0,0,0,0
Virtua Hospital,PA,ICM-owned,Persistent ADR Rate (HIGH) (2025),68.5%,Non-ICM,2026,202606,15,2,2,1,0
Virtua Hospital,PA,ICM-owned,Persistent ADR Rate (HIGH) (2025),68.5%,,2026,202606,6,0,0,0,0
Catholic Health System (Buffalo),NY,ICM-owned,MD Escalation Rate (LOW) (2025); MD Escalation Rate (LOW) (2026),100.0%; 97.5%,ICM-owned,2025,202501,187,39,25,22,3
Catholic Health System (Buffalo),NY,ICM-owned,MD Escalation Rate (LOW) (2025); MD Escalation Rate (LOW) (2026),100.0%; 97.5%,ICM-owned,2025,202502,175,33,23,16,6
Catholic Health System (Buffalo),NY,ICM-owned,MD Escalation Rate (LOW) (2025); MD Escalation Rate (LOW) (2026),100.0%; 97.5%,ICM-owned,2025,202503,172,8,29,21,6
Catholic Health System (Buffalo),NY,ICM-owned,MD Escalation Rate (LOW) (2025); MD Escalation Rate (LOW) (2026),100.0%; 97.5%,ICM-owned,2025,202504,168,7,24,21,2
Catholic Health System (Buffalo),NY,ICM-owned,MD Escalation Rate (LOW) (2025); MD Escalation Rate (LOW) (2026),100.0%; 97.5%,ICM-owned,2025,202505,184,14,28,18,7
Catholic Health System (Buffalo),NY,ICM-owned,MD Escalation Rate (LOW) (2025); MD Escalation Rate (LOW) (2026),100.0%; 97.5%,ICM-owned,2025,202506,169,12,32,20,8
Catholic Health System (Buffalo),NY,ICM-owned,MD Escalation Rate (LOW) (2025); MD Escalation Rate (LOW) (2026),100.0%; 97.5%,ICM-owned,2025,202507,191,47,46,24,20
Catholic Health System (Buffalo),NY,ICM-owned,MD Escalation Rate (LOW) (2025); MD Escalation Rate (LOW) (2026),100.0%; 97.5%,ICM-owned,2025,202508,184,18,44,30,12
Catholic Health System (Buffalo),NY,ICM-owned,MD Escalation Rate (LOW) (2025); MD Escalation Rate (LOW) (2026),100.0%; 97.5%,ICM-owned,2025,202509,189,37,38,19,12
Catholic Health System (Buffalo),NY,ICM-owned,MD Escalation Rate (LOW) (2025); MD Escalation Rate (LOW) (2026),100.0%; 97.5%,ICM-owned,2025,202510,186,12,32,22,10
Catholic Health System (Buffalo),NY,ICM-owned,MD Escalation Rate (LOW) (2025); MD Escalation Rate (LOW) (2026),100.0%; 97.5%,ICM-owned,2025,202511,179,19,31,21,8
Catholic Health System (Buffalo),NY,ICM-owned,MD Escalation Rate (LOW) (2025); MD Escalation Rate (LOW) (2026),100.0%; 97.5%,ICM-owned,2025,202512,242,18,43,29,7
Catholic Health System (Buffalo),NY,ICM-owned,MD Escalation Rate (LOW) (2025); MD Escalation Rate (LOW) (2026),100.0%; 97.5%,ICM-owned,2026,202601,204,7,34,21,3
Catholic Health System (Buffalo),NY,ICM-owned,MD Escalation Rate (LOW) (2025); MD Escalation Rate (LOW) (2026),100.0%; 97.5%,ICM-owned,2026,202602,192,16,32,16,10
Catholic Health System (Buffalo),NY,ICM-owned,MD Escalation Rate (LOW) (2025); MD Escalation Rate (LOW) (2026),100.0%; 97.5%,ICM-owned,2026,202603,156,13,33,21,9
Catholic Health System (Buffalo),NY,ICM-owned,MD Escalation Rate (LOW) (2025); MD Escalation Rate (LOW) (2026),100.0%; 97.5%,ICM-owned,2026,202604,138,21,29,19,10
Catholic Health System (Buffalo),NY,ICM-owned,MD Escalation Rate (LOW) (2025); MD Escalation Rate (LOW) (2026),100.0%; 97.5%,ICM-owned,2026,202605,110,13,26,20,6
Catholic Health System (Buffalo),NY,ICM-owned,MD Escalation Rate (LOW) (2025); MD Escalation Rate (LOW) (2026),100.0%; 97.5%,ICM-owned,2026,202606,121,15,25,19,5
Catholic Health System (Buffalo),NY,ICM-owned,MD Escalation Rate (LOW) (2025); MD Escalation Rate (LOW) (2026),100.0%; 97.5%,Non-ICM,2025,202501,8,0,1,1,0
Catholic Health System (Buffalo),NY,ICM-owned,MD Escalation Rate (LOW) (2025); MD Escalation Rate (LOW) (2026),100.0%; 97.5%,Non-ICM,2025,202502,6,0,0,0,0
Catholic Health System (Buffalo),NY,ICM-owned,MD Escalation Rate (LOW) (2025); MD Escalation Rate (LOW) (2026),100.0%; 97.5%,Non-ICM,2025,202503,11,0,0,0,0
Catholic Health System (Buffalo),NY,ICM-owned,MD Escalation Rate (LOW) (2025); MD Escalation Rate (LOW) (2026),100.0%; 97.5%,Non-ICM,2025,202504,9,0,0,0,0
Catholic Health System (Buffalo),NY,ICM-owned,MD Escalation Rate (LOW) (2025); MD Escalation Rate (LOW) (2026),100.0%; 97.5%,Non-ICM,2025,202505,14,0,1,0,0
Catholic Health System (Buffalo),NY,ICM-owned,MD Escalation Rate (LOW) (2025); MD Escalation Rate (LOW) (2026),100.0%; 97.5%,Non-ICM,2025,202506,14,0,1,0,0
Catholic Health System (Buffalo),NY,ICM-owned,MD Escalation Rate (LOW) (2025); MD Escalation Rate (LOW) (2026),100.0%; 97.5%,Non-ICM,2025,202507,14,0,0,0,0
Catholic Health System (Buffalo),NY,ICM-owned,MD Escalation Rate (LOW) (2025); MD Escalation Rate (LOW) (2026),100.0%; 97.5%,Non-ICM,2025,202508,12,0,0,0,0
Catholic Health System (Buffalo),NY,ICM-owned,MD Escalation Rate (LOW) (2025); MD Escalation Rate (LOW) (2026),100.0%; 97.5%,Non-ICM,2025,202509,11,0,0,0,0
Catholic Health System (Buffalo),NY,ICM-owned,MD Escalation Rate (LOW) (2025); MD Escalation Rate (LOW) (2026),100.0%; 97.5%,Non-ICM,2025,202510,19,0,0,0,0
Catholic Health System (Buffalo),NY,ICM-owned,MD Escalation Rate (LOW) (2025); MD Escalation Rate (LOW) (2026),100.0%; 97.5%,Non-ICM,2025,202511,7,0,0,0,0
Catholic Health System (Buffalo),NY,ICM-owned,MD Escalation Rate (LOW) (2025); MD Escalation Rate (LOW) (2026),100.0%; 97.5%,Non-ICM,2025,202512,11,0,0,0,0
Catholic Health System (Buffalo),NY,ICM-owned,MD Escalation Rate (LOW) (2025); MD Escalation Rate (LOW) (2026),100.0%; 97.5%,Non-ICM,2026,202601,15,0,0,0,0
Catholic Health System (Buffalo),NY,ICM-owned,MD Escalation Rate (LOW) (2025); MD Escalation Rate (LOW) (2026),100.0%; 97.5%,Non-ICM,2026,202602,12,0,0,0,0
Catholic Health System (Buffalo),NY,ICM-owned,MD Escalation Rate (LOW) (2025); MD Escalation Rate (LOW) (2026),100.0%; 97.5%,Non-ICM,2026,202603,64,0,1,1,0
Catholic Health System (Buffalo),NY,ICM-owned,MD Escalation Rate (LOW) (2025); MD Escalation Rate (LOW) (2026),100.0%; 97.5%,Non-ICM,2026,202604,91,0,0,0,0
Catholic Health System (Buffalo),NY,ICM-owned,MD Escalation Rate (LOW) (2025); MD Escalation Rate (LOW) (2026),100.0%; 97.5%,Non-ICM,2026,202605,123,0,1,0,0
Catholic Health System (Buffalo),NY,ICM-owned,MD Escalation Rate (LOW) (2025); MD Escalation Rate (LOW) (2026),100.0%; 97.5%,Non-ICM,2026,202606,55,0,0,0,0
Catholic Health System (Buffalo),NY,ICM-owned,MD Escalation Rate (LOW) (2025); MD Escalation Rate (LOW) (2026),100.0%; 97.5%,,2026,202606,7,0,0,0,0
Steward,FL,ICM-owned,Persistent ADR Rate (HIGH) (2025),100.0%,ICM-owned,2025,202501,321,248,206,147,15
Steward,FL,ICM-owned,Persistent ADR Rate (HIGH) (2025),100.0%,ICM-owned,2025,202502,309,237,183,108,35
Steward,FL,ICM-owned,Persistent ADR Rate (HIGH) (2025),100.0%,ICM-owned,2025,202503,360,247,212,137,16
Steward,FL,ICM-owned,Persistent ADR Rate (HIGH) (2025),100.0%,ICM-owned,2025,202504,255,190,174,138,25
Steward,FL,ICM-owned,Persistent ADR Rate (HIGH) (2025),100.0%,ICM-owned,2025,202505,220,183,137,112,22
Steward,FL,ICM-owned,Persistent ADR Rate (HIGH) (2025),100.0%,ICM-owned,2025,202506,32,20,15,7,7
Steward,FL,ICM-owned,Persistent ADR Rate (HIGH) (2025),100.0%,ICM-owned,2025,202507,183,138,119,89,19
Steward,FL,ICM-owned,Persistent ADR Rate (HIGH) (2025),100.0%,ICM-owned,2025,202508,209,151,122,83,20
Steward,FL,ICM-owned,Persistent ADR Rate (HIGH) (2025),100.0%,ICM-owned,2025,202509,254,196,158,118,27
Steward,FL,ICM-owned,Persistent ADR Rate (HIGH) (2025),100.0%,ICM-owned,2025,202510,160,121,99,77,16
Steward,FL,ICM-owned,Persistent ADR Rate (HIGH) (2025),100.0%,ICM-owned,2025,202511,75,44,43,35,8
Steward,FL,ICM-owned,Persistent ADR Rate (HIGH) (2025),100.0%,ICM-owned,2025,202512,15,10,6,5,1
Steward,FL,ICM-owned,Persistent ADR Rate (HIGH) (2025),100.0%,ICM-owned,2026,202601,32,21,18,16,2
Steward,FL,ICM-owned,Persistent ADR Rate (HIGH) (2025),100.0%,ICM-owned,2026,202602,6,5,2,1,1
Steward,FL,ICM-owned,Persistent ADR Rate (HIGH) (2025),100.0%,ICM-owned,2026,202603,9,6,3,2,1
Steward,FL,ICM-owned,Persistent ADR Rate (HIGH) (2025),100.0%,ICM-owned,2026,202604,14,12,8,7,1
Steward,FL,ICM-owned,Persistent ADR Rate (HIGH) (2025),100.0%,ICM-owned,2026,202605,6,5,3,3,0
Steward,FL,ICM-owned,Persistent ADR Rate (HIGH) (2025),100.0%,ICM-owned,2026,202606,28,17,16,11,4
Steward,FL,ICM-owned,Persistent ADR Rate (HIGH) (2025),100.0%,Non-ICM,2025,202501,4,0,0,0,0
Steward,FL,ICM-owned,Persistent ADR Rate (HIGH) (2025),100.0%,Non-ICM,2025,202502,9,0,0,0,0
Steward,FL,ICM-owned,Persistent ADR Rate (HIGH) (2025),100.0%,Non-ICM,2025,202503,10,0,2,0,0
Steward,FL,ICM-owned,Persistent ADR Rate (HIGH) (2025),100.0%,Non-ICM,2025,202504,6,0,2,1,0
Steward,FL,ICM-owned,Persistent ADR Rate (HIGH) (2025),100.0%,Non-ICM,2025,202505,61,0,0,0,0
Steward,FL,ICM-owned,Persistent ADR Rate (HIGH) (2025),100.0%,Non-ICM,2025,202506,163,0,0,0,0
Steward,FL,ICM-owned,Persistent ADR Rate (HIGH) (2025),100.0%,Non-ICM,2025,202507,52,0,0,0,0
Steward,FL,ICM-owned,Persistent ADR Rate (HIGH) (2025),100.0%,Non-ICM,2025,202508,2,0,0,0,0
Steward,FL,ICM-owned,Persistent ADR Rate (HIGH) (2025),100.0%,Non-ICM,2025,202509,2,0,0,0,0
Steward,FL,ICM-owned,Persistent ADR Rate (HIGH) (2025),100.0%,Non-ICM,2025,202510,4,0,0,0,0
Steward,FL,ICM-owned,Persistent ADR Rate (HIGH) (2025),100.0%,Non-ICM,2025,202511,1,0,0,0,0
Steward,FL,ICM-owned,Persistent ADR Rate (HIGH) (2025),100.0%,Non-ICM,2025,202512,2,0,0,0,0
Steward,FL,ICM-owned,Persistent ADR Rate (HIGH) (2025),100.0%,Non-ICM,2026,202602,1,0,0,0,0
Steward,FL,ICM-owned,Persistent ADR Rate (HIGH) (2025),100.0%,Non-ICM,2026,202604,2,0,0,0,0
Steward,FL,ICM-owned,Persistent ADR Rate (HIGH) (2025),100.0%,Non-ICM,2026,202605,2,0,0,0,0
Steward,FL,ICM-owned,Persistent ADR Rate (HIGH) (2025),100.0%,Non-ICM,2026,202606,1,0,1,1,0
University of Iowa,IA,ICM-owned,Initial ADR Rate (LOW) (2025),68.0%,ICM-owned,2025,202501,147,82,9,5,3
University of Iowa,IL,ICM-owned,Initial ADR Rate (LOW) (2025),84.5%,ICM-owned,2025,202501,24,15,1,0,0
University of Iowa,IL,ICM-owned,Initial ADR Rate (LOW) (2025),84.5%,ICM-owned,2025,202502,19,10,1,0,1
University of Iowa,IA,ICM-owned,Initial ADR Rate (LOW) (2025),68.0%,ICM-owned,2025,202502,104,62,8,3,5
University of Iowa,IL,ICM-owned,Initial ADR Rate (LOW) (2025),84.5%,ICM-owned,2025,202503,25,13,2,2,0
University of Iowa,IA,ICM-owned,Initial ADR Rate (LOW) (2025),68.0%,ICM-owned,2025,202503,100,54,11,5,4
University of Iowa,IA,ICM-owned,Initial ADR Rate (LOW) (2025),68.0%,ICM-owned,2025,202504,105,61,14,6,7
University of Iowa,IL,ICM-owned,Initial ADR Rate (LOW) (2025),84.5%,ICM-owned,2025,202504,32,17,2,0,1
University of Iowa,IL,ICM-owned,Initial ADR Rate (LOW) (2025),84.5%,ICM-owned,2025,202505,20,11,1,0,0
University of Iowa,IA,ICM-owned,Initial ADR Rate (LOW) (2025),68.0%,ICM-owned,2025,202505,113,68,8,2,4
University of Iowa,IL,ICM-owned,Initial ADR Rate (LOW) (2025),84.5%,ICM-owned,2025,202506,20,13,2,0,2
University of Iowa,IA,ICM-owned,Initial ADR Rate (LOW) (2025),68.0%,ICM-owned,2025,202506,111,62,16,8,6
University of Iowa,IA,ICM-owned,Initial ADR Rate (LOW) (2025),68.0%,ICM-owned,2025,202507,117,82,14,5,3
University of Iowa,IL,ICM-owned,Initial ADR Rate (LOW) (2025),84.5%,ICM-owned,2025,202507,29,18,4,1,1
University of Iowa,IL,ICM-owned,Initial ADR Rate (LOW) (2025),84.5%,ICM-owned,2025,202508,23,9,2,0,1
University of Iowa,IA,ICM-owned,Initial ADR Rate (LOW) (2025),68.0%,ICM-owned,2025,202508,112,73,6,3,2
University of Iowa,IA,ICM-owned,Initial ADR Rate (LOW) (2025),68.0%,ICM-owned,2025,202509,118,74,10,5,3
University of Iowa,IL,ICM-owned,Initial ADR Rate (LOW) (2025),84.5%,ICM-owned,2025,202509,32,17,3,2,0
University of Iowa,IA,ICM-owned,Initial ADR Rate (LOW) (2025),68.0%,ICM-owned,2025,202510,113,54,13,7,5
University of Iowa,IL,ICM-owned,Initial ADR Rate (LOW) (2025),84.5%,ICM-owned,2025,202510,20,11,0,0,0
University of Iowa,IA,ICM-owned,Initial ADR Rate (LOW) (2025),68.0%,ICM-owned,2025,202511,116,68,9,6,2
University of Iowa,IL,ICM-owned,Initial ADR Rate (LOW) (2025),84.5%,ICM-owned,2025,202511,24,13,0,0,0
University of Iowa,IA,ICM-owned,Initial ADR Rate (LOW) (2025),68.0%,ICM-owned,2025,202512,108,56,10,6,2
University of Iowa,IL,ICM-owned,Initial ADR Rate (LOW) (2025),84.5%,ICM-owned,2025,202512,31,16,1,0,1
University of Iowa,IL,ICM-owned,Initial ADR Rate (LOW) (2025),84.5%,ICM-owned,2026,202601,24,13,1,0,0
University of Iowa,IA,ICM-owned,Initial ADR Rate (LOW) (2025),68.0%,ICM-owned,2026,202601,54,29,7,1,5
University of Iowa,IA,ICM-owned,Initial ADR Rate (LOW) (2025),68.0%,ICM-owned,2026,202602,55,46,7,4,1
University of Iowa,IL,ICM-owned,Initial ADR Rate (LOW) (2025),84.5%,ICM-owned,2026,202602,21,13,2,1,1
University of Iowa,IA,ICM-owned,Initial ADR Rate (LOW) (2025),68.0%,ICM-owned,2026,202603,69,54,8,3,4
University of Iowa,IL,ICM-owned,Initial ADR Rate (LOW) (2025),84.5%,ICM-owned,2026,202603,22,18,2,0,2
University of Iowa,IL,ICM-owned,Initial ADR Rate (LOW) (2025),84.5%,ICM-owned,2026,202604,20,12,2,0,2
University of Iowa,IA,ICM-owned,Initial ADR Rate (LOW) (2025),68.0%,ICM-owned,2026,202604,49,35,3,2,1
University of Iowa,IA,ICM-owned,Initial ADR Rate (LOW) (2025),68.0%,ICM-owned,2026,202605,59,41,8,5,3
University of Iowa,IL,ICM-owned,Initial ADR Rate (LOW) (2025),84.5%,ICM-owned,2026,202605,17,10,2,1,1
University of Iowa,IA,ICM-owned,Initial ADR Rate (LOW) (2025),68.0%,ICM-owned,2026,202606,43,34,9,7,2
University of Iowa,IL,ICM-owned,Initial ADR Rate (LOW) (2025),84.5%,ICM-owned,2026,202606,15,8,1,1,0
University of Iowa,IA,ICM-owned,Initial ADR Rate (LOW) (2025),68.0%,Non-ICM,2025,202501,17,0,0,0,0
University of Iowa,IL,ICM-owned,Initial ADR Rate (LOW) (2025),84.5%,Non-ICM,2025,202501,7,0,0,0,0
University of Iowa,IA,ICM-owned,Initial ADR Rate (LOW) (2025),68.0%,Non-ICM,2025,202502,29,0,0,0,0
University of Iowa,IL,ICM-owned,Initial ADR Rate (LOW) (2025),84.5%,Non-ICM,2025,202502,11,0,0,0,0
University of Iowa,IL,ICM-owned,Initial ADR Rate (LOW) (2025),84.5%,Non-ICM,2025,202503,2,0,0,0,0
University of Iowa,IA,ICM-owned,Initial ADR Rate (LOW) (2025),68.0%,Non-ICM,2025,202503,27,0,0,0,0
University of Iowa,IL,ICM-owned,Initial ADR Rate (LOW) (2025),84.5%,Non-ICM,2025,202504,7,0,0,0,0
University of Iowa,IA,ICM-owned,Initial ADR Rate (LOW) (2025),68.0%,Non-ICM,2025,202504,28,0,0,0,0
University of Iowa,IL,ICM-owned,Initial ADR Rate (LOW) (2025),84.5%,Non-ICM,2025,202505,7,0,0,0,0
University of Iowa,IA,ICM-owned,Initial ADR Rate (LOW) (2025),68.0%,Non-ICM,2025,202505,31,0,2,0,0
University of Iowa,IL,ICM-owned,Initial ADR Rate (LOW) (2025),84.5%,Non-ICM,2025,202506,12,0,0,0,0
University of Iowa,IA,ICM-owned,Initial ADR Rate (LOW) (2025),68.0%,Non-ICM,2025,202506,31,0,0,0,0
University of Iowa,IL,ICM-owned,Initial ADR Rate (LOW) (2025),84.5%,Non-ICM,2025,202507,5,0,0,0,0
University of Iowa,IA,ICM-owned,Initial ADR Rate (LOW) (2025),68.0%,Non-ICM,2025,202507,26,0,0,0,0
University of Iowa,IL,ICM-owned,Initial ADR Rate (LOW) (2025),84.5%,Non-ICM,2025,202508,15,0,1,0,0
University of Iowa,IA,ICM-owned,Initial ADR Rate (LOW) (2025),68.0%,Non-ICM,2025,202508,22,0,0,0,0
University of Iowa,IA,ICM-owned,Initial ADR Rate (LOW) (2025),68.0%,Non-ICM,2025,202509,27,0,0,0,0
University of Iowa,IL,ICM-owned,Initial ADR Rate (LOW) (2025),84.5%,Non-ICM,2025,202509,11,0,1,0,0
University of Iowa,IA,ICM-owned,Initial ADR Rate (LOW) (2025),68.0%,Non-ICM,2025,202510,33,0,0,0,0
University of Iowa,IL,ICM-owned,Initial ADR Rate (LOW) (2025),84.5%,Non-ICM,2025,202510,10,0,1,0,0
University of Iowa,IL,ICM-owned,Initial ADR Rate (LOW) (2025),84.5%,Non-ICM,2025,202511,3,0,0,0,0
University of Iowa,IA,ICM-owned,Initial ADR Rate (LOW) (2025),68.0%,Non-ICM,2025,202511,33,0,0,0,0
University of Iowa,IA,ICM-owned,Initial ADR Rate (LOW) (2025),68.0%,Non-ICM,2025,202512,28,0,0,0,0
University of Iowa,IL,ICM-owned,Initial ADR Rate (LOW) (2025),84.5%,Non-ICM,2025,202512,11,0,0,0,0
University of Iowa,IA,ICM-owned,Initial ADR Rate (LOW) (2025),68.0%,Non-ICM,2026,202601,5,0,0,0,0
University of Iowa,IL,ICM-owned,Initial ADR Rate (LOW) (2025),84.5%,Non-ICM,2026,202601,3,0,0,0,0
University of Iowa,IA,ICM-owned,Initial ADR Rate (LOW) (2025),68.0%,Non-ICM,2026,202602,13,0,0,0,0
University of Iowa,IL,ICM-owned,Initial ADR Rate (LOW) (2025),84.5%,Non-ICM,2026,202602,7,0,0,0,0
University of Iowa,IL,ICM-owned,Initial ADR Rate (LOW) (2025),84.5%,Non-ICM,2026,202603,4,0,0,0,0
University of Iowa,IA,ICM-owned,Initial ADR Rate (LOW) (2025),68.0%,Non-ICM,2026,202603,15,0,0,0,0
University of Iowa,IL,ICM-owned,Initial ADR Rate (LOW) (2025),84.5%,Non-ICM,2026,202604,4,0,0,0,0
University of Iowa,IA,ICM-owned,Initial ADR Rate (LOW) (2025),68.0%,Non-ICM,2026,202604,9,0,0,0,0
University of Iowa,IL,ICM-owned,Initial ADR Rate (LOW) (2025),84.5%,Non-ICM,2026,202605,3,0,0,0,0
University of Iowa,IA,ICM-owned,Initial ADR Rate (LOW) (2025),68.0%,Non-ICM,2026,202605,12,0,0,0,0
University of Iowa,IA,ICM-owned,Initial ADR Rate (LOW) (2025),68.0%,Non-ICM,2026,202606,5,0,0,0,0
University of Iowa,IL,ICM-owned,Initial ADR Rate (LOW) (2025),84.5%,Non-ICM,2026,202606,2,0,0,0,0
University of Iowa,IA,ICM-owned,Initial ADR Rate (LOW) (2025),68.0%,,2026,202606,4,0,0,0,0
SURGICAL CARE AFFILIATES,IL,ICM-owned,MD Escalation Rate (LOW) (2025),100.0%,ICM-owned,2025,202501,10,1,0,0,0
SURGICAL CARE AFFILIATES,IL,ICM-owned,MD Escalation Rate (LOW) (2025),100.0%,ICM-owned,2025,202502,7,1,0,0,0
SURGICAL CARE AFFILIATES,IL,ICM-owned,MD Escalation Rate (LOW) (2025),100.0%,ICM-owned,2025,202503,5,1,0,0,0
SURGICAL CARE AFFILIATES,IL,ICM-owned,MD Escalation Rate (LOW) (2025),100.0%,ICM-owned,2025,202504,10,4,2,0,2
SURGICAL CARE AFFILIATES,IL,ICM-owned,MD Escalation Rate (LOW) (2025),100.0%,ICM-owned,2025,202505,42,2,1,0,1
SURGICAL CARE AFFILIATES,IL,ICM-owned,MD Escalation Rate (LOW) (2025),100.0%,ICM-owned,2025,202506,8,1,1,1,0
SURGICAL CARE AFFILIATES,IL,ICM-owned,MD Escalation Rate (LOW) (2025),100.0%,ICM-owned,2025,202507,9,4,1,1,0
SURGICAL CARE AFFILIATES,IL,ICM-owned,MD Escalation Rate (LOW) (2025),100.0%,ICM-owned,2025,202508,5,1,0,0,0
SURGICAL CARE AFFILIATES,IL,ICM-owned,MD Escalation Rate (LOW) (2025),100.0%,ICM-owned,2025,202509,8,2,1,0,1
SURGICAL CARE AFFILIATES,IL,ICM-owned,MD Escalation Rate (LOW) (2025),100.0%,ICM-owned,2025,202510,9,4,2,1,1
SURGICAL CARE AFFILIATES,IL,ICM-owned,MD Escalation Rate (LOW) (2025),100.0%,ICM-owned,2025,202511,11,3,1,0,1
SURGICAL CARE AFFILIATES,IL,ICM-owned,MD Escalation Rate (LOW) (2025),100.0%,ICM-owned,2025,202512,13,2,2,2,0
SURGICAL CARE AFFILIATES,IL,ICM-owned,MD Escalation Rate (LOW) (2025),100.0%,ICM-owned,2026,202601,12,2,0,0,0
SURGICAL CARE AFFILIATES,IL,ICM-owned,MD Escalation Rate (LOW) (2025),100.0%,ICM-owned,2026,202602,9,0,0,0,0
SURGICAL CARE AFFILIATES,IL,ICM-owned,MD Escalation Rate (LOW) (2025),100.0%,ICM-owned,2026,202603,9,2,2,1,0
SURGICAL CARE AFFILIATES,IL,ICM-owned,MD Escalation Rate (LOW) (2025),100.0%,ICM-owned,2026,202604,8,3,1,1,0
SURGICAL CARE AFFILIATES,IL,ICM-owned,MD Escalation Rate (LOW) (2025),100.0%,ICM-owned,2026,202605,10,2,1,1,0
SURGICAL CARE AFFILIATES,IL,ICM-owned,MD Escalation Rate (LOW) (2025),100.0%,ICM-owned,2026,202606,5,2,1,1,0
SURGICAL CARE AFFILIATES,IL,ICM-owned,MD Escalation Rate (LOW) (2025),100.0%,Non-ICM,2025,202501,88,0,0,0,0
SURGICAL CARE AFFILIATES,IL,ICM-owned,MD Escalation Rate (LOW) (2025),100.0%,Non-ICM,2025,202502,85,0,0,0,0
SURGICAL CARE AFFILIATES,IL,ICM-owned,MD Escalation Rate (LOW) (2025),100.0%,Non-ICM,2025,202503,93,0,0,0,0
SURGICAL CARE AFFILIATES,IL,ICM-owned,MD Escalation Rate (LOW) (2025),100.0%,Non-ICM,2025,202504,79,0,0,0,0
SURGICAL CARE AFFILIATES,IL,ICM-owned,MD Escalation Rate (LOW) (2025),100.0%,Non-ICM,2025,202505,44,0,0,0,0
SURGICAL CARE AFFILIATES,IL,ICM-owned,MD Escalation Rate (LOW) (2025),100.0%,Non-ICM,2025,202506,82,0,0,0,0
SURGICAL CARE AFFILIATES,IL,ICM-owned,MD Escalation Rate (LOW) (2025),100.0%,Non-ICM,2025,202507,65,0,0,0,0
SURGICAL CARE AFFILIATES,IL,ICM-owned,MD Escalation Rate (LOW) (2025),100.0%,Non-ICM,2025,202508,57,0,1,0,0
SURGICAL CARE AFFILIATES,IL,ICM-owned,MD Escalation Rate (LOW) (2025),100.0%,Non-ICM,2025,202509,79,0,0,0,0
SURGICAL CARE AFFILIATES,IL,ICM-owned,MD Escalation Rate (LOW) (2025),100.0%,Non-ICM,2025,202510,69,0,0,0,0
SURGICAL CARE AFFILIATES,IL,ICM-owned,MD Escalation Rate (LOW) (2025),100.0%,Non-ICM,2025,202511,79,0,0,0,0
SURGICAL CARE AFFILIATES,IL,ICM-owned,MD Escalation Rate (LOW) (2025),100.0%,Non-ICM,2025,202512,73,0,0,0,0
SURGICAL CARE AFFILIATES,IL,ICM-owned,MD Escalation Rate (LOW) (2025),100.0%,Non-ICM,2026,202601,83,0,0,0,0
SURGICAL CARE AFFILIATES,IL,ICM-owned,MD Escalation Rate (LOW) (2025),100.0%,Non-ICM,2026,202602,77,0,0,0,0
SURGICAL CARE AFFILIATES,IL,ICM-owned,MD Escalation Rate (LOW) (2025),100.0%,Non-ICM,2026,202603,76,0,0,0,0
SURGICAL CARE AFFILIATES,IL,ICM-owned,MD Escalation Rate (LOW) (2025),100.0%,Non-ICM,2026,202604,75,0,0,0,0
SURGICAL CARE AFFILIATES,IL,ICM-owned,MD Escalation Rate (LOW) (2025),100.0%,Non-ICM,2026,202605,77,0,0,0,0
SURGICAL CARE AFFILIATES,IL,ICM-owned,MD Escalation Rate (LOW) (2025),100.0%,Non-ICM,2026,202606,60,0,0,0,0
SURGICAL CARE AFFILIATES,IL,ICM-owned,MD Escalation Rate (LOW) (2025),100.0%,,2026,202606,1,0,0,0,0
FLOYD HEALTHCARE MANAGEMENT,GA,ICM-owned,Member Appeal Rate (HIGH) (2026),100.0%,ICM-owned,2025,202501,76,65,36,18,16
FLOYD HEALTHCARE MANAGEMENT,GA,ICM-owned,Member Appeal Rate (HIGH) (2026),100.0%,ICM-owned,2025,202502,78,62,34,18,16
FLOYD HEALTHCARE MANAGEMENT,GA,ICM-owned,Member Appeal Rate (HIGH) (2026),100.0%,ICM-owned,2025,202503,77,65,40,18,22
FLOYD HEALTHCARE MANAGEMENT,GA,ICM-owned,Member Appeal Rate (HIGH) (2026),100.0%,ICM-owned,2025,202504,80,68,40,21,18
FLOYD HEALTHCARE MANAGEMENT,GA,ICM-owned,Member Appeal Rate (HIGH) (2026),100.0%,ICM-owned,2025,202505,66,62,35,18,16
FLOYD HEALTHCARE MANAGEMENT,GA,ICM-owned,Member Appeal Rate (HIGH) (2026),100.0%,ICM-owned,2025,202506,81,73,39,19,17
FLOYD HEALTHCARE MANAGEMENT,GA,ICM-owned,Member Appeal Rate (HIGH) (2026),100.0%,ICM-owned,2025,202507,82,74,26,15,11
FLOYD HEALTHCARE MANAGEMENT,GA,ICM-owned,Member Appeal Rate (HIGH) (2026),100.0%,ICM-owned,2025,202508,84,72,38,17,19
FLOYD HEALTHCARE MANAGEMENT,GA,ICM-owned,Member Appeal Rate (HIGH) (2026),100.0%,ICM-owned,2025,202509,109,96,47,21,24
FLOYD HEALTHCARE MANAGEMENT,GA,ICM-owned,Member Appeal Rate (HIGH) (2026),100.0%,ICM-owned,2025,202510,108,96,42,25,16
FLOYD HEALTHCARE MANAGEMENT,GA,ICM-owned,Member Appeal Rate (HIGH) (2026),100.0%,ICM-owned,2025,202511,85,68,24,13,11
FLOYD HEALTHCARE MANAGEMENT,GA,ICM-owned,Member Appeal Rate (HIGH) (2026),100.0%,ICM-owned,2025,202512,99,90,37,20,16
FLOYD HEALTHCARE MANAGEMENT,GA,ICM-owned,Member Appeal Rate (HIGH) (2026),100.0%,ICM-owned,2026,202601,72,68,26,12,9
FLOYD HEALTHCARE MANAGEMENT,GA,ICM-owned,Member Appeal Rate (HIGH) (2026),100.0%,ICM-owned,2026,202602,78,74,31,11,0
FLOYD HEALTHCARE MANAGEMENT,GA,ICM-owned,Member Appeal Rate (HIGH) (2026),100.0%,ICM-owned,2026,202603,68,62,29,10,0
FLOYD HEALTHCARE MANAGEMENT,GA,ICM-owned,Member Appeal Rate (HIGH) (2026),100.0%,ICM-owned,2026,202604,68,65,27,7,0
FLOYD HEALTHCARE MANAGEMENT,GA,ICM-owned,Member Appeal Rate (HIGH) (2026),100.0%,ICM-owned,2026,202605,87,84,37,14,0
FLOYD HEALTHCARE MANAGEMENT,GA,ICM-owned,Member Appeal Rate (HIGH) (2026),100.0%,ICM-owned,2026,202606,65,57,20,9,0
FLOYD HEALTHCARE MANAGEMENT,GA,ICM-owned,Member Appeal Rate (HIGH) (2026),100.0%,Non-ICM,2025,202501,3,0,0,0,0
FLOYD HEALTHCARE MANAGEMENT,GA,ICM-owned,Member Appeal Rate (HIGH) (2026),100.0%,Non-ICM,2025,202502,1,0,0,0,0
FLOYD HEALTHCARE MANAGEMENT,GA,ICM-owned,Member Appeal Rate (HIGH) (2026),100.0%,Non-ICM,2025,202503,2,0,0,0,0
FLOYD HEALTHCARE MANAGEMENT,GA,ICM-owned,Member Appeal Rate (HIGH) (2026),100.0%,Non-ICM,2025,202505,3,0,0,0,0
FLOYD HEALTHCARE MANAGEMENT,GA,ICM-owned,Member Appeal Rate (HIGH) (2026),100.0%,Non-ICM,2025,202506,5,0,0,0,0
FLOYD HEALTHCARE MANAGEMENT,GA,ICM-owned,Member Appeal Rate (HIGH) (2026),100.0%,Non-ICM,2025,202507,7,0,0,0,0
FLOYD HEALTHCARE MANAGEMENT,GA,ICM-owned,Member Appeal Rate (HIGH) (2026),100.0%,Non-ICM,2025,202508,5,0,0,0,0
FLOYD HEALTHCARE MANAGEMENT,GA,ICM-owned,Member Appeal Rate (HIGH) (2026),100.0%,Non-ICM,2025,202509,5,0,0,0,0
FLOYD HEALTHCARE MANAGEMENT,GA,ICM-owned,Member Appeal Rate (HIGH) (2026),100.0%,Non-ICM,2025,202510,8,0,0,0,0
FLOYD HEALTHCARE MANAGEMENT,GA,ICM-owned,Member Appeal Rate (HIGH) (2026),100.0%,Non-ICM,2025,202511,2,0,0,0,0
FLOYD HEALTHCARE MANAGEMENT,GA,ICM-owned,Member Appeal Rate (HIGH) (2026),100.0%,Non-ICM,2025,202512,3,0,0,0,0
FLOYD HEALTHCARE MANAGEMENT,GA,ICM-owned,Member Appeal Rate (HIGH) (2026),100.0%,Non-ICM,2026,202601,1,0,0,0,0
FLOYD HEALTHCARE MANAGEMENT,GA,ICM-owned,Member Appeal Rate (HIGH) (2026),100.0%,Non-ICM,2026,202603,1,0,0,0,0
FLOYD HEALTHCARE MANAGEMENT,GA,ICM-owned,Member Appeal Rate (HIGH) (2026),100.0%,Non-ICM,2026,202604,2,0,0,0,0
FLOYD HEALTHCARE MANAGEMENT,GA,ICM-owned,Member Appeal Rate (HIGH) (2026),100.0%,Non-ICM,2026,202605,1,0,0,0,0
FLOYD HEALTHCARE MANAGEMENT,GA,ICM-owned,Member Appeal Rate (HIGH) (2026),100.0%,Non-ICM,2026,202606,1,0,0,0,0
FLOYD HEALTHCARE MANAGEMENT,GA,ICM-owned,Member Appeal Rate (HIGH) (2026),100.0%,,2026,202606,2,2,0,0,0
Englewood Hospital,NJ,ICM-owned,Persistent ADR Rate (HIGH) (2026),100.0%,ICM-owned,2025,202501,76,55,33,22,0
Englewood Hospital,NJ,ICM-owned,Persistent ADR Rate (HIGH) (2026),100.0%,ICM-owned,2025,202502,88,64,28,16,0
Englewood Hospital,NJ,ICM-owned,Persistent ADR Rate (HIGH) (2026),100.0%,ICM-owned,2025,202503,85,65,37,21,1
Englewood Hospital,NJ,ICM-owned,Persistent ADR Rate (HIGH) (2026),100.0%,ICM-owned,2025,202504,69,53,32,21,0
Englewood Hospital,NJ,ICM-owned,Persistent ADR Rate (HIGH) (2026),100.0%,ICM-owned,2025,202505,73,56,36,27,0
Englewood Hospital,NJ,ICM-owned,Persistent ADR Rate (HIGH) (2026),100.0%,ICM-owned,2025,202506,73,53,29,19,0
Englewood Hospital,NJ,ICM-owned,Persistent ADR Rate (HIGH) (2026),100.0%,ICM-owned,2025,202507,59,40,22,11,0
Englewood Hospital,NJ,ICM-owned,Persistent ADR Rate (HIGH) (2026),100.0%,ICM-owned,2025,202508,67,51,30,22,0
Englewood Hospital,NJ,ICM-owned,Persistent ADR Rate (HIGH) (2026),100.0%,ICM-owned,2025,202509,61,47,29,18,0
Englewood Hospital,NJ,ICM-owned,Persistent ADR Rate (HIGH) (2026),100.0%,ICM-owned,2025,202510,59,40,23,16,1
Englewood Hospital,NJ,ICM-owned,Persistent ADR Rate (HIGH) (2026),100.0%,ICM-owned,2025,202511,85,54,40,31,0
Englewood Hospital,NJ,ICM-owned,Persistent ADR Rate (HIGH) (2026),100.0%,ICM-owned,2025,202512,91,68,55,40,0
Englewood Hospital,NJ,ICM-owned,Persistent ADR Rate (HIGH) (2026),100.0%,ICM-owned,2026,202601,68,48,39,27,1
Englewood Hospital,NJ,ICM-owned,Persistent ADR Rate (HIGH) (2026),100.0%,ICM-owned,2026,202602,65,49,42,32,1
Englewood Hospital,NJ,ICM-owned,Persistent ADR Rate (HIGH) (2026),100.0%,ICM-owned,2026,202603,66,49,42,39,1
Englewood Hospital,NJ,ICM-owned,Persistent ADR Rate (HIGH) (2026),100.0%,ICM-owned,2026,202604,72,58,45,38,3
Englewood Hospital,NJ,ICM-owned,Persistent ADR Rate (HIGH) (2026),100.0%,ICM-owned,2026,202605,65,45,45,43,0
Englewood Hospital,NJ,ICM-owned,Persistent ADR Rate (HIGH) (2026),100.0%,ICM-owned,2026,202606,38,29,17,17,0
Englewood Hospital,NJ,ICM-owned,Persistent ADR Rate (HIGH) (2026),100.0%,Non-ICM,2025,202501,3,0,0,0,0
Englewood Hospital,NJ,ICM-owned,Persistent ADR Rate (HIGH) (2026),100.0%,Non-ICM,2025,202502,15,0,0,0,0
Englewood Hospital,NJ,ICM-owned,Persistent ADR Rate (HIGH) (2026),100.0%,Non-ICM,2025,202503,11,0,1,1,0
Englewood Hospital,NJ,ICM-owned,Persistent ADR Rate (HIGH) (2026),100.0%,Non-ICM,2025,202504,10,0,0,0,0
Englewood Hospital,NJ,ICM-owned,Persistent ADR Rate (HIGH) (2026),100.0%,Non-ICM,2025,202505,17,0,0,0,0
Englewood Hospital,NJ,ICM-owned,Persistent ADR Rate (HIGH) (2026),100.0%,Non-ICM,2025,202506,14,0,0,0,0
Englewood Hospital,NJ,ICM-owned,Persistent ADR Rate (HIGH) (2026),100.0%,Non-ICM,2025,202507,11,0,0,0,0
Englewood Hospital,NJ,ICM-owned,Persistent ADR Rate (HIGH) (2026),100.0%,Non-ICM,2025,202508,6,0,0,0,0
Englewood Hospital,NJ,ICM-owned,Persistent ADR Rate (HIGH) (2026),100.0%,Non-ICM,2025,202509,9,0,0,0,0
Englewood Hospital,NJ,ICM-owned,Persistent ADR Rate (HIGH) (2026),100.0%,Non-ICM,2025,202510,12,0,0,0,0
Englewood Hospital,NJ,ICM-owned,Persistent ADR Rate (HIGH) (2026),100.0%,Non-ICM,2025,202511,6,0,0,0,0
Englewood Hospital,NJ,ICM-owned,Persistent ADR Rate (HIGH) (2026),100.0%,Non-ICM,2025,202512,12,0,0,0,0
Englewood Hospital,NJ,ICM-owned,Persistent ADR Rate (HIGH) (2026),100.0%,Non-ICM,2026,202601,12,0,0,0,0
Englewood Hospital,NJ,ICM-owned,Persistent ADR Rate (HIGH) (2026),100.0%,Non-ICM,2026,202602,7,0,0,0,0
Englewood Hospital,NJ,ICM-owned,Persistent ADR Rate (HIGH) (2026),100.0%,Non-ICM,2026,202603,10,0,0,0,0
Englewood Hospital,NJ,ICM-owned,Persistent ADR Rate (HIGH) (2026),100.0%,Non-ICM,2026,202604,8,0,0,0,0
Englewood Hospital,NJ,ICM-owned,Persistent ADR Rate (HIGH) (2026),100.0%,Non-ICM,2026,202605,10,0,1,0,0
Englewood Hospital,NJ,ICM-owned,Persistent ADR Rate (HIGH) (2026),100.0%,Non-ICM,2026,202606,10,0,0,0,0
Englewood Hospital,NJ,ICM-owned,Persistent ADR Rate (HIGH) (2026),100.0%,,2026,202606,4,0,0,0,0
Carle Foundation,IL,ICM-owned,MD Escalation Rate (LOW) (2025),100.0%,ICM-owned,2025,202501,32,3,0,0,0
Carle Foundation,IL,ICM-owned,MD Escalation Rate (LOW) (2025),100.0%,ICM-owned,2025,202502,36,2,1,0,1
Carle Foundation,IL,ICM-owned,MD Escalation Rate (LOW) (2025),100.0%,ICM-owned,2025,202503,32,3,1,1,0
Carle Foundation,IL,ICM-owned,MD Escalation Rate (LOW) (2025),100.0%,ICM-owned,2025,202504,23,1,1,0,1
Carle Foundation,IL,ICM-owned,MD Escalation Rate (LOW) (2025),100.0%,ICM-owned,2025,202505,39,1,0,0,0
Carle Foundation,IL,ICM-owned,MD Escalation Rate (LOW) (2025),100.0%,ICM-owned,2025,202506,28,3,2,0,2
Carle Foundation,IL,ICM-owned,MD Escalation Rate (LOW) (2025),100.0%,ICM-owned,2025,202507,37,7,5,4,1
Carle Foundation,IL,ICM-owned,MD Escalation Rate (LOW) (2025),100.0%,ICM-owned,2025,202508,27,7,3,1,2
Carle Foundation,IL,ICM-owned,MD Escalation Rate (LOW) (2025),100.0%,ICM-owned,2025,202509,34,6,4,2,1
Carle Foundation,IL,ICM-owned,MD Escalation Rate (LOW) (2025),100.0%,ICM-owned,2025,202510,33,3,0,0,0
Carle Foundation,IL,ICM-owned,MD Escalation Rate (LOW) (2025),100.0%,ICM-owned,2025,202511,34,1,1,1,0
Carle Foundation,IL,ICM-owned,MD Escalation Rate (LOW) (2025),100.0%,ICM-owned,2025,202512,33,14,7,4,3
Carle Foundation,IL,ICM-owned,MD Escalation Rate (LOW) (2025),100.0%,ICM-owned,2026,202601,31,27,14,6,7
Carle Foundation,IL,ICM-owned,MD Escalation Rate (LOW) (2025),100.0%,ICM-owned,2026,202602,26,26,17,5,11
Carle Foundation,IL,ICM-owned,MD Escalation Rate (LOW) (2025),100.0%,ICM-owned,2026,202603,49,39,20,10,10
Carle Foundation,IL,ICM-owned,MD Escalation Rate (LOW) (2025),100.0%,ICM-owned,2026,202604,69,57,33,19,13
Carle Foundation,IL,ICM-owned,MD Escalation Rate (LOW) (2025),100.0%,ICM-owned,2026,202605,58,45,34,15,19
Carle Foundation,IL,ICM-owned,MD Escalation Rate (LOW) (2025),100.0%,ICM-owned,2026,202606,38,30,13,5,7
Carle Foundation,IL,ICM-owned,MD Escalation Rate (LOW) (2025),100.0%,Non-ICM,2025,202501,11,0,0,0,0
Carle Foundation,IL,ICM-owned,MD Escalation Rate (LOW) (2025),100.0%,Non-ICM,2025,202502,11,0,0,0,0
Carle Foundation,IL,ICM-owned,MD Escalation Rate (LOW) (2025),100.0%,Non-ICM,2025,202503,17,0,0,0,0
Carle Foundation,IL,ICM-owned,MD Escalation Rate (LOW) (2025),100.0%,Non-ICM,2025,202504,11,0,0,0,0
Carle Foundation,IL,ICM-owned,MD Escalation Rate (LOW) (2025),100.0%,Non-ICM,2025,202505,14,0,0,0,0
Carle Foundation,IL,ICM-owned,MD Escalation Rate (LOW) (2025),100.0%,Non-ICM,2025,202506,38,0,0,0,0
Carle Foundation,IL,ICM-owned,MD Escalation Rate (LOW) (2025),100.0%,Non-ICM,2025,202507,44,0,0,0,0
Carle Foundation,IL,ICM-owned,MD Escalation Rate (LOW) (2025),100.0%,Non-ICM,2025,202508,40,0,0,0,0
Carle Foundation,IL,ICM-owned,MD Escalation Rate (LOW) (2025),100.0%,Non-ICM,2025,202509,44,0,0,0,0
Carle Foundation,IL,ICM-owned,MD Escalation Rate (LOW) (2025),100.0%,Non-ICM,2025,202510,42,0,0,0,0
Carle Foundation,IL,ICM-owned,MD Escalation Rate (LOW) (2025),100.0%,Non-ICM,2025,202511,45,0,0,0,0
Carle Foundation,IL,ICM-owned,MD Escalation Rate (LOW) (2025),100.0%,Non-ICM,2025,202512,45,0,0,0,0
Carle Foundation,IL,ICM-owned,MD Escalation Rate (LOW) (2025),100.0%,Non-ICM,2026,202601,45,0,0,0,0
Carle Foundation,IL,ICM-owned,MD Escalation Rate (LOW) (2025),100.0%,Non-ICM,2026,202602,27,0,0,0,0
Carle Foundation,IL,ICM-owned,MD Escalation Rate (LOW) (2025),100.0%,Non-ICM,2026,202603,22,0,0,0,0
Carle Foundation,IL,ICM-owned,MD Escalation Rate (LOW) (2025),100.0%,Non-ICM,2026,202604,7,0,0,0,0
Carle Foundation,IL,ICM-owned,MD Escalation Rate (LOW) (2025),100.0%,Non-ICM,2026,202605,8,0,0,0,0
Carle Foundation,IL,ICM-owned,MD Escalation Rate (LOW) (2025),100.0%,Non-ICM,2026,202606,2,0,0,0,0
Carle Foundation,IL,ICM-owned,MD Escalation Rate (LOW) (2025),100.0%,,2026,202606,3,0,0,0,0
ADVOCATE NORTHSIDE HEALTH SYSTEM,IL,ICM-owned,MD Escalation Rate (LOW) (2025),71.5%,ICM-owned,2025,202501,10,4,4,2,2
ADVOCATE NORTHSIDE HEALTH SYSTEM,IL,ICM-owned,MD Escalation Rate (LOW) (2025),71.5%,ICM-owned,2025,202502,6,1,0,0,0
ADVOCATE NORTHSIDE HEALTH SYSTEM,IL,ICM-owned,MD Escalation Rate (LOW) (2025),71.5%,ICM-owned,2025,202503,5,3,0,0,0
ADVOCATE NORTHSIDE HEALTH SYSTEM,IL,ICM-owned,MD Escalation Rate (LOW) (2025),71.5%,ICM-owned,2025,202504,11,3,3,1,2
ADVOCATE NORTHSIDE HEALTH SYSTEM,IL,ICM-owned,MD Escalation Rate (LOW) (2025),71.5%,ICM-owned,2025,202505,32,1,1,1,0
ADVOCATE NORTHSIDE HEALTH SYSTEM,IL,ICM-owned,MD Escalation Rate (LOW) (2025),71.5%,ICM-owned,2025,202506,5,1,0,0,0
ADVOCATE NORTHSIDE HEALTH SYSTEM,IL,ICM-owned,MD Escalation Rate (LOW) (2025),71.5%,ICM-owned,2025,202507,7,2,1,0,0
ADVOCATE NORTHSIDE HEALTH SYSTEM,IL,ICM-owned,MD Escalation Rate (LOW) (2025),71.5%,ICM-owned,2025,202508,7,2,2,1,1
ADVOCATE NORTHSIDE HEALTH SYSTEM,IL,ICM-owned,MD Escalation Rate (LOW) (2025),71.5%,ICM-owned,2025,202509,4,2,2,1,1
ADVOCATE NORTHSIDE HEALTH SYSTEM,IL,ICM-owned,MD Escalation Rate (LOW) (2025),71.5%,ICM-owned,2025,202510,4,2,1,1,0
ADVOCATE NORTHSIDE HEALTH SYSTEM,IL,ICM-owned,MD Escalation Rate (LOW) (2025),71.5%,ICM-owned,2025,202511,2,0,0,0,0
ADVOCATE NORTHSIDE HEALTH SYSTEM,IL,ICM-owned,MD Escalation Rate (LOW) (2025),71.5%,ICM-owned,2025,202512,6,0,0,0,0
ADVOCATE NORTHSIDE HEALTH SYSTEM,IL,ICM-owned,MD Escalation Rate (LOW) (2025),71.5%,ICM-owned,2026,202601,7,2,2,1,0
ADVOCATE NORTHSIDE HEALTH SYSTEM,IL,ICM-owned,MD Escalation Rate (LOW) (2025),71.5%,ICM-owned,2026,202602,4,2,2,2,0
ADVOCATE NORTHSIDE HEALTH SYSTEM,IL,ICM-owned,MD Escalation Rate (LOW) (2025),71.5%,ICM-owned,2026,202603,5,1,1,0,0
ADVOCATE NORTHSIDE HEALTH SYSTEM,IL,ICM-owned,MD Escalation Rate (LOW) (2025),71.5%,ICM-owned,2026,202604,3,0,0,0,0
ADVOCATE NORTHSIDE HEALTH SYSTEM,IL,ICM-owned,MD Escalation Rate (LOW) (2025),71.5%,ICM-owned,2026,202605,10,2,2,2,0
ADVOCATE NORTHSIDE HEALTH SYSTEM,IL,ICM-owned,MD Escalation Rate (LOW) (2025),71.5%,ICM-owned,2026,202606,3,0,2,2,0
ADVOCATE NORTHSIDE HEALTH SYSTEM,IL,ICM-owned,MD Escalation Rate (LOW) (2025),71.5%,Non-ICM,2025,202501,56,0,0,0,0
ADVOCATE NORTHSIDE HEALTH SYSTEM,IL,ICM-owned,MD Escalation Rate (LOW) (2025),71.5%,Non-ICM,2025,202502,50,0,0,0,0
ADVOCATE NORTHSIDE HEALTH SYSTEM,IL,ICM-owned,MD Escalation Rate (LOW) (2025),71.5%,Non-ICM,2025,202503,51,0,0,0,0
ADVOCATE NORTHSIDE HEALTH SYSTEM,IL,ICM-owned,MD Escalation Rate (LOW) (2025),71.5%,Non-ICM,2025,202504,37,0,0,0,0
ADVOCATE NORTHSIDE HEALTH SYSTEM,IL,ICM-owned,MD Escalation Rate (LOW) (2025),71.5%,Non-ICM,2025,202505,27,0,0,0,0
ADVOCATE NORTHSIDE HEALTH SYSTEM,IL,ICM-owned,MD Escalation Rate (LOW) (2025),71.5%,Non-ICM,2025,202506,39,0,0,0,0
ADVOCATE NORTHSIDE HEALTH SYSTEM,IL,ICM-owned,MD Escalation Rate (LOW) (2025),71.5%,Non-ICM,2025,202507,57,0,0,0,0
ADVOCATE NORTHSIDE HEALTH SYSTEM,IL,ICM-owned,MD Escalation Rate (LOW) (2025),71.5%,Non-ICM,2025,202508,62,0,0,0,0
ADVOCATE NORTHSIDE HEALTH SYSTEM,IL,ICM-owned,MD Escalation Rate (LOW) (2025),71.5%,Non-ICM,2025,202509,63,0,0,0,0
ADVOCATE NORTHSIDE HEALTH SYSTEM,IL,ICM-owned,MD Escalation Rate (LOW) (2025),71.5%,Non-ICM,2025,202510,57,0,0,0,0
ADVOCATE NORTHSIDE HEALTH SYSTEM,IL,ICM-owned,MD Escalation Rate (LOW) (2025),71.5%,Non-ICM,2025,202511,54,0,0,0,0
ADVOCATE NORTHSIDE HEALTH SYSTEM,IL,ICM-owned,MD Escalation Rate (LOW) (2025),71.5%,Non-ICM,2025,202512,69,0,0,0,0
ADVOCATE NORTHSIDE HEALTH SYSTEM,IL,ICM-owned,MD Escalation Rate (LOW) (2025),71.5%,Non-ICM,2026,202601,59,0,0,0,0
ADVOCATE NORTHSIDE HEALTH SYSTEM,IL,ICM-owned,MD Escalation Rate (LOW) (2025),71.5%,Non-ICM,2026,202602,69,0,0,0,0
ADVOCATE NORTHSIDE HEALTH SYSTEM,IL,ICM-owned,MD Escalation Rate (LOW) (2025),71.5%,Non-ICM,2026,202603,58,0,0,0,0
ADVOCATE NORTHSIDE HEALTH SYSTEM,IL,ICM-owned,MD Escalation Rate (LOW) (2025),71.5%,Non-ICM,2026,202604,52,0,0,0,0
ADVOCATE NORTHSIDE HEALTH SYSTEM,IL,ICM-owned,MD Escalation Rate (LOW) (2025),71.5%,Non-ICM,2026,202605,74,0,0,0,0
ADVOCATE NORTHSIDE HEALTH SYSTEM,IL,ICM-owned,MD Escalation Rate (LOW) (2025),71.5%,Non-ICM,2026,202606,42,0,0,0,0
ADVOCATE NORTHSIDE HEALTH SYSTEM,IL,ICM-owned,MD Escalation Rate (LOW) (2025),71.5%,,2026,202606,1,0,0,0,0
LARKIN COMMUNITY HOSP,FL,ICM-owned,MD Escalation Rate (LOW) (2026),98.0%,ICM-owned,2025,202501,38,31,24,16,7
LARKIN COMMUNITY HOSP,FL,ICM-owned,MD Escalation Rate (LOW) (2026),98.0%,ICM-owned,2025,202502,39,24,21,12,5
LARKIN COMMUNITY HOSP,FL,ICM-owned,MD Escalation Rate (LOW) (2026),98.0%,ICM-owned,2025,202503,35,30,16,7,9
LARKIN COMMUNITY HOSP,FL,ICM-owned,MD Escalation Rate (LOW) (2026),98.0%,ICM-owned,2025,202504,41,28,26,18,7
LARKIN COMMUNITY HOSP,FL,ICM-owned,MD Escalation Rate (LOW) (2026),98.0%,ICM-owned,2025,202505,46,36,20,12,7
LARKIN COMMUNITY HOSP,FL,ICM-owned,MD Escalation Rate (LOW) (2026),98.0%,ICM-owned,2025,202506,53,38,20,14,5
LARKIN COMMUNITY HOSP,FL,ICM-owned,MD Escalation Rate (LOW) (2026),98.0%,ICM-owned,2025,202507,48,31,24,12,11
LARKIN COMMUNITY HOSP,FL,ICM-owned,MD Escalation Rate (LOW) (2026),98.0%,ICM-owned,2025,202508,36,17,14,8,6
LARKIN COMMUNITY HOSP,FL,ICM-owned,MD Escalation Rate (LOW) (2026),98.0%,ICM-owned,2025,202509,37,19,17,13,4
LARKIN COMMUNITY HOSP,FL,ICM-owned,MD Escalation Rate (LOW) (2026),98.0%,ICM-owned,2025,202510,48,13,21,16,2
LARKIN COMMUNITY HOSP,FL,ICM-owned,MD Escalation Rate (LOW) (2026),98.0%,ICM-owned,2025,202511,54,19,25,19,3
LARKIN COMMUNITY HOSP,FL,ICM-owned,MD Escalation Rate (LOW) (2026),98.0%,ICM-owned,2025,202512,39,18,18,14,3
LARKIN COMMUNITY HOSP,FL,ICM-owned,MD Escalation Rate (LOW) (2026),98.0%,ICM-owned,2026,202601,51,29,23,12,8
LARKIN COMMUNITY HOSP,FL,ICM-owned,MD Escalation Rate (LOW) (2026),98.0%,ICM-owned,2026,202602,59,32,28,20,6
LARKIN COMMUNITY HOSP,FL,ICM-owned,MD Escalation Rate (LOW) (2026),98.0%,ICM-owned,2026,202603,58,24,31,24,4
LARKIN COMMUNITY HOSP,FL,ICM-owned,MD Escalation Rate (LOW) (2026),98.0%,ICM-owned,2026,202604,64,28,44,37,6
LARKIN COMMUNITY HOSP,FL,ICM-owned,MD Escalation Rate (LOW) (2026),98.0%,ICM-owned,2026,202605,54,23,37,34,2
LARKIN COMMUNITY HOSP,FL,ICM-owned,MD Escalation Rate (LOW) (2026),98.0%,ICM-owned,2026,202606,47,17,31,28,3
LARKIN COMMUNITY HOSP,FL,ICM-owned,MD Escalation Rate (LOW) (2026),98.0%,Non-ICM,2025,202501,2,0,0,0,0
LARKIN COMMUNITY HOSP,FL,ICM-owned,MD Escalation Rate (LOW) (2026),98.0%,Non-ICM,2025,202503,1,0,0,0,0
LARKIN COMMUNITY HOSP,FL,ICM-owned,MD Escalation Rate (LOW) (2026),98.0%,Non-ICM,2025,202504,1,0,0,0,0
LARKIN COMMUNITY HOSP,FL,ICM-owned,MD Escalation Rate (LOW) (2026),98.0%,Non-ICM,2025,202506,1,0,0,0,0
LARKIN COMMUNITY HOSP,FL,ICM-owned,MD Escalation Rate (LOW) (2026),98.0%,Non-ICM,2025,202508,1,0,1,0,0
LARKIN COMMUNITY HOSP,FL,ICM-owned,MD Escalation Rate (LOW) (2026),98.0%,Non-ICM,2025,202509,1,0,0,0,0
LARKIN COMMUNITY HOSP,FL,ICM-owned,MD Escalation Rate (LOW) (2026),98.0%,Non-ICM,2025,202510,3,0,0,0,0
LARKIN COMMUNITY HOSP,FL,ICM-owned,MD Escalation Rate (LOW) (2026),98.0%,Non-ICM,2025,202511,1,0,0,0,0
LARKIN COMMUNITY HOSP,FL,ICM-owned,MD Escalation Rate (LOW) (2026),98.0%,Non-ICM,2026,202601,2,0,0,0,0
LARKIN COMMUNITY HOSP,FL,ICM-owned,MD Escalation Rate (LOW) (2026),98.0%,Non-ICM,2026,202602,1,0,0,0,0
LARKIN COMMUNITY HOSP,FL,ICM-owned,MD Escalation Rate (LOW) (2026),98.0%,Non-ICM,2026,202603,1,0,0,0,0
LARKIN COMMUNITY HOSP,FL,ICM-owned,MD Escalation Rate (LOW) (2026),98.0%,Non-ICM,2026,202606,9,2,4,4,0
University of Toledo,OH,ICM-owned,MD Escalation Rate (LOW) (2025),100.0%,ICM-owned,2025,202501,35,2,0,0,0
University of Toledo,OH,ICM-owned,MD Escalation Rate (LOW) (2025),100.0%,ICM-owned,2025,202502,22,1,1,1,0
University of Toledo,OH,ICM-owned,MD Escalation Rate (LOW) (2025),100.0%,ICM-owned,2025,202503,28,5,1,1,0
University of Toledo,OH,ICM-owned,MD Escalation Rate (LOW) (2025),100.0%,ICM-owned,2025,202504,26,13,9,4,3
University of Toledo,OH,ICM-owned,MD Escalation Rate (LOW) (2025),100.0%,ICM-owned,2025,202505,39,8,5,2,1
University of Toledo,OH,ICM-owned,MD Escalation Rate (LOW) (2025),100.0%,ICM-owned,2025,202506,42,7,6,4,2
University of Toledo,OH,ICM-owned,MD Escalation Rate (LOW) (2025),100.0%,ICM-owned,2025,202507,50,5,7,7,0
University of Toledo,OH,ICM-owned,MD Escalation Rate (LOW) (2025),100.0%,ICM-owned,2025,202508,43,7,4,2,1
University of Toledo,OH,ICM-owned,MD Escalation Rate (LOW) (2025),100.0%,ICM-owned,2025,202509,31,3,2,2,0
University of Toledo,OH,ICM-owned,MD Escalation Rate (LOW) (2025),100.0%,ICM-owned,2025,202510,41,11,1,1,0
University of Toledo,OH,ICM-owned,MD Escalation Rate (LOW) (2025),100.0%,ICM-owned,2025,202511,30,3,0,0,0
University of Toledo,OH,ICM-owned,MD Escalation Rate (LOW) (2025),100.0%,ICM-owned,2025,202512,52,11,3,3,0
University of Toledo,OH,ICM-owned,MD Escalation Rate (LOW) (2025),100.0%,ICM-owned,2026,202601,33,4,1,0,0
University of Toledo,OH,ICM-owned,MD Escalation Rate (LOW) (2025),100.0%,ICM-owned,2026,202602,20,6,2,2,0
University of Toledo,OH,ICM-owned,MD Escalation Rate (LOW) (2025),100.0%,ICM-owned,2026,202603,14,4,3,2,1
University of Toledo,OH,ICM-owned,MD Escalation Rate (LOW) (2025),100.0%,ICM-owned,2026,202604,2,0,0,0,0
University of Toledo,OH,ICM-owned,MD Escalation Rate (LOW) (2025),100.0%,ICM-owned,2026,202605,37,7,7,3,2
University of Toledo,OH,ICM-owned,MD Escalation Rate (LOW) (2025),100.0%,ICM-owned,2026,202606,27,14,8,5,2
University of Toledo,OH,ICM-owned,MD Escalation Rate (LOW) (2025),100.0%,Non-ICM,2025,202501,1,0,0,0,0
University of Toledo,OH,ICM-owned,MD Escalation Rate (LOW) (2025),100.0%,Non-ICM,2025,202502,4,0,0,0,0
University of Toledo,OH,ICM-owned,MD Escalation Rate (LOW) (2025),100.0%,Non-ICM,2025,202503,2,0,0,0,0
University of Toledo,OH,ICM-owned,MD Escalation Rate (LOW) (2025),100.0%,Non-ICM,2025,202504,4,0,0,0,0
University of Toledo,OH,ICM-owned,MD Escalation Rate (LOW) (2025),100.0%,Non-ICM,2025,202505,6,0,0,0,0
University of Toledo,OH,ICM-owned,MD Escalation Rate (LOW) (2025),100.0%,Non-ICM,2025,202506,7,0,0,0,0
University of Toledo,OH,ICM-owned,MD Escalation Rate (LOW) (2025),100.0%,Non-ICM,2025,202507,3,0,0,0,0
University of Toledo,OH,ICM-owned,MD Escalation Rate (LOW) (2025),100.0%,Non-ICM,2025,202508,4,0,0,0,0
University of Toledo,OH,ICM-owned,MD Escalation Rate (LOW) (2025),100.0%,Non-ICM,2025,202509,3,0,0,0,0
University of Toledo,OH,ICM-owned,MD Escalation Rate (LOW) (2025),100.0%,Non-ICM,2025,202510,4,0,0,0,0
University of Toledo,OH,ICM-owned,MD Escalation Rate (LOW) (2025),100.0%,Non-ICM,2025,202511,4,0,0,0,0
University of Toledo,OH,ICM-owned,MD Escalation Rate (LOW) (2025),100.0%,Non-ICM,2025,202512,2,0,0,0,0
University of Toledo,OH,ICM-owned,MD Escalation Rate (LOW) (2025),100.0%,Non-ICM,2026,202601,20,0,0,0,0
University of Toledo,OH,ICM-owned,MD Escalation Rate (LOW) (2025),100.0%,Non-ICM,2026,202602,21,0,0,0,0
University of Toledo,OH,ICM-owned,MD Escalation Rate (LOW) (2025),100.0%,Non-ICM,2026,202603,34,0,0,0,0
University of Toledo,OH,ICM-owned,MD Escalation Rate (LOW) (2025),100.0%,Non-ICM,2026,202604,51,0,0,0,0
University of Toledo,OH,ICM-owned,MD Escalation Rate (LOW) (2025),100.0%,Non-ICM,2026,202605,17,0,0,0,0
University of Toledo,OH,ICM-owned,MD Escalation Rate (LOW) (2025),100.0%,Non-ICM,2026,202606,1,0,0,0,0
HUGH CHATHAM MEMORIAL HOSPITAL,NC,ICM-owned,Member Appeal Rate (HIGH) (2026),100.0%,ICM-owned,2025,202501,47,32,12,5,6
HUGH CHATHAM MEMORIAL HOSPITAL,NC,ICM-owned,Member Appeal Rate (HIGH) (2026),100.0%,ICM-owned,2025,202502,57,50,15,8,6
HUGH CHATHAM MEMORIAL HOSPITAL,NC,ICM-owned,Member Appeal Rate (HIGH) (2026),100.0%,ICM-owned,2025,202503,41,33,6,4,2
HUGH CHATHAM MEMORIAL HOSPITAL,NC,ICM-owned,Member Appeal Rate (HIGH) (2026),100.0%,ICM-owned,2025,202504,32,25,5,1,3
HUGH CHATHAM MEMORIAL HOSPITAL,NC,ICM-owned,Member Appeal Rate (HIGH) (2026),100.0%,ICM-owned,2025,202505,41,28,6,3,2
HUGH CHATHAM MEMORIAL HOSPITAL,NC,ICM-owned,Member Appeal Rate (HIGH) (2026),100.0%,ICM-owned,2025,202506,43,34,6,1,5
HUGH CHATHAM MEMORIAL HOSPITAL,NC,ICM-owned,Member Appeal Rate (HIGH) (2026),100.0%,ICM-owned,2025,202507,37,27,7,2,5
HUGH CHATHAM MEMORIAL HOSPITAL,NC,ICM-owned,Member Appeal Rate (HIGH) (2026),100.0%,ICM-owned,2025,202508,39,30,12,3,9
HUGH CHATHAM MEMORIAL HOSPITAL,NC,ICM-owned,Member Appeal Rate (HIGH) (2026),100.0%,ICM-owned,2025,202509,40,35,13,8,5
HUGH CHATHAM MEMORIAL HOSPITAL,NC,ICM-owned,Member Appeal Rate (HIGH) (2026),100.0%,ICM-owned,2025,202510,42,36,4,1,3
HUGH CHATHAM MEMORIAL HOSPITAL,NC,ICM-owned,Member Appeal Rate (HIGH) (2026),100.0%,ICM-owned,2025,202511,47,42,7,3,4
HUGH CHATHAM MEMORIAL HOSPITAL,NC,ICM-owned,Member Appeal Rate (HIGH) (2026),100.0%,ICM-owned,2025,202512,44,37,11,4,7
HUGH CHATHAM MEMORIAL HOSPITAL,NC,ICM-owned,Member Appeal Rate (HIGH) (2026),100.0%,ICM-owned,2026,202601,37,34,4,0,3
HUGH CHATHAM MEMORIAL HOSPITAL,NC,ICM-owned,Member Appeal Rate (HIGH) (2026),100.0%,ICM-owned,2026,202602,37,32,5,1,3
HUGH CHATHAM MEMORIAL HOSPITAL,NC,ICM-owned,Member Appeal Rate (HIGH) (2026),100.0%,ICM-owned,2026,202603,42,42,10,0,0
HUGH CHATHAM MEMORIAL HOSPITAL,NC,ICM-owned,Member Appeal Rate (HIGH) (2026),100.0%,ICM-owned,2026,202604,35,33,14,0,0
HUGH CHATHAM MEMORIAL HOSPITAL,NC,ICM-owned,Member Appeal Rate (HIGH) (2026),100.0%,ICM-owned,2026,202605,55,47,13,1,0
HUGH CHATHAM MEMORIAL HOSPITAL,NC,ICM-owned,Member Appeal Rate (HIGH) (2026),100.0%,ICM-owned,2026,202606,31,23,2,1,0
HUGH CHATHAM MEMORIAL HOSPITAL,NC,ICM-owned,Member Appeal Rate (HIGH) (2026),100.0%,Non-ICM,2025,202504,1,0,0,0,0
HUGH CHATHAM MEMORIAL HOSPITAL,NC,ICM-owned,Member Appeal Rate (HIGH) (2026),100.0%,Non-ICM,2025,202511,2,0,0,0,0
HUGH CHATHAM MEMORIAL HOSPITAL,NC,ICM-owned,Member Appeal Rate (HIGH) (2026),100.0%,Non-ICM,2025,202512,1,0,0,0,0
HUGH CHATHAM MEMORIAL HOSPITAL,NC,ICM-owned,Member Appeal Rate (HIGH) (2026),100.0%,Non-ICM,2026,202601,3,0,0,0,0
HUGH CHATHAM MEMORIAL HOSPITAL,NC,ICM-owned,Member Appeal Rate (HIGH) (2026),100.0%,,2026,202606,3,0,0,0,0
Maimonides Medical Center,NY,ICM-owned,Persistent ADR Rate (HIGH) (2026),99.5%,ICM-owned,2025,202501,36,32,23,14,3
Maimonides Medical Center,NY,ICM-owned,Persistent ADR Rate (HIGH) (2026),99.5%,ICM-owned,2025,202502,38,33,17,9,3
Maimonides Medical Center,NY,ICM-owned,Persistent ADR Rate (HIGH) (2026),99.5%,ICM-owned,2025,202503,32,31,16,9,5
Maimonides Medical Center,NY,ICM-owned,Persistent ADR Rate (HIGH) (2026),99.5%,ICM-owned,2025,202504,30,27,12,5,3
Maimonides Medical Center,NY,ICM-owned,Persistent ADR Rate (HIGH) (2026),99.5%,ICM-owned,2025,202505,11,10,3,2,1
Maimonides Medical Center,NY,ICM-owned,Persistent ADR Rate (HIGH) (2026),99.5%,ICM-owned,2025,202506,8,6,2,2,0
Maimonides Medical Center,NY,ICM-owned,Persistent ADR Rate (HIGH) (2026),99.5%,ICM-owned,2025,202507,9,8,6,1,2
Maimonides Medical Center,NY,ICM-owned,Persistent ADR Rate (HIGH) (2026),99.5%,ICM-owned,2025,202508,10,9,5,4,1
Maimonides Medical Center,NY,ICM-owned,Persistent ADR Rate (HIGH) (2026),99.5%,ICM-owned,2025,202509,9,9,6,2,1
Maimonides Medical Center,NY,ICM-owned,Persistent ADR Rate (HIGH) (2026),99.5%,ICM-owned,2025,202510,19,16,6,0,4
Maimonides Medical Center,NY,ICM-owned,Persistent ADR Rate (HIGH) (2026),99.5%,ICM-owned,2025,202511,13,8,9,4,2
Maimonides Medical Center,NY,ICM-owned,Persistent ADR Rate (HIGH) (2026),99.5%,ICM-owned,2025,202512,15,10,7,2,3
Maimonides Medical Center,NY,ICM-owned,Persistent ADR Rate (HIGH) (2026),99.5%,ICM-owned,2026,202601,6,6,6,4,0
Maimonides Medical Center,NY,ICM-owned,Persistent ADR Rate (HIGH) (2026),99.5%,ICM-owned,2026,202602,5,4,5,3,2
Maimonides Medical Center,NY,ICM-owned,Persistent ADR Rate (HIGH) (2026),99.5%,ICM-owned,2026,202603,6,5,3,2,0
Maimonides Medical Center,NY,ICM-owned,Persistent ADR Rate (HIGH) (2026),99.5%,ICM-owned,2026,202604,16,9,15,12,1
Maimonides Medical Center,NY,ICM-owned,Persistent ADR Rate (HIGH) (2026),99.5%,ICM-owned,2026,202605,8,6,4,3,0
Maimonides Medical Center,NY,ICM-owned,Persistent ADR Rate (HIGH) (2026),99.5%,ICM-owned,2026,202606,10,9,7,5,1
Maimonides Medical Center,NY,ICM-owned,Persistent ADR Rate (HIGH) (2026),99.5%,Non-ICM,2025,202501,1,0,0,0,0
Maimonides Medical Center,NY,ICM-owned,Persistent ADR Rate (HIGH) (2026),99.5%,Non-ICM,2025,202502,1,0,0,0,0
Maimonides Medical Center,NY,ICM-owned,Persistent ADR Rate (HIGH) (2026),99.5%,Non-ICM,2025,202503,6,0,0,0,0
Maimonides Medical Center,NY,ICM-owned,Persistent ADR Rate (HIGH) (2026),99.5%,Non-ICM,2025,202504,12,0,0,0,0
Maimonides Medical Center,NY,ICM-owned,Persistent ADR Rate (HIGH) (2026),99.5%,Non-ICM,2025,202505,30,0,0,0,0
Maimonides Medical Center,NY,ICM-owned,Persistent ADR Rate (HIGH) (2026),99.5%,Non-ICM,2025,202506,31,0,0,0,0
Maimonides Medical Center,NY,ICM-owned,Persistent ADR Rate (HIGH) (2026),99.5%,Non-ICM,2025,202507,17,0,0,0,0
Maimonides Medical Center,NY,ICM-owned,Persistent ADR Rate (HIGH) (2026),99.5%,Non-ICM,2025,202508,21,0,0,0,0
Maimonides Medical Center,NY,ICM-owned,Persistent ADR Rate (HIGH) (2026),99.5%,Non-ICM,2025,202509,25,0,0,0,0
Maimonides Medical Center,NY,ICM-owned,Persistent ADR Rate (HIGH) (2026),99.5%,Non-ICM,2025,202510,14,0,0,0,0
Maimonides Medical Center,NY,ICM-owned,Persistent ADR Rate (HIGH) (2026),99.5%,Non-ICM,2025,202511,26,0,0,0,0
Maimonides Medical Center,NY,ICM-owned,Persistent ADR Rate (HIGH) (2026),99.5%,Non-ICM,2025,202512,16,0,0,0,0
Maimonides Medical Center,NY,ICM-owned,Persistent ADR Rate (HIGH) (2026),99.5%,Non-ICM,2026,202601,31,0,0,0,0
Maimonides Medical Center,NY,ICM-owned,Persistent ADR Rate (HIGH) (2026),99.5%,Non-ICM,2026,202602,17,0,0,0,0
Maimonides Medical Center,NY,ICM-owned,Persistent ADR Rate (HIGH) (2026),99.5%,Non-ICM,2026,202603,10,0,0,0,0
Maimonides Medical Center,NY,ICM-owned,Persistent ADR Rate (HIGH) (2026),99.5%,Non-ICM,2026,202604,10,0,0,0,0
Maimonides Medical Center,NY,ICM-owned,Persistent ADR Rate (HIGH) (2026),99.5%,Non-ICM,2026,202605,7,0,0,0,0
Maimonides Medical Center,NY,ICM-owned,Persistent ADR Rate (HIGH) (2026),99.5%,Non-ICM,2026,202606,7,0,1,1,0
VAUGHAN REGIONAL MEDICAL CTR,AL,ICM-owned,Persistent ADR Rate (HIGH) (2025),50.5%,ICM-owned,2025,202501,16,13,11,6,2
VAUGHAN REGIONAL MEDICAL CTR,AL,ICM-owned,Persistent ADR Rate (HIGH) (2025),50.5%,ICM-owned,2025,202502,19,14,10,6,3
VAUGHAN REGIONAL MEDICAL CTR,AL,ICM-owned,Persistent ADR Rate (HIGH) (2025),50.5%,ICM-owned,2025,202503,24,15,15,11,3
VAUGHAN REGIONAL MEDICAL CTR,AL,ICM-owned,Persistent ADR Rate (HIGH) (2025),50.5%,ICM-owned,2025,202504,34,26,27,22,4
VAUGHAN REGIONAL MEDICAL CTR,AL,ICM-owned,Persistent ADR Rate (HIGH) (2025),50.5%,ICM-owned,2025,202505,22,18,17,11,5
VAUGHAN REGIONAL MEDICAL CTR,AL,ICM-owned,Persistent ADR Rate (HIGH) (2025),50.5%,ICM-owned,2025,202506,23,18,15,9,5
VAUGHAN REGIONAL MEDICAL CTR,AL,ICM-owned,Persistent ADR Rate (HIGH) (2025),50.5%,ICM-owned,2025,202507,25,17,14,10,3
VAUGHAN REGIONAL MEDICAL CTR,AL,ICM-owned,Persistent ADR Rate (HIGH) (2025),50.5%,ICM-owned,2025,202508,29,23,12,5,5
VAUGHAN REGIONAL MEDICAL CTR,AL,ICM-owned,Persistent ADR Rate (HIGH) (2025),50.5%,ICM-owned,2025,202509,26,15,14,10,2
VAUGHAN REGIONAL MEDICAL CTR,AL,ICM-owned,Persistent ADR Rate (HIGH) (2025),50.5%,ICM-owned,2025,202510,27,21,13,10,3
VAUGHAN REGIONAL MEDICAL CTR,AL,ICM-owned,Persistent ADR Rate (HIGH) (2025),50.5%,ICM-owned,2025,202511,24,21,14,6,6
VAUGHAN REGIONAL MEDICAL CTR,AL,ICM-owned,Persistent ADR Rate (HIGH) (2025),50.5%,ICM-owned,2025,202512,29,21,13,10,2
VAUGHAN REGIONAL MEDICAL CTR,AL,ICM-owned,Persistent ADR Rate (HIGH) (2025),50.5%,ICM-owned,2026,202601,44,31,19,8,8
VAUGHAN REGIONAL MEDICAL CTR,AL,ICM-owned,Persistent ADR Rate (HIGH) (2025),50.5%,ICM-owned,2026,202602,42,29,22,11,10
VAUGHAN REGIONAL MEDICAL CTR,AL,ICM-owned,Persistent ADR Rate (HIGH) (2025),50.5%,ICM-owned,2026,202603,38,36,20,14,5
VAUGHAN REGIONAL MEDICAL CTR,AL,ICM-owned,Persistent ADR Rate (HIGH) (2025),50.5%,ICM-owned,2026,202604,29,24,18,11,7
VAUGHAN REGIONAL MEDICAL CTR,AL,ICM-owned,Persistent ADR Rate (HIGH) (2025),50.5%,ICM-owned,2026,202605,43,29,28,27,1
VAUGHAN REGIONAL MEDICAL CTR,AL,ICM-owned,Persistent ADR Rate (HIGH) (2025),50.5%,ICM-owned,2026,202606,21,13,15,15,0
VAUGHAN REGIONAL MEDICAL CTR,AL,ICM-owned,Persistent ADR Rate (HIGH) (2025),50.5%,Non-ICM,2025,202509,1,0,1,1,0
VAUGHAN REGIONAL MEDICAL CTR,AL,ICM-owned,Persistent ADR Rate (HIGH) (2025),50.5%,Non-ICM,2025,202511,1,0,1,1,0
VAUGHAN REGIONAL MEDICAL CTR,AL,ICM-owned,Persistent ADR Rate (HIGH) (2025),50.5%,Non-ICM,2026,202602,2,0,1,1,0
VAUGHAN REGIONAL MEDICAL CTR,AL,ICM-owned,Persistent ADR Rate (HIGH) (2025),50.5%,Non-ICM,2026,202606,1,0,0,0,0
VAUGHAN REGIONAL MEDICAL CTR,AL,ICM-owned,Persistent ADR Rate (HIGH) (2025),50.5%,,2026,202606,2,0,0,0,0
VIRTUA WILLINGBORO HOSPITAL,PA,ICM-owned,Persistent ADR Rate (HIGH) (2025),87.5%,ICM-owned,2025,202501,32,29,12,12,0
VIRTUA WILLINGBORO HOSPITAL,PA,ICM-owned,Persistent ADR Rate (HIGH) (2025),87.5%,ICM-owned,2025,202502,29,22,10,9,1
VIRTUA WILLINGBORO HOSPITAL,PA,ICM-owned,Persistent ADR Rate (HIGH) (2025),87.5%,ICM-owned,2025,202503,21,18,10,8,2
VIRTUA WILLINGBORO HOSPITAL,PA,ICM-owned,Persistent ADR Rate (HIGH) (2025),87.5%,ICM-owned,2025,202504,26,23,14,12,2
VIRTUA WILLINGBORO HOSPITAL,PA,ICM-owned,Persistent ADR Rate (HIGH) (2025),87.5%,ICM-owned,2025,202505,24,24,16,12,4
VIRTUA WILLINGBORO HOSPITAL,PA,ICM-owned,Persistent ADR Rate (HIGH) (2025),87.5%,ICM-owned,2025,202506,21,17,16,15,1
VIRTUA WILLINGBORO HOSPITAL,PA,ICM-owned,Persistent ADR Rate (HIGH) (2025),87.5%,ICM-owned,2025,202507,22,17,11,8,3
VIRTUA WILLINGBORO HOSPITAL,PA,ICM-owned,Persistent ADR Rate (HIGH) (2025),87.5%,ICM-owned,2025,202508,20,19,9,7,1
VIRTUA WILLINGBORO HOSPITAL,PA,ICM-owned,Persistent ADR Rate (HIGH) (2025),87.5%,ICM-owned,2025,202509,21,19,14,13,0
VIRTUA WILLINGBORO HOSPITAL,PA,ICM-owned,Persistent ADR Rate (HIGH) (2025),87.5%,ICM-owned,2025,202510,27,22,13,12,1
VIRTUA WILLINGBORO HOSPITAL,PA,ICM-owned,Persistent ADR Rate (HIGH) (2025),87.5%,ICM-owned,2025,202511,21,16,14,14,0
VIRTUA WILLINGBORO HOSPITAL,PA,ICM-owned,Persistent ADR Rate (HIGH) (2025),87.5%,ICM-owned,2025,202512,28,25,14,11,3
VIRTUA WILLINGBORO HOSPITAL,PA,ICM-owned,Persistent ADR Rate (HIGH) (2025),87.5%,ICM-owned,2026,202601,39,32,23,17,3
VIRTUA WILLINGBORO HOSPITAL,PA,ICM-owned,Persistent ADR Rate (HIGH) (2025),87.5%,ICM-owned,2026,202602,23,19,9,8,1
VIRTUA WILLINGBORO HOSPITAL,PA,ICM-owned,Persistent ADR Rate (HIGH) (2025),87.5%,ICM-owned,2026,202603,30,27,14,8,6
VIRTUA WILLINGBORO HOSPITAL,PA,ICM-owned,Persistent ADR Rate (HIGH) (2025),87.5%,ICM-owned,2026,202604,26,21,16,12,2
VIRTUA WILLINGBORO HOSPITAL,PA,ICM-owned,Persistent ADR Rate (HIGH) (2025),87.5%,ICM-owned,2026,202605,25,21,18,13,2
VIRTUA WILLINGBORO HOSPITAL,PA,ICM-owned,Persistent ADR Rate (HIGH) (2025),87.5%,ICM-owned,2026,202606,23,18,7,3,2
VIRTUA WILLINGBORO HOSPITAL,PA,ICM-owned,Persistent ADR Rate (HIGH) (2025),87.5%,Non-ICM,2026,202606,1,0,0,0,0
VIRTUA WILLINGBORO HOSPITAL,PA,ICM-owned,Persistent ADR Rate (HIGH) (2025),87.5%,,2026,202606,1,0,0,0,0
PIH Hospital,CA-S,ICM-owned,Persistent ADR Rate (HIGH) (2025),97.0%,ICM-owned,2025,202501,20,10,10,6,0
PIH Hospital,CA-S,ICM-owned,Persistent ADR Rate (HIGH) (2025),97.0%,ICM-owned,2025,202502,17,9,10,5,0
PIH Hospital,CA-S,ICM-owned,Persistent ADR Rate (HIGH) (2025),97.0%,ICM-owned,2025,202503,29,23,20,15,0
PIH Hospital,CA-S,ICM-owned,Persistent ADR Rate (HIGH) (2025),97.0%,ICM-owned,2025,202504,21,16,11,7,0
PIH Hospital,CA-S,ICM-owned,Persistent ADR Rate (HIGH) (2025),97.0%,ICM-owned,2025,202505,25,22,10,8,0
PIH Hospital,CA-S,ICM-owned,Persistent ADR Rate (HIGH) (2025),97.0%,ICM-owned,2025,202506,20,18,11,7,0
PIH Hospital,CA-S,ICM-owned,Persistent ADR Rate (HIGH) (2025),97.0%,ICM-owned,2025,202507,22,17,11,7,0
PIH Hospital,CA-S,ICM-owned,Persistent ADR Rate (HIGH) (2025),97.0%,ICM-owned,2025,202508,23,22,16,8,0
PIH Hospital,CA-S,ICM-owned,Persistent ADR Rate (HIGH) (2025),97.0%,ICM-owned,2025,202509,16,16,11,9,0
PIH Hospital,CA-S,ICM-owned,Persistent ADR Rate (HIGH) (2025),97.0%,ICM-owned,2025,202510,16,14,7,7,0
PIH Hospital,CA-S,ICM-owned,Persistent ADR Rate (HIGH) (2025),97.0%,ICM-owned,2025,202511,32,31,14,12,0
PIH Hospital,CA-S,ICM-owned,Persistent ADR Rate (HIGH) (2025),97.0%,ICM-owned,2025,202512,26,24,13,12,0
PIH Hospital,CA-S,ICM-owned,Persistent ADR Rate (HIGH) (2025),97.0%,ICM-owned,2026,202601,26,24,9,6,0
PIH Hospital,CA-S,ICM-owned,Persistent ADR Rate (HIGH) (2025),97.0%,ICM-owned,2026,202602,19,17,14,12,0
PIH Hospital,CA-S,ICM-owned,Persistent ADR Rate (HIGH) (2025),97.0%,ICM-owned,2026,202603,23,19,9,6,1
PIH Hospital,CA-S,ICM-owned,Persistent ADR Rate (HIGH) (2025),97.0%,ICM-owned,2026,202604,15,12,11,11,0
PIH Hospital,CA-S,ICM-owned,Persistent ADR Rate (HIGH) (2025),97.0%,ICM-owned,2026,202605,26,24,15,15,0
PIH Hospital,CA-S,ICM-owned,Persistent ADR Rate (HIGH) (2025),97.0%,ICM-owned,2026,202606,15,12,6,6,0
PIH Hospital,CA-S,ICM-owned,Persistent ADR Rate (HIGH) (2025),97.0%,Non-ICM,2025,202501,2,0,0,0,0
PIH Hospital,CA-S,ICM-owned,Persistent ADR Rate (HIGH) (2025),97.0%,Non-ICM,2025,202502,1,0,0,0,0
PIH Hospital,CA-S,ICM-owned,Persistent ADR Rate (HIGH) (2025),97.0%,Non-ICM,2025,202503,5,0,0,0,0
PIH Hospital,CA-S,ICM-owned,Persistent ADR Rate (HIGH) (2025),97.0%,Non-ICM,2025,202504,2,0,0,0,0
PIH Hospital,CA-S,ICM-owned,Persistent ADR Rate (HIGH) (2025),97.0%,Non-ICM,2025,202505,3,0,0,0,0
PIH Hospital,CA-S,ICM-owned,Persistent ADR Rate (HIGH) (2025),97.0%,Non-ICM,2025,202506,1,0,0,0,0
PIH Hospital,CA-S,ICM-owned,Persistent ADR Rate (HIGH) (2025),97.0%,Non-ICM,2025,202507,3,0,0,0,0
PIH Hospital,CA-S,ICM-owned,Persistent ADR Rate (HIGH) (2025),97.0%,Non-ICM,2025,202508,1,0,0,0,0
PIH Hospital,CA-S,ICM-owned,Persistent ADR Rate (HIGH) (2025),97.0%,Non-ICM,2025,202509,3,0,0,0,0
PIH Hospital,CA-S,ICM-owned,Persistent ADR Rate (HIGH) (2025),97.0%,Non-ICM,2025,202510,1,0,0,0,0
PIH Hospital,CA-S,ICM-owned,Persistent ADR Rate (HIGH) (2025),97.0%,Non-ICM,2025,202512,1,0,0,0,0
PIH Hospital,CA-S,ICM-owned,Persistent ADR Rate (HIGH) (2025),97.0%,Non-ICM,2026,202601,8,0,0,0,0
PIH Hospital,CA-S,ICM-owned,Persistent ADR Rate (HIGH) (2025),97.0%,Non-ICM,2026,202602,5,0,0,1,0
PIH Hospital,CA-S,ICM-owned,Persistent ADR Rate (HIGH) (2025),97.0%,Non-ICM,2026,202603,2,0,1,1,0
PIH Hospital,CA-S,ICM-owned,Persistent ADR Rate (HIGH) (2025),97.0%,Non-ICM,2026,202604,4,0,0,0,0
PIH Hospital,CA-S,ICM-owned,Persistent ADR Rate (HIGH) (2025),97.0%,Non-ICM,2026,202606,3,0,0,0,0
SYLACAUGA HEALTH CARE AUTHORITY,AL,ICM-owned,Member Appeal Rate (HIGH) (2026),100.0%,ICM-owned,2025,202501,23,19,7,3,2
SYLACAUGA HEALTH CARE AUTHORITY,AL,ICM-owned,Member Appeal Rate (HIGH) (2026),100.0%,ICM-owned,2025,202502,25,20,7,6,0
SYLACAUGA HEALTH CARE AUTHORITY,AL,ICM-owned,Member Appeal Rate (HIGH) (2026),100.0%,ICM-owned,2025,202503,18,15,6,4,0
SYLACAUGA HEALTH CARE AUTHORITY,AL,ICM-owned,Member Appeal Rate (HIGH) (2026),100.0%,ICM-owned,2025,202504,27,19,11,7,3
SYLACAUGA HEALTH CARE AUTHORITY,AL,ICM-owned,Member Appeal Rate (HIGH) (2026),100.0%,ICM-owned,2025,202505,18,15,9,3,5
SYLACAUGA HEALTH CARE AUTHORITY,AL,ICM-owned,Member Appeal Rate (HIGH) (2026),100.0%,ICM-owned,2025,202506,23,18,11,5,5
SYLACAUGA HEALTH CARE AUTHORITY,AL,ICM-owned,Member Appeal Rate (HIGH) (2026),100.0%,ICM-owned,2025,202507,20,18,9,6,2
SYLACAUGA HEALTH CARE AUTHORITY,AL,ICM-owned,Member Appeal Rate (HIGH) (2026),100.0%,ICM-owned,2025,202508,23,22,7,3,3
SYLACAUGA HEALTH CARE AUTHORITY,AL,ICM-owned,Member Appeal Rate (HIGH) (2026),100.0%,ICM-owned,2025,202509,33,27,11,5,6
SYLACAUGA HEALTH CARE AUTHORITY,AL,ICM-owned,Member Appeal Rate (HIGH) (2026),100.0%,ICM-owned,2025,202510,22,20,5,2,1
SYLACAUGA HEALTH CARE AUTHORITY,AL,ICM-owned,Member Appeal Rate (HIGH) (2026),100.0%,ICM-owned,2025,202511,16,12,1,0,0
SYLACAUGA HEALTH CARE AUTHORITY,AL,ICM-owned,Member Appeal Rate (HIGH) (2026),100.0%,ICM-owned,2025,202512,20,16,4,3,1
SYLACAUGA HEALTH CARE AUTHORITY,AL,ICM-owned,Member Appeal Rate (HIGH) (2026),100.0%,ICM-owned,2026,202601,22,16,4,1,0
SYLACAUGA HEALTH CARE AUTHORITY,AL,ICM-owned,Member Appeal Rate (HIGH) (2026),100.0%,ICM-owned,2026,202602,18,17,6,1,1
SYLACAUGA HEALTH CARE AUTHORITY,AL,ICM-owned,Member Appeal Rate (HIGH) (2026),100.0%,ICM-owned,2026,202603,27,21,11,2,1
SYLACAUGA HEALTH CARE AUTHORITY,AL,ICM-owned,Member Appeal Rate (HIGH) (2026),100.0%,ICM-owned,2026,202604,16,14,8,1,0
SYLACAUGA HEALTH CARE AUTHORITY,AL,ICM-owned,Member Appeal Rate (HIGH) (2026),100.0%,ICM-owned,2026,202605,14,14,8,3,2
SYLACAUGA HEALTH CARE AUTHORITY,AL,ICM-owned,Member Appeal Rate (HIGH) (2026),100.0%,ICM-owned,2026,202606,10,9,2,2,0
SYLACAUGA HEALTH CARE AUTHORITY,AL,ICM-owned,Member Appeal Rate (HIGH) (2026),100.0%,Non-ICM,2025,202501,2,0,0,0,0
SYLACAUGA HEALTH CARE AUTHORITY,AL,ICM-owned,Member Appeal Rate (HIGH) (2026),100.0%,Non-ICM,2025,202502,2,0,1,1,0
SYLACAUGA HEALTH CARE AUTHORITY,AL,ICM-owned,Member Appeal Rate (HIGH) (2026),100.0%,Non-ICM,2025,202505,1,0,0,0,0
SYLACAUGA HEALTH CARE AUTHORITY,AL,ICM-owned,Member Appeal Rate (HIGH) (2026),100.0%,Non-ICM,2025,202509,1,0,1,1,0
ST JOSEPH HOSPITAL,ID,ICM-owned,Initial ADR Rate (LOW) (2025),85.5%,ICM-owned,2025,202501,9,5,0,0,0
ST JOSEPH HOSPITAL,ID,ICM-owned,Initial ADR Rate (LOW) (2025),85.5%,ICM-owned,2025,202502,14,9,1,1,0
ST JOSEPH HOSPITAL,ID,ICM-owned,Initial ADR Rate (LOW) (2025),85.5%,ICM-owned,2025,202503,11,7,1,0,1
ST JOSEPH HOSPITAL,ID,ICM-owned,Initial ADR Rate (LOW) (2025),85.5%,ICM-owned,2025,202504,18,9,3,1,1
ST JOSEPH HOSPITAL,ID,ICM-owned,Initial ADR Rate (LOW) (2025),85.5%,ICM-owned,2025,202505,18,12,0,0,0
ST JOSEPH HOSPITAL,ID,ICM-owned,Initial ADR Rate (LOW) (2025),85.5%,ICM-owned,2025,202506,9,3,1,0,1
ST JOSEPH HOSPITAL,ID,ICM-owned,Initial ADR Rate (LOW) (2025),85.5%,ICM-owned,2025,202507,10,9,1,0,0
ST JOSEPH HOSPITAL,ID,ICM-owned,Initial ADR Rate (LOW) (2025),85.5%,ICM-owned,2025,202508,14,9,0,0,0
ST JOSEPH HOSPITAL,ID,ICM-owned,Initial ADR Rate (LOW) (2025),85.5%,ICM-owned,2025,202509,18,8,1,0,1
ST JOSEPH HOSPITAL,ID,ICM-owned,Initial ADR Rate (LOW) (2025),85.5%,ICM-owned,2025,202510,15,8,4,1,3
ST JOSEPH HOSPITAL,ID,ICM-owned,Initial ADR Rate (LOW) (2025),85.5%,ICM-owned,2025,202511,9,4,0,0,0
ST JOSEPH HOSPITAL,ID,ICM-owned,Initial ADR Rate (LOW) (2025),85.5%,ICM-owned,2025,202512,14,6,0,0,0
ST JOSEPH HOSPITAL,ID,ICM-owned,Initial ADR Rate (LOW) (2025),85.5%,ICM-owned,2026,202601,17,10,1,0,1
ST JOSEPH HOSPITAL,ID,ICM-owned,Initial ADR Rate (LOW) (2025),85.5%,ICM-owned,2026,202602,16,8,1,0,1
ST JOSEPH HOSPITAL,ID,ICM-owned,Initial ADR Rate (LOW) (2025),85.5%,ICM-owned,2026,202603,21,17,4,1,3
ST JOSEPH HOSPITAL,ID,ICM-owned,Initial ADR Rate (LOW) (2025),85.5%,ICM-owned,2026,202604,21,19,3,1,2
ST JOSEPH HOSPITAL,ID,ICM-owned,Initial ADR Rate (LOW) (2025),85.5%,ICM-owned,2026,202605,18,14,5,3,2
ST JOSEPH HOSPITAL,ID,ICM-owned,Initial ADR Rate (LOW) (2025),85.5%,ICM-owned,2026,202606,13,8,2,2,0
ST JOSEPH HOSPITAL,ID,ICM-owned,Initial ADR Rate (LOW) (2025),85.5%,Non-ICM,2025,202505,1,0,0,0,0
ST JOSEPH HOSPITAL,ID,ICM-owned,Initial ADR Rate (LOW) (2025),85.5%,Non-ICM,2025,202506,1,0,0,0,0
ST JOSEPH HOSPITAL,ID,ICM-owned,Initial ADR Rate (LOW) (2025),85.5%,Non-ICM,2025,202508,1,0,0,0,0
ST JOSEPH HOSPITAL,ID,ICM-owned,Initial ADR Rate (LOW) (2025),85.5%,Non-ICM,2025,202510,2,0,0,0,0
ST JOSEPH HOSPITAL,ID,ICM-owned,Initial ADR Rate (LOW) (2025),85.5%,Non-ICM,2026,202601,3,0,1,1,0
ST JOSEPH HOSPITAL,ID,ICM-owned,Initial ADR Rate (LOW) (2025),85.5%,Non-ICM,2026,202602,1,0,0,0,0
ST JOSEPH HOSPITAL,ID,ICM-owned,Initial ADR Rate (LOW) (2025),85.5%,Non-ICM,2026,202603,1,0,0,0,0
ST JOSEPH HOSPITAL,ID,ICM-owned,Initial ADR Rate (LOW) (2025),85.5%,Non-ICM,2026,202604,1,0,0,0,0
ST JOSEPH HOSPITAL,ID,ICM-owned,Initial ADR Rate (LOW) (2025),85.5%,Non-ICM,2026,202605,1,0,0,0,0
ST JOSEPH HOSPITAL,ID,ICM-owned,Initial ADR Rate (LOW) (2025),85.5%,Non-ICM,2026,202606,3,0,0,0,0
LARKIN COMMUNITY HOSPITAL,FL,ICM-owned,Persistent ADR Rate (HIGH) (2025),99.5%,ICM-owned,2025,202501,10,9,2,1,1
LARKIN COMMUNITY HOSPITAL,FL,ICM-owned,Persistent ADR Rate (HIGH) (2025),99.5%,ICM-owned,2025,202502,14,13,9,5,2
LARKIN COMMUNITY HOSPITAL,FL,ICM-owned,Persistent ADR Rate (HIGH) (2025),99.5%,ICM-owned,2025,202503,12,10,11,7,4
LARKIN COMMUNITY HOSPITAL,FL,ICM-owned,Persistent ADR Rate (HIGH) (2025),99.5%,ICM-owned,2025,202504,19,19,14,9,5
LARKIN COMMUNITY HOSPITAL,FL,ICM-owned,Persistent ADR Rate (HIGH) (2025),99.5%,ICM-owned,2025,202505,13,11,8,5,3
LARKIN COMMUNITY HOSPITAL,FL,ICM-owned,Persistent ADR Rate (HIGH) (2025),99.5%,ICM-owned,2025,202506,15,14,14,6,6
LARKIN COMMUNITY HOSPITAL,FL,ICM-owned,Persistent ADR Rate (HIGH) (2025),99.5%,ICM-owned,2025,202507,12,11,8,6,1
LARKIN COMMUNITY HOSPITAL,FL,ICM-owned,Persistent ADR Rate (HIGH) (2025),99.5%,ICM-owned,2025,202508,17,12,13,9,2
LARKIN COMMUNITY HOSPITAL,FL,ICM-owned,Persistent ADR Rate (HIGH) (2025),99.5%,ICM-owned,2025,202509,15,10,11,9,2
LARKIN COMMUNITY HOSPITAL,FL,ICM-owned,Persistent ADR Rate (HIGH) (2025),99.5%,ICM-owned,2025,202510,19,15,14,12,2
LARKIN COMMUNITY HOSPITAL,FL,ICM-owned,Persistent ADR Rate (HIGH) (2025),99.5%,ICM-owned,2025,202511,14,11,7,2,4
LARKIN COMMUNITY HOSPITAL,FL,ICM-owned,Persistent ADR Rate (HIGH) (2025),99.5%,ICM-owned,2025,202512,10,6,8,5,2
LARKIN COMMUNITY HOSPITAL,FL,ICM-owned,Persistent ADR Rate (HIGH) (2025),99.5%,ICM-owned,2026,202601,13,12,9,4,5
LARKIN COMMUNITY HOSPITAL,FL,ICM-owned,Persistent ADR Rate (HIGH) (2025),99.5%,ICM-owned,2026,202602,13,13,10,6,4
LARKIN COMMUNITY HOSPITAL,FL,ICM-owned,Persistent ADR Rate (HIGH) (2025),99.5%,ICM-owned,2026,202603,7,6,3,2,1
LARKIN COMMUNITY HOSPITAL,FL,ICM-owned,Persistent ADR Rate (HIGH) (2025),99.5%,ICM-owned,2026,202604,16,12,10,8,2
LARKIN COMMUNITY HOSPITAL,FL,ICM-owned,Persistent ADR Rate (HIGH) (2025),99.5%,ICM-owned,2026,202605,5,4,4,4,0
LARKIN COMMUNITY HOSPITAL,FL,ICM-owned,Persistent ADR Rate (HIGH) (2025),99.5%,ICM-owned,2026,202606,9,5,6,6,0
LARKIN COMMUNITY HOSPITAL,FL,ICM-owned,Persistent ADR Rate (HIGH) (2025),99.5%,Non-ICM,2025,202502,1,0,0,0,0
LARKIN COMMUNITY HOSPITAL,FL,ICM-owned,Persistent ADR Rate (HIGH) (2025),99.5%,Non-ICM,2025,202504,2,0,0,0,0
LARKIN COMMUNITY HOSPITAL,FL,ICM-owned,Persistent ADR Rate (HIGH) (2025),99.5%,Non-ICM,2025,202505,2,0,0,0,0
LARKIN COMMUNITY HOSPITAL,FL,ICM-owned,Persistent ADR Rate (HIGH) (2025),99.5%,Non-ICM,2025,202507,2,0,0,0,0
LARKIN COMMUNITY HOSPITAL,FL,ICM-owned,Persistent ADR Rate (HIGH) (2025),99.5%,Non-ICM,2025,202508,1,0,0,0,0
LARKIN COMMUNITY HOSPITAL,FL,ICM-owned,Persistent ADR Rate (HIGH) (2025),99.5%,Non-ICM,2025,202509,2,0,0,0,0
LARKIN COMMUNITY HOSPITAL,FL,ICM-owned,Persistent ADR Rate (HIGH) (2025),99.5%,Non-ICM,2025,202510,1,0,0,0,0
LARKIN COMMUNITY HOSPITAL,FL,ICM-owned,Persistent ADR Rate (HIGH) (2025),99.5%,Non-ICM,2025,202512,1,0,0,0,0
LARKIN COMMUNITY HOSPITAL,FL,ICM-owned,Persistent ADR Rate (HIGH) (2025),99.5%,Non-ICM,2026,202603,1,0,0,0,0
LARKIN COMMUNITY HOSPITAL,FL,ICM-owned,Persistent ADR Rate (HIGH) (2025),99.5%,Non-ICM,2026,202606,2,0,2,2,0
Nassau Health,NY,ICM-owned,Member Appeal Rate (HIGH) (2026),91.5%,ICM-owned,2025,202501,19,13,13,8,0
Nassau Health,NY,ICM-owned,Member Appeal Rate (HIGH) (2026),91.5%,ICM-owned,2025,202502,11,8,6,3,1
Nassau Health,NY,ICM-owned,Member Appeal Rate (HIGH) (2026),91.5%,ICM-owned,2025,202503,8,7,6,4,0
Nassau Health,NY,ICM-owned,Member Appeal Rate (HIGH) (2026),91.5%,ICM-owned,2025,202504,15,14,10,6,0
Nassau Health,NY,ICM-owned,Member Appeal Rate (HIGH) (2026),91.5%,ICM-owned,2025,202505,9,7,6,5,0
Nassau Health,NY,ICM-owned,Member Appeal Rate (HIGH) (2026),91.5%,ICM-owned,2025,202506,3,2,2,1,0
Nassau Health,NY,ICM-owned,Member Appeal Rate (HIGH) (2026),91.5%,ICM-owned,2025,202507,9,7,7,4,0
Nassau Health,NY,ICM-owned,Member Appeal Rate (HIGH) (2026),91.5%,ICM-owned,2025,202508,8,5,4,2,0
Nassau Health,NY,ICM-owned,Member Appeal Rate (HIGH) (2026),91.5%,ICM-owned,2025,202509,8,7,6,2,1
Nassau Health,NY,ICM-owned,Member Appeal Rate (HIGH) (2026),91.5%,ICM-owned,2025,202510,4,3,2,1,0
Nassau Health,NY,ICM-owned,Member Appeal Rate (HIGH) (2026),91.5%,ICM-owned,2025,202511,11,9,6,2,1
Nassau Health,NY,ICM-owned,Member Appeal Rate (HIGH) (2026),91.5%,ICM-owned,2025,202512,9,8,6,0,2
Nassau Health,NY,ICM-owned,Member Appeal Rate (HIGH) (2026),91.5%,ICM-owned,2026,202601,12,12,8,4,1
Nassau Health,NY,ICM-owned,Member Appeal Rate (HIGH) (2026),91.5%,ICM-owned,2026,202602,5,4,3,1,1
Nassau Health,NY,ICM-owned,Member Appeal Rate (HIGH) (2026),91.5%,ICM-owned,2026,202603,11,10,9,3,2
Nassau Health,NY,ICM-owned,Member Appeal Rate (HIGH) (2026),91.5%,ICM-owned,2026,202604,13,11,5,0,2
Nassau Health,NY,ICM-owned,Member Appeal Rate (HIGH) (2026),91.5%,ICM-owned,2026,202605,3,2,0,0,0
Nassau Health,NY,ICM-owned,Member Appeal Rate (HIGH) (2026),91.5%,ICM-owned,2026,202606,2,1,1,1,0
Nassau Health,NY,ICM-owned,Member Appeal Rate (HIGH) (2026),91.5%,Non-ICM,2025,202503,1,0,1,1,0
Nassau Health,NY,ICM-owned,Member Appeal Rate (HIGH) (2026),91.5%,Non-ICM,2025,202505,2,0,0,0,0
Nassau Health,NY,ICM-owned,Member Appeal Rate (HIGH) (2026),91.5%,Non-ICM,2025,202506,2,0,0,0,0
Nassau Health,NY,ICM-owned,Member Appeal Rate (HIGH) (2026),91.5%,Non-ICM,2025,202508,1,0,0,0,0
Nassau Health,NY,ICM-owned,Member Appeal Rate (HIGH) (2026),91.5%,Non-ICM,2025,202509,1,0,0,0,0
Nassau Health,NY,ICM-owned,Member Appeal Rate (HIGH) (2026),91.5%,Non-ICM,2025,202510,2,0,0,0,0
Nassau Health,NY,ICM-owned,Member Appeal Rate (HIGH) (2026),91.5%,Non-ICM,2025,202511,2,0,0,0,0
Nassau Health,NY,ICM-owned,Member Appeal Rate (HIGH) (2026),91.5%,Non-ICM,2025,202512,3,0,0,0,0
Nassau Health,NY,ICM-owned,Member Appeal Rate (HIGH) (2026),91.5%,Non-ICM,2026,202601,1,0,0,0,0
WESTCHESTER GENERAL HOSPITAL,FL,ICM-owned,Persistent ADR Rate (HIGH) (2025); Persistent ADR Rate (HIGH) (2026),100.0%; 100.0%,ICM-owned,2025,202501,7,4,5,1,0
WESTCHESTER GENERAL HOSPITAL,FL,ICM-owned,Persistent ADR Rate (HIGH) (2025); Persistent ADR Rate (HIGH) (2026),100.0%; 100.0%,ICM-owned,2025,202502,6,2,4,2,0
WESTCHESTER GENERAL HOSPITAL,FL,ICM-owned,Persistent ADR Rate (HIGH) (2025); Persistent ADR Rate (HIGH) (2026),100.0%; 100.0%,ICM-owned,2025,202503,9,3,4,2,0
WESTCHESTER GENERAL HOSPITAL,FL,ICM-owned,Persistent ADR Rate (HIGH) (2025); Persistent ADR Rate (HIGH) (2026),100.0%; 100.0%,ICM-owned,2025,202504,11,6,8,6,0
WESTCHESTER GENERAL HOSPITAL,FL,ICM-owned,Persistent ADR Rate (HIGH) (2025); Persistent ADR Rate (HIGH) (2026),100.0%; 100.0%,ICM-owned,2025,202505,11,7,7,3,2
WESTCHESTER GENERAL HOSPITAL,FL,ICM-owned,Persistent ADR Rate (HIGH) (2025); Persistent ADR Rate (HIGH) (2026),100.0%; 100.0%,ICM-owned,2025,202506,6,3,3,3,0
WESTCHESTER GENERAL HOSPITAL,FL,ICM-owned,Persistent ADR Rate (HIGH) (2025); Persistent ADR Rate (HIGH) (2026),100.0%; 100.0%,ICM-owned,2025,202507,14,12,10,5,2
WESTCHESTER GENERAL HOSPITAL,FL,ICM-owned,Persistent ADR Rate (HIGH) (2025); Persistent ADR Rate (HIGH) (2026),100.0%; 100.0%,ICM-owned,2025,202508,5,4,4,2,1
WESTCHESTER GENERAL HOSPITAL,FL,ICM-owned,Persistent ADR Rate (HIGH) (2025); Persistent ADR Rate (HIGH) (2026),100.0%; 100.0%,ICM-owned,2025,202509,8,6,7,7,0
WESTCHESTER GENERAL HOSPITAL,FL,ICM-owned,Persistent ADR Rate (HIGH) (2025); Persistent ADR Rate (HIGH) (2026),100.0%; 100.0%,ICM-owned,2025,202510,11,5,10,7,0
WESTCHESTER GENERAL HOSPITAL,FL,ICM-owned,Persistent ADR Rate (HIGH) (2025); Persistent ADR Rate (HIGH) (2026),100.0%; 100.0%,ICM-owned,2025,202511,11,7,6,5,0
WESTCHESTER GENERAL HOSPITAL,FL,ICM-owned,Persistent ADR Rate (HIGH) (2025); Persistent ADR Rate (HIGH) (2026),100.0%; 100.0%,ICM-owned,2025,202512,15,14,11,11,0
WESTCHESTER GENERAL HOSPITAL,FL,ICM-owned,Persistent ADR Rate (HIGH) (2025); Persistent ADR Rate (HIGH) (2026),100.0%; 100.0%,ICM-owned,2026,202601,7,4,4,4,0
WESTCHESTER GENERAL HOSPITAL,FL,ICM-owned,Persistent ADR Rate (HIGH) (2025); Persistent ADR Rate (HIGH) (2026),100.0%; 100.0%,ICM-owned,2026,202602,10,9,8,7,0
WESTCHESTER GENERAL HOSPITAL,FL,ICM-owned,Persistent ADR Rate (HIGH) (2025); Persistent ADR Rate (HIGH) (2026),100.0%; 100.0%,ICM-owned,2026,202603,10,3,10,8,0
WESTCHESTER GENERAL HOSPITAL,FL,ICM-owned,Persistent ADR Rate (HIGH) (2025); Persistent ADR Rate (HIGH) (2026),100.0%; 100.0%,ICM-owned,2026,202604,15,11,14,12,0
WESTCHESTER GENERAL HOSPITAL,FL,ICM-owned,Persistent ADR Rate (HIGH) (2025); Persistent ADR Rate (HIGH) (2026),100.0%; 100.0%,ICM-owned,2026,202605,9,7,6,6,0
WESTCHESTER GENERAL HOSPITAL,FL,ICM-owned,Persistent ADR Rate (HIGH) (2025); Persistent ADR Rate (HIGH) (2026),100.0%; 100.0%,ICM-owned,2026,202606,6,5,5,5,0
WESTCHESTER GENERAL HOSPITAL,FL,ICM-owned,Persistent ADR Rate (HIGH) (2025); Persistent ADR Rate (HIGH) (2026),100.0%; 100.0%,Non-ICM,2026,202606,1,1,0,0,0
Santa Clara Health System,CA-N,ICM-owned,Persistent ADR Rate (HIGH) (2026),97.5%,ICM-owned,2025,202501,2,0,0,0,0
Santa Clara Health System,CA-N,ICM-owned,Persistent ADR Rate (HIGH) (2026),97.5%,ICM-owned,2025,202502,1,1,1,1,0
Santa Clara Health System,CA-N,ICM-owned,Persistent ADR Rate (HIGH) (2026),97.5%,ICM-owned,2025,202503,3,1,0,0,0
Santa Clara Health System,CA-N,ICM-owned,Persistent ADR Rate (HIGH) (2026),97.5%,ICM-owned,2025,202504,4,2,2,1,0
Santa Clara Health System,CA-N,ICM-owned,Persistent ADR Rate (HIGH) (2026),97.5%,ICM-owned,2025,202505,3,2,0,0,0
Santa Clara Health System,CA-N,ICM-owned,Persistent ADR Rate (HIGH) (2026),97.5%,ICM-owned,2025,202506,2,2,1,1,0
Santa Clara Health System,CA-N,ICM-owned,Persistent ADR Rate (HIGH) (2026),97.5%,ICM-owned,2025,202507,13,10,7,6,0
Santa Clara Health System,CA-N,ICM-owned,Persistent ADR Rate (HIGH) (2026),97.5%,ICM-owned,2025,202508,8,7,2,2,0
Santa Clara Health System,CA-N,ICM-owned,Persistent ADR Rate (HIGH) (2026),97.5%,ICM-owned,2025,202509,6,4,1,1,0
Santa Clara Health System,CA-N,ICM-owned,Persistent ADR Rate (HIGH) (2026),97.5%,ICM-owned,2025,202510,5,2,1,1,0
Santa Clara Health System,CA-N,ICM-owned,Persistent ADR Rate (HIGH) (2026),97.5%,ICM-owned,2025,202511,2,1,0,0,0
Santa Clara Health System,CA-N,ICM-owned,Persistent ADR Rate (HIGH) (2026),97.5%,ICM-owned,2025,202512,6,3,1,1,0
Santa Clara Health System,CA-N,ICM-owned,Persistent ADR Rate (HIGH) (2026),97.5%,ICM-owned,2026,202601,6,6,5,4,1
Santa Clara Health System,CA-N,ICM-owned,Persistent ADR Rate (HIGH) (2026),97.5%,ICM-owned,2026,202602,6,6,4,4,0
Santa Clara Health System,CA-N,ICM-owned,Persistent ADR Rate (HIGH) (2026),97.5%,ICM-owned,2026,202603,12,10,9,8,1
Santa Clara Health System,CA-N,ICM-owned,Persistent ADR Rate (HIGH) (2026),97.5%,ICM-owned,2026,202604,8,7,6,6,0
Santa Clara Health System,CA-N,ICM-owned,Persistent ADR Rate (HIGH) (2026),97.5%,ICM-owned,2026,202605,5,5,3,3,0
Santa Clara Health System,CA-N,ICM-owned,Persistent ADR Rate (HIGH) (2026),97.5%,ICM-owned,2026,202606,1,1,0,0,0
Santa Clara Health System,CA-N,ICM-owned,Persistent ADR Rate (HIGH) (2026),97.5%,Non-ICM,2025,202504,1,0,0,0,0
Santa Clara Health System,CA-N,ICM-owned,Persistent ADR Rate (HIGH) (2026),97.5%,Non-ICM,2025,202505,1,0,0,0,0
Santa Clara Health System,CA-N,ICM-owned,Persistent ADR Rate (HIGH) (2026),97.5%,Non-ICM,2025,202507,6,0,0,0,0
Santa Clara Health System,CA-N,ICM-owned,Persistent ADR Rate (HIGH) (2026),97.5%,Non-ICM,2025,202508,8,0,0,0,0
Santa Clara Health System,CA-N,ICM-owned,Persistent ADR Rate (HIGH) (2026),97.5%,Non-ICM,2025,202509,6,0,0,0,0
Santa Clara Health System,CA-N,ICM-owned,Persistent ADR Rate (HIGH) (2026),97.5%,Non-ICM,2025,202510,5,0,0,0,0
Santa Clara Health System,CA-N,ICM-owned,Persistent ADR Rate (HIGH) (2026),97.5%,Non-ICM,2025,202511,6,0,0,0,0
Santa Clara Health System,CA-N,ICM-owned,Persistent ADR Rate (HIGH) (2026),97.5%,Non-ICM,2025,202512,4,0,0,0,0
Santa Clara Health System,CA-N,ICM-owned,Persistent ADR Rate (HIGH) (2026),97.5%,Non-ICM,2026,202602,3,0,0,0,0
Santa Clara Health System,CA-N,ICM-owned,Persistent ADR Rate (HIGH) (2026),97.5%,Non-ICM,2026,202603,4,0,0,0,0
Santa Clara Health System,CA-N,ICM-owned,Persistent ADR Rate (HIGH) (2026),97.5%,Non-ICM,2026,202604,6,0,0,0,0
Santa Clara Health System,CA-N,ICM-owned,Persistent ADR Rate (HIGH) (2026),97.5%,Non-ICM,2026,202605,3,0,0,0,0
Santa Clara Health System,CA-N,ICM-owned,Persistent ADR Rate (HIGH) (2026),97.5%,Non-ICM,2026,202606,3,0,0,0,0
PHC-FT MOHAVE,AZ,ICM-owned,Initial ADR Rate (HIGH) (2025),96.5%,ICM-owned,2025,202501,5,5,4,1,1
PHC-FT MOHAVE,AZ,ICM-owned,Initial ADR Rate (HIGH) (2025),96.5%,ICM-owned,2025,202502,10,7,8,6,0
PHC-FT MOHAVE,AZ,ICM-owned,Initial ADR Rate (HIGH) (2025),96.5%,ICM-owned,2025,202503,12,11,8,6,0
PHC-FT MOHAVE,AZ,ICM-owned,Initial ADR Rate (HIGH) (2025),96.5%,ICM-owned,2025,202504,10,3,8,5,0
PHC-FT MOHAVE,AZ,ICM-owned,Initial ADR Rate (HIGH) (2025),96.5%,ICM-owned,2025,202505,6,3,5,0,2
PHC-FT MOHAVE,AZ,ICM-owned,Initial ADR Rate (HIGH) (2025),96.5%,ICM-owned,2025,202506,9,5,7,4,0
PHC-FT MOHAVE,AZ,ICM-owned,Initial ADR Rate (HIGH) (2025),96.5%,ICM-owned,2025,202507,7,3,7,4,0
PHC-FT MOHAVE,AZ,ICM-owned,Initial ADR Rate (HIGH) (2025),96.5%,ICM-owned,2025,202508,7,2,6,0,0
PHC-FT MOHAVE,AZ,ICM-owned,Initial ADR Rate (HIGH) (2025),96.5%,ICM-owned,2025,202509,5,5,1,0,1
PHC-FT MOHAVE,AZ,ICM-owned,Initial ADR Rate (HIGH) (2025),96.5%,ICM-owned,2025,202510,3,3,2,2,0
PHC-FT MOHAVE,AZ,ICM-owned,Initial ADR Rate (HIGH) (2025),96.5%,ICM-owned,2025,202511,3,3,0,0,0
PHC-FT MOHAVE,AZ,ICM-owned,Initial ADR Rate (HIGH) (2025),96.5%,ICM-owned,2025,202512,6,4,1,1,0
PHC-FT MOHAVE,AZ,ICM-owned,Initial ADR Rate (HIGH) (2025),96.5%,ICM-owned,2026,202601,7,7,3,1,2
PHC-FT MOHAVE,AZ,ICM-owned,Initial ADR Rate (HIGH) (2025),96.5%,ICM-owned,2026,202602,9,8,3,0,3
PHC-FT MOHAVE,AZ,ICM-owned,Initial ADR Rate (HIGH) (2025),96.5%,ICM-owned,2026,202603,1,0,0,0,0
PHC-FT MOHAVE,AZ,ICM-owned,Initial ADR Rate (HIGH) (2025),96.5%,ICM-owned,2026,202604,4,4,0,0,0
PHC-FT MOHAVE,AZ,ICM-owned,Initial ADR Rate (HIGH) (2025),96.5%,ICM-owned,2026,202605,7,5,2,1,0
PHC-FT MOHAVE,AZ,ICM-owned,Initial ADR Rate (HIGH) (2025),96.5%,ICM-owned,2026,202606,3,3,2,2,0
PHC-FT MOHAVE,AZ,ICM-owned,Initial ADR Rate (HIGH) (2025),96.5%,Non-ICM,2025,202502,1,0,0,0,0
PHC-FT MOHAVE,AZ,ICM-owned,Initial ADR Rate (HIGH) (2025),96.5%,Non-ICM,2025,202507,1,0,0,0,0
PHC-FT MOHAVE,AZ,ICM-owned,Initial ADR Rate (HIGH) (2025),96.5%,Non-ICM,2025,202508,1,0,0,0,0
PHC-FT MOHAVE,AZ,ICM-owned,Initial ADR Rate (HIGH) (2025),96.5%,Non-ICM,2026,202601,2,0,0,0,0
PHC-FT MOHAVE,AZ,ICM-owned,Initial ADR Rate (HIGH) (2025),96.5%,Non-ICM,2026,202603,1,0,0,0,0
HAMPTON REGIONAL MED CTR,SC,ICM-owned,P2P Overturn Rate (HIGH) (2025),56.0%,ICM-owned,2025,202501,7,3,0,0,0
HAMPTON REGIONAL MED CTR,SC,ICM-owned,P2P Overturn Rate (HIGH) (2025),56.0%,ICM-owned,2025,202502,6,5,1,0,1
HAMPTON REGIONAL MED CTR,SC,ICM-owned,P2P Overturn Rate (HIGH) (2025),56.0%,ICM-owned,2025,202503,2,2,0,0,0
HAMPTON REGIONAL MED CTR,SC,ICM-owned,P2P Overturn Rate (HIGH) (2025),56.0%,ICM-owned,2025,202504,6,4,2,0,2
HAMPTON REGIONAL MED CTR,SC,ICM-owned,P2P Overturn Rate (HIGH) (2025),56.0%,ICM-owned,2025,202505,6,5,2,0,2
HAMPTON REGIONAL MED CTR,SC,ICM-owned,P2P Overturn Rate (HIGH) (2025),56.0%,ICM-owned,2025,202506,12,9,3,0,3
HAMPTON REGIONAL MED CTR,SC,ICM-owned,P2P Overturn Rate (HIGH) (2025),56.0%,ICM-owned,2025,202507,6,4,0,0,0
HAMPTON REGIONAL MED CTR,SC,ICM-owned,P2P Overturn Rate (HIGH) (2025),56.0%,ICM-owned,2025,202508,8,5,1,0,1
HAMPTON REGIONAL MED CTR,SC,ICM-owned,P2P Overturn Rate (HIGH) (2025),56.0%,ICM-owned,2025,202509,4,2,1,0,1
HAMPTON REGIONAL MED CTR,SC,ICM-owned,P2P Overturn Rate (HIGH) (2025),56.0%,ICM-owned,2025,202510,6,4,0,0,0
HAMPTON REGIONAL MED CTR,SC,ICM-owned,P2P Overturn Rate (HIGH) (2025),56.0%,ICM-owned,2025,202511,5,3,0,0,0
HAMPTON REGIONAL MED CTR,SC,ICM-owned,P2P Overturn Rate (HIGH) (2025),56.0%,ICM-owned,2025,202512,3,3,2,0,2
HAMPTON REGIONAL MED CTR,SC,ICM-owned,P2P Overturn Rate (HIGH) (2025),56.0%,ICM-owned,2026,202601,4,3,2,0,2
HAMPTON REGIONAL MED CTR,SC,ICM-owned,P2P Overturn Rate (HIGH) (2025),56.0%,ICM-owned,2026,202602,4,4,1,0,1
HAMPTON REGIONAL MED CTR,SC,ICM-owned,P2P Overturn Rate (HIGH) (2025),56.0%,ICM-owned,2026,202603,3,3,2,0,2
HAMPTON REGIONAL MED CTR,SC,ICM-owned,P2P Overturn Rate (HIGH) (2025),56.0%,ICM-owned,2026,202604,3,1,0,0,0
HAMPTON REGIONAL MED CTR,SC,ICM-owned,P2P Overturn Rate (HIGH) (2025),56.0%,ICM-owned,2026,202605,6,4,1,0,1
HAMPTON REGIONAL MED CTR,SC,ICM-owned,P2P Overturn Rate (HIGH) (2025),56.0%,ICM-owned,2026,202606,7,6,2,1,1
"KPC Healthcare, INC",CA-S,ICM-owned,Persistent ADR Rate (HIGH) (2025),61.0%,ICM-owned,2025,202501,2,1,2,2,0
"KPC Healthcare, INC",CA-S,ICM-owned,Persistent ADR Rate (HIGH) (2025),61.0%,ICM-owned,2025,202502,3,2,2,2,0
"KPC Healthcare, INC",CA-S,ICM-owned,Persistent ADR Rate (HIGH) (2025),61.0%,ICM-owned,2025,202503,3,1,1,1,0
"KPC Healthcare, INC",CA-S,ICM-owned,Persistent ADR Rate (HIGH) (2025),61.0%,ICM-owned,2025,202504,3,3,2,2,0
"KPC Healthcare, INC",CA-S,ICM-owned,Persistent ADR Rate (HIGH) (2025),61.0%,ICM-owned,2025,202505,1,1,0,0,0
"KPC Healthcare, INC",CA-S,ICM-owned,Persistent ADR Rate (HIGH) (2025),61.0%,ICM-owned,2025,202507,3,3,1,1,0
"KPC Healthcare, INC",CA-S,ICM-owned,Persistent ADR Rate (HIGH) (2025),61.0%,ICM-owned,2025,202508,12,11,8,5,0
"KPC Healthcare, INC",CA-S,ICM-owned,Persistent ADR Rate (HIGH) (2025),61.0%,ICM-owned,2025,202509,3,3,3,3,0
"KPC Healthcare, INC",CA-S,ICM-owned,Persistent ADR Rate (HIGH) (2025),61.0%,ICM-owned,2025,202510,7,7,5,4,0
"KPC Healthcare, INC",CA-S,ICM-owned,Persistent ADR Rate (HIGH) (2025),61.0%,ICM-owned,2025,202511,4,4,1,1,0
"KPC Healthcare, INC",CA-S,ICM-owned,Persistent ADR Rate (HIGH) (2025),61.0%,ICM-owned,2025,202512,5,4,2,1,0
"KPC Healthcare, INC",CA-S,ICM-owned,Persistent ADR Rate (HIGH) (2025),61.0%,ICM-owned,2026,202601,3,3,2,2,0
"KPC Healthcare, INC",CA-S,ICM-owned,Persistent ADR Rate (HIGH) (2025),61.0%,ICM-owned,2026,202602,2,2,1,0,0
"KPC Healthcare, INC",CA-S,ICM-owned,Persistent ADR Rate (HIGH) (2025),61.0%,ICM-owned,2026,202603,1,1,0,0,0
"KPC Healthcare, INC",CA-S,ICM-owned,Persistent ADR Rate (HIGH) (2025),61.0%,ICM-owned,2026,202604,3,3,2,2,0
"KPC Healthcare, INC",CA-S,ICM-owned,Persistent ADR Rate (HIGH) (2025),61.0%,ICM-owned,2026,202605,4,3,1,1,0
"KPC Healthcare, INC",CA-S,ICM-owned,Persistent ADR Rate (HIGH) (2025),61.0%,Non-ICM,2025,202501,5,0,0,0,0
"KPC Healthcare, INC",CA-S,ICM-owned,Persistent ADR Rate (HIGH) (2025),61.0%,Non-ICM,2025,202502,2,0,0,0,0
"KPC Healthcare, INC",CA-S,ICM-owned,Persistent ADR Rate (HIGH) (2025),61.0%,Non-ICM,2025,202503,3,0,0,0,0
"KPC Healthcare, INC",CA-S,ICM-owned,Persistent ADR Rate (HIGH) (2025),61.0%,Non-ICM,2025,202504,2,0,0,0,0
"KPC Healthcare, INC",CA-S,ICM-owned,Persistent ADR Rate (HIGH) (2025),61.0%,Non-ICM,2025,202505,5,0,0,0,0
"KPC Healthcare, INC",CA-S,ICM-owned,Persistent ADR Rate (HIGH) (2025),61.0%,Non-ICM,2025,202506,3,0,0,0,0
"KPC Healthcare, INC",CA-S,ICM-owned,Persistent ADR Rate (HIGH) (2025),61.0%,Non-ICM,2025,202507,2,0,0,0,0
"KPC Healthcare, INC",CA-S,ICM-owned,Persistent ADR Rate (HIGH) (2025),61.0%,Non-ICM,2025,202512,1,0,0,0,0
"KPC Healthcare, INC",CA-S,ICM-owned,Persistent ADR Rate (HIGH) (2025),61.0%,Non-ICM,2026,202601,3,0,1,2,0
"KPC Healthcare, INC",CA-S,ICM-owned,Persistent ADR Rate (HIGH) (2025),61.0%,Non-ICM,2026,202602,6,0,0,0,0
"KPC Healthcare, INC",CA-S,ICM-owned,Persistent ADR Rate (HIGH) (2025),61.0%,Non-ICM,2026,202603,2,0,0,0,0
"KPC Healthcare, INC",CA-S,ICM-owned,Persistent ADR Rate (HIGH) (2025),61.0%,Non-ICM,2026,202604,2,0,0,0,0
"KPC Healthcare, INC",CA-S,ICM-owned,Persistent ADR Rate (HIGH) (2025),61.0%,Non-ICM,2026,202605,3,0,0,0,0
NJMHMC,NJ,ICM-owned,MD Escalation Rate (LOW) (2025),100.0%,ICM-owned,2025,202501,5,1,3,2,0
NJMHMC,NJ,ICM-owned,MD Escalation Rate (LOW) (2025),100.0%,ICM-owned,2025,202502,3,1,2,0,1
NJMHMC,NJ,ICM-owned,MD Escalation Rate (LOW) (2025),100.0%,ICM-owned,2025,202503,6,1,6,3,1
NJMHMC,NJ,ICM-owned,MD Escalation Rate (LOW) (2025),100.0%,ICM-owned,2025,202504,4,2,3,2,1
NJMHMC,NJ,ICM-owned,MD Escalation Rate (LOW) (2025),100.0%,ICM-owned,2025,202505,3,2,3,0,2
NJMHMC,NJ,ICM-owned,MD Escalation Rate (LOW) (2025),100.0%,ICM-owned,2025,202506,4,0,4,4,0
NJMHMC,NJ,ICM-owned,MD Escalation Rate (LOW) (2025),100.0%,ICM-owned,2025,202507,4,0,2,2,0
NJMHMC,NJ,ICM-owned,MD Escalation Rate (LOW) (2025),100.0%,ICM-owned,2025,202509,4,0,3,1,0
NJMHMC,NJ,ICM-owned,MD Escalation Rate (LOW) (2025),100.0%,ICM-owned,2025,202510,7,6,4,1,2
NJMHMC,NJ,ICM-owned,MD Escalation Rate (LOW) (2025),100.0%,ICM-owned,2025,202511,4,3,3,2,1
NJMHMC,NJ,ICM-owned,MD Escalation Rate (LOW) (2025),100.0%,ICM-owned,2025,202512,5,4,4,4,0
NJMHMC,NJ,ICM-owned,MD Escalation Rate (LOW) (2025),100.0%,ICM-owned,2026,202601,5,3,5,3,0
NJMHMC,NJ,ICM-owned,MD Escalation Rate (LOW) (2025),100.0%,ICM-owned,2026,202602,8,6,6,4,1
NJMHMC,NJ,ICM-owned,MD Escalation Rate (LOW) (2025),100.0%,ICM-owned,2026,202603,7,4,1,1,0
NJMHMC,NJ,ICM-owned,MD Escalation Rate (LOW) (2025),100.0%,ICM-owned,2026,202604,1,1,1,1,0
NJMHMC,NJ,ICM-owned,MD Escalation Rate (LOW) (2025),100.0%,ICM-owned,2026,202605,5,4,5,3,2
NJMHMC,NJ,ICM-owned,MD Escalation Rate (LOW) (2025),100.0%,ICM-owned,2026,202606,4,3,3,2,1
NJMHMC,NJ,ICM-owned,MD Escalation Rate (LOW) (2025),100.0%,Non-ICM,2025,202501,1,0,0,0,0
NJMHMC,NJ,ICM-owned,MD Escalation Rate (LOW) (2025),100.0%,Non-ICM,2025,202503,1,0,0,0,0
NJMHMC,NJ,ICM-owned,MD Escalation Rate (LOW) (2025),100.0%,Non-ICM,2026,202604,1,0,0,0,0
Alta Hospital System (Prospect Holdings),CA-S,ICM-owned,Initial ADR Rate (HIGH) (2025),97.5%,ICM-owned,2025,202501,7,5,6,3,0
Alta Hospital System (Prospect Holdings),CA-S,ICM-owned,Initial ADR Rate (HIGH) (2025),97.5%,ICM-owned,2025,202502,2,1,1,0,0
Alta Hospital System (Prospect Holdings),CA-S,ICM-owned,Initial ADR Rate (HIGH) (2025),97.5%,ICM-owned,2025,202503,2,2,2,0,0
Alta Hospital System (Prospect Holdings),CA-S,ICM-owned,Initial ADR Rate (HIGH) (2025),97.5%,ICM-owned,2025,202504,2,2,1,1,0
Alta Hospital System (Prospect Holdings),CA-S,ICM-owned,Initial ADR Rate (HIGH) (2025),97.5%,ICM-owned,2025,202505,2,2,1,0,0
Alta Hospital System (Prospect Holdings),CA-S,ICM-owned,Initial ADR Rate (HIGH) (2025),97.5%,ICM-owned,2025,202506,7,6,6,4,0
Alta Hospital System (Prospect Holdings),CA-S,ICM-owned,Initial ADR Rate (HIGH) (2025),97.5%,ICM-owned,2025,202507,5,4,4,0,0
Alta Hospital System (Prospect Holdings),CA-S,ICM-owned,Initial ADR Rate (HIGH) (2025),97.5%,ICM-owned,2025,202508,5,5,4,2,0
Alta Hospital System (Prospect Holdings),CA-S,ICM-owned,Initial ADR Rate (HIGH) (2025),97.5%,ICM-owned,2025,202509,2,2,2,2,0
Alta Hospital System (Prospect Holdings),CA-S,ICM-owned,Initial ADR Rate (HIGH) (2025),97.5%,ICM-owned,2025,202510,5,3,3,2,0
Alta Hospital System (Prospect Holdings),CA-S,ICM-owned,Initial ADR Rate (HIGH) (2025),97.5%,ICM-owned,2025,202512,2,2,2,2,0
Alta Hospital System (Prospect Holdings),CA-S,ICM-owned,Initial ADR Rate (HIGH) (2025),97.5%,ICM-owned,2026,202601,2,2,1,0,0
Alta Hospital System (Prospect Holdings),CA-S,ICM-owned,Initial ADR Rate (HIGH) (2025),97.5%,ICM-owned,2026,202602,2,2,1,1,0
Alta Hospital System (Prospect Holdings),CA-S,ICM-owned,Initial ADR Rate (HIGH) (2025),97.5%,ICM-owned,2026,202603,3,3,2,2,0
Alta Hospital System (Prospect Holdings),CA-S,ICM-owned,Initial ADR Rate (HIGH) (2025),97.5%,ICM-owned,2026,202604,3,1,3,3,0
Alta Hospital System (Prospect Holdings),CA-S,ICM-owned,Initial ADR Rate (HIGH) (2025),97.5%,ICM-owned,2026,202605,4,1,4,4,0
Alta Hospital System (Prospect Holdings),CA-S,ICM-owned,Initial ADR Rate (HIGH) (2025),97.5%,Non-ICM,2025,202503,2,0,1,1,0
Alta Hospital System (Prospect Holdings),CA-S,ICM-owned,Initial ADR Rate (HIGH) (2025),97.5%,Non-ICM,2025,202505,1,0,0,0,0
Alta Hospital System (Prospect Holdings),CA-S,ICM-owned,Initial ADR Rate (HIGH) (2025),97.5%,Non-ICM,2025,202506,1,0,0,0,0
Alta Hospital System (Prospect Holdings),CA-S,ICM-owned,Initial ADR Rate (HIGH) (2025),97.5%,Non-ICM,2025,202508,1,0,0,0,0
Alta Hospital System (Prospect Holdings),CA-S,ICM-owned,Initial ADR Rate (HIGH) (2025),97.5%,Non-ICM,2026,202603,1,0,0,0,0
Alta Hospital System (Prospect Holdings),CA-S,ICM-owned,Initial ADR Rate (HIGH) (2025),97.5%,Non-ICM,2026,202604,1,0,0,0,0
Alta Hospital System (Prospect Holdings),CA-S,ICM-owned,Initial ADR Rate (HIGH) (2025),97.5%,Non-ICM,2026,202605,2,0,0,0,0
LORETTO HOSPITAL,IL,ICM-owned,Persistent ADR Rate (HIGH) (2025),95.0%,ICM-owned,2025,202501,3,3,1,1,0
LORETTO HOSPITAL,IL,ICM-owned,Persistent ADR Rate (HIGH) (2025),95.0%,ICM-owned,2025,202502,2,1,2,2,0
LORETTO HOSPITAL,IL,ICM-owned,Persistent ADR Rate (HIGH) (2025),95.0%,ICM-owned,2025,202503,3,3,2,1,1
LORETTO HOSPITAL,IL,ICM-owned,Persistent ADR Rate (HIGH) (2025),95.0%,ICM-owned,2025,202504,4,4,4,3,1
LORETTO HOSPITAL,IL,ICM-owned,Persistent ADR Rate (HIGH) (2025),95.0%,ICM-owned,2025,202505,2,2,2,2,0
LORETTO HOSPITAL,IL,ICM-owned,Persistent ADR Rate (HIGH) (2025),95.0%,ICM-owned,2025,202506,3,2,2,1,0
LORETTO HOSPITAL,IL,ICM-owned,Persistent ADR Rate (HIGH) (2025),95.0%,ICM-owned,2025,202507,3,3,2,2,0
LORETTO HOSPITAL,IL,ICM-owned,Persistent ADR Rate (HIGH) (2025),95.0%,ICM-owned,2025,202508,5,3,4,4,0
LORETTO HOSPITAL,IL,ICM-owned,Persistent ADR Rate (HIGH) (2025),95.0%,ICM-owned,2025,202509,3,1,1,1,0
LORETTO HOSPITAL,IL,ICM-owned,Persistent ADR Rate (HIGH) (2025),95.0%,ICM-owned,2025,202510,1,1,0,0,0
LORETTO HOSPITAL,IL,ICM-owned,Persistent ADR Rate (HIGH) (2025),95.0%,ICM-owned,2025,202512,2,2,1,0,1
LORETTO HOSPITAL,IL,ICM-owned,Persistent ADR Rate (HIGH) (2025),95.0%,ICM-owned,2026,202601,9,7,8,4,3
LORETTO HOSPITAL,IL,ICM-owned,Persistent ADR Rate (HIGH) (2025),95.0%,ICM-owned,2026,202602,6,6,3,3,0
LORETTO HOSPITAL,IL,ICM-owned,Persistent ADR Rate (HIGH) (2025),95.0%,ICM-owned,2026,202603,5,5,3,2,1
LORETTO HOSPITAL,IL,ICM-owned,Persistent ADR Rate (HIGH) (2025),95.0%,ICM-owned,2026,202604,4,4,4,4,0
LORETTO HOSPITAL,IL,ICM-owned,Persistent ADR Rate (HIGH) (2025),95.0%,ICM-owned,2026,202605,5,3,4,4,0
LORETTO HOSPITAL,IL,ICM-owned,Persistent ADR Rate (HIGH) (2025),95.0%,ICM-owned,2026,202606,3,3,2,2,0
HCA INC,CO,Non-ICM,Persistent ADR Rate (HIGH) (2025),56.5%,ICM-owned,2025,202501,354,213,127,81,36
HCA INC,CO,Non-ICM,Persistent ADR Rate (HIGH) (2025),56.5%,ICM-owned,2025,202502,324,192,107,66,33
HCA INC,CO,Non-ICM,Persistent ADR Rate (HIGH) (2025),56.5%,ICM-owned,2025,202503,374,242,127,81,42
HCA INC,CO,Non-ICM,Persistent ADR Rate (HIGH) (2025),56.5%,ICM-owned,2025,202504,309,228,135,71,58
HCA INC,CO,Non-ICM,Persistent ADR Rate (HIGH) (2025),56.5%,ICM-owned,2025,202505,337,235,141,99,39
HCA INC,CO,Non-ICM,Persistent ADR Rate (HIGH) (2025),56.5%,ICM-owned,2025,202506,291,203,111,64,43
HCA INC,CO,Non-ICM,Persistent ADR Rate (HIGH) (2025),56.5%,ICM-owned,2025,202507,307,228,133,91,35
HCA INC,CO,Non-ICM,Persistent ADR Rate (HIGH) (2025),56.5%,ICM-owned,2025,202508,337,241,140,79,45
HCA INC,CO,Non-ICM,Persistent ADR Rate (HIGH) (2025),56.5%,ICM-owned,2025,202509,295,223,113,68,34
HCA INC,CO,Non-ICM,Persistent ADR Rate (HIGH) (2025),56.5%,ICM-owned,2025,202510,315,236,138,80,48
HCA INC,CO,Non-ICM,Persistent ADR Rate (HIGH) (2025),56.5%,ICM-owned,2025,202511,315,230,123,75,43
HCA INC,CO,Non-ICM,Persistent ADR Rate (HIGH) (2025),56.5%,ICM-owned,2025,202512,395,295,133,83,46
HCA INC,CO,Non-ICM,Persistent ADR Rate (HIGH) (2025),56.5%,ICM-owned,2026,202601,326,253,120,64,45
HCA INC,CO,Non-ICM,Persistent ADR Rate (HIGH) (2025),56.5%,ICM-owned,2026,202602,291,220,109,65,39
HCA INC,CO,Non-ICM,Persistent ADR Rate (HIGH) (2025),56.5%,ICM-owned,2026,202603,364,293,153,94,40
HCA INC,CO,Non-ICM,Persistent ADR Rate (HIGH) (2025),56.5%,ICM-owned,2026,202604,325,273,140,90,37
HCA INC,CO,Non-ICM,Persistent ADR Rate (HIGH) (2025),56.5%,ICM-owned,2026,202605,345,288,139,78,48
HCA INC,CO,Non-ICM,Persistent ADR Rate (HIGH) (2025),56.5%,ICM-owned,2026,202606,231,189,72,43,23
HCA INC,CO,Non-ICM,Persistent ADR Rate (HIGH) (2025),56.5%,Non-ICM,2025,202501,240,0,8,16,0
HCA INC,CO,Non-ICM,Persistent ADR Rate (HIGH) (2025),56.5%,Non-ICM,2025,202502,175,0,15,18,0
HCA INC,CO,Non-ICM,Persistent ADR Rate (HIGH) (2025),56.5%,Non-ICM,2025,202503,188,0,16,21,0
HCA INC,CO,Non-ICM,Persistent ADR Rate (HIGH) (2025),56.5%,Non-ICM,2025,202504,223,0,29,37,0
HCA INC,CO,Non-ICM,Persistent ADR Rate (HIGH) (2025),56.5%,Non-ICM,2025,202505,145,0,13,19,0
HCA INC,CO,Non-ICM,Persistent ADR Rate (HIGH) (2025),56.5%,Non-ICM,2025,202506,167,0,16,23,0
HCA INC,CO,Non-ICM,Persistent ADR Rate (HIGH) (2025),56.5%,Non-ICM,2025,202507,174,0,9,18,0
HCA INC,CO,Non-ICM,Persistent ADR Rate (HIGH) (2025),56.5%,Non-ICM,2025,202508,163,0,7,15,0
HCA INC,CO,Non-ICM,Persistent ADR Rate (HIGH) (2025),56.5%,Non-ICM,2025,202509,185,0,9,10,0
HCA INC,CO,Non-ICM,Persistent ADR Rate (HIGH) (2025),56.5%,Non-ICM,2025,202510,147,0,15,18,0
HCA INC,CO,Non-ICM,Persistent ADR Rate (HIGH) (2025),56.5%,Non-ICM,2025,202511,158,0,19,25,0
HCA INC,CO,Non-ICM,Persistent ADR Rate (HIGH) (2025),56.5%,Non-ICM,2025,202512,155,0,14,15,0
HCA INC,CO,Non-ICM,Persistent ADR Rate (HIGH) (2025),56.5%,Non-ICM,2026,202601,145,0,12,14,0
HCA INC,CO,Non-ICM,Persistent ADR Rate (HIGH) (2025),56.5%,Non-ICM,2026,202602,120,0,3,6,0
HCA INC,CO,Non-ICM,Persistent ADR Rate (HIGH) (2025),56.5%,Non-ICM,2026,202603,151,0,13,16,0
HCA INC,CO,Non-ICM,Persistent ADR Rate (HIGH) (2025),56.5%,Non-ICM,2026,202604,144,0,19,20,0
HCA INC,CO,Non-ICM,Persistent ADR Rate (HIGH) (2025),56.5%,Non-ICM,2026,202605,152,0,26,27,0
HCA INC,CO,Non-ICM,Persistent ADR Rate (HIGH) (2025),56.5%,Non-ICM,2026,202606,77,0,5,6,0
HCA INC,CO,Non-ICM,Persistent ADR Rate (HIGH) (2025),56.5%,,2026,202606,30,0,2,2,0
